network_id,network_name,city,country,station_id,station_name,latitude,longitude,free_bikes,empty_slots,total_slots,timestamp,extracted_at
citi-bike-nyc,Citi Bike,"New York, NY",US,0007398f39bd26118c9fdfd5197ccada,Chester Ave & 12 Ave,40.644367,-73.984276,12,6,18,2026-02-17 14:02:31.968258,2026-02-17 14:02:31.968261
citi-bike-nyc,Citi Bike,"New York, NY",US,0096a3255aa8247f5a60322c9173d420,W 56 St & 8 Ave,40.765959181657976,-73.98313522338867,2,33,35,2026-02-17 14:02:31.968264,2026-02-17 14:02:31.968265
citi-bike-nyc,Citi Bike,"New York, NY",US,009750d7dc4dec3f0fc06547e41ba3a8,S Portland Ave & Hanson Pl,40.68539567,-73.97431458,7,11,18,2026-02-17 14:02:31.968267,2026-02-17 14:02:31.968269
citi-bike-nyc,Citi Bike,"New York, NY",US,00b598603e95ff6cd619487b42e1b87c,E 78 St & 2 Ave,40.7727966,-73.95577801,1,20,21,2026-02-17 14:02:31.968270,2026-02-17 14:02:31.968271
citi-bike-nyc,Citi Bike,"New York, NY",US,00c998e78f71ad6b1a865fb2906d4326,87 St & Roosevelt Ave,40.74825,-73.87936,5,17,22,2026-02-17 14:02:31.968273,2026-02-17 14:02:31.968274
citi-bike-nyc,Citi Bike,"New York, NY",US,00f0ea447a1af60aa053a510d944e623,E 157 St & River Ave,40.825737,-73.927311,5,12,17,2026-02-17 14:02:31.968279,2026-02-17 14:02:31.968280
citi-bike-nyc,Citi Bike,"New York, NY",US,00f703e13e3bb5f7d5f2516656495d1f,E 17 St & Broadway,40.737006,-73.990134,72,0,72,2026-02-17 14:02:31.968282,2026-02-17 14:02:31.968283
citi-bike-nyc,Citi Bike,"New York, NY",US,010f92292461543f36314829cb02afac,Central Ave & Flushing Ave,40.702831,-73.9333,16,4,20,2026-02-17 14:02:31.968284,2026-02-17 14:02:31.968285
citi-bike-nyc,Citi Bike,"New York, NY",US,01505c113b8e95794b92a3f2228a15cb,Colonial Rd & 71 St,40.63537,-74.03202,10,1,11,2026-02-17 14:02:31.968287,2026-02-17 14:02:31.968288
citi-bike-nyc,Citi Bike,"New York, NY",US,015f8c90cb9c0e8ebb1f11e4aeeaaa87,E 149 St & Eagle Ave,40.814046,-73.91186,11,6,17,2026-02-17 14:02:31.968289,2026-02-17 14:02:31.968290
citi-bike-nyc,Citi Bike,"New York, NY",US,016e6bded5e3d261c6fd60f3e8f47e71,E 165 St & Jerome Ave,40.83263,-73.925101,8,10,18,2026-02-17 14:02:31.968292,2026-02-17 14:02:31.968293
citi-bike-nyc,Citi Bike,"New York, NY",US,017b3b8e28384f4e55952ee8851a5c71,72 St & 31 Ave,40.7584,-73.89531,18,0,18,2026-02-17 14:02:31.968294,2026-02-17 14:02:31.968295
citi-bike-nyc,Citi Bike,"New York, NY",US,0188562d712e5f073bb8d6fb97f44f61,Amity St & Court St,40.68841885589487,-73.9931417101234,10,20,30,2026-02-17 14:02:31.968297,2026-02-17 14:02:31.968298
citi-bike-nyc,Citi Bike,"New York, NY",US,019138717bf95dd491461a9e3a10c185,Irwin Ave & W 232 St,40.88227,-73.90809,8,0,8,2026-02-17 14:02:31.968299,2026-02-17 14:02:31.968300
citi-bike-nyc,Citi Bike,"New York, NY",US,019ba8bbabfd919a52719ed738b4b3f1,Nassau Ave & Russell St,40.72557,-73.94434,14,32,46,2026-02-17 14:02:31.968302,2026-02-17 14:02:31.968303
citi-bike-nyc,Citi Bike,"New York, NY",US,01a1ebd19f01201f4c4beca49158a75c,1 St & 6 Ave,40.672784,-73.979826,5,27,32,2026-02-17 14:02:31.968304,2026-02-17 14:02:31.968305
citi-bike-nyc,Citi Bike,"New York, NY",US,01b08d95d5980014234b0647fcce591a,Bulova Ave & Brooklyn Queens Expressway W,40.762507,-73.902534,9,8,17,2026-02-17 14:02:31.968307,2026-02-17 14:02:31.968308
citi-bike-nyc,Citi Bike,"New York, NY",US,01d0568b839cf2fe05281f0c91648ad3,45 St & 4 Ave,40.649145,-74.009486,5,18,23,2026-02-17 14:02:31.968309,2026-02-17 14:02:31.968310
citi-bike-nyc,Citi Bike,"New York, NY",US,01fd1b84c1d36f31e3fdabe864d9728d,Watts St & Greenwich St,40.72405549,-74.00965965,34,13,47,2026-02-17 14:02:31.968312,2026-02-17 14:02:31.968313
citi-bike-nyc,Citi Bike,"New York, NY",US,024003b114b28f42e4126d957d0fb865,Broadway & E 14 St,40.73454567,-73.99074142,102,0,102,2026-02-17 14:02:31.968314,2026-02-17 14:02:31.968315
citi-bike-nyc,Citi Bike,"New York, NY",US,0243a8e61a86e32894867c42ebd883e6,Harrison Pl & Porter Ave,40.70686,-73.92851,19,0,19,2026-02-17 14:02:31.968317,2026-02-17 14:02:31.968318
citi-bike-nyc,Citi Bike,"New York, NY",US,0247e4455157e703b2059b05e99b1583,W 87 St & West End Ave,40.789622,-73.97757,0,40,40,2026-02-17 14:02:31.968319,2026-02-17 14:02:31.968320
citi-bike-nyc,Citi Bike,"New York, NY",US,02797dd509e43c7c460ee990b7fa83a9,3 Ave & E 109 St,40.79338,-73.94329,4,18,22,2026-02-17 14:02:31.968322,2026-02-17 14:02:31.968323
citi-bike-nyc,Citi Bike,"New York, NY",US,0290168983efe2795972aada550fe5c9,3 Ave & 92 St,40.61946,-74.03261,6,0,6,2026-02-17 14:02:31.968324,2026-02-17 14:02:31.968325
citi-bike-nyc,Citi Bike,"New York, NY",US,02bf7e13e59999365fcd5ee33a58c319,Myrtle Ave & St Edwards St,40.69327018,-73.97703874,7,46,53,2026-02-17 14:02:31.968327,2026-02-17 14:02:31.968328
citi-bike-nyc,Citi Bike,"New York, NY",US,02c41dad36a8b93e2b1c99e55e460703,E 9 St & Ave C,40.72521311,-73.97768752,2,45,47,2026-02-17 14:02:31.968329,2026-02-17 14:02:31.968330
citi-bike-nyc,Citi Bike,"New York, NY",US,02e2c079a927c88fc457a1374d36df67,Marcy Ave & Gates Ave,40.686679,-73.947417,1,18,19,2026-02-17 14:02:31.968332,2026-02-17 14:02:31.968333
citi-bike-nyc,Citi Bike,"New York, NY",US,031bb2c346f58969d432ed5ddc0891f5,Beverley Rd & Flatbush Ave,40.64499,-73.95818,20,5,25,2026-02-17 14:02:31.968334,2026-02-17 14:02:31.968336
citi-bike-nyc,Citi Bike,"New York, NY",US,032adb4e82f406f3e04c4b40c2f43e96,Bergen St & Vanderbilt Ave,40.6794388,-73.9680438,8,14,22,2026-02-17 14:02:31.968337,2026-02-17 14:02:31.968338
citi-bike-nyc,Citi Bike,"New York, NY",US,0359e3baa47255485ec2eb5bf9418c1f,E 149 St & Park Ave,40.818154,-73.925294,18,7,25,2026-02-17 14:02:31.968340,2026-02-17 14:02:31.968341
citi-bike-nyc,Citi Bike,"New York, NY",US,037ce5b82294ef582b39ed70a863a9cd,Sheridan Ave & E 168 St,40.835334,-73.9154,0,19,19,2026-02-17 14:02:31.968342,2026-02-17 14:02:31.968343
citi-bike-nyc,Citi Bike,"New York, NY",US,0381679de56e56714ad19c68930d708b,Dyckman St & Henshaw St,40.867357,-73.92936,18,1,19,2026-02-17 14:02:31.968344,2026-02-17 14:02:31.968346
citi-bike-nyc,Citi Bike,"New York, NY",US,03a01504efc5cf418c8001828a179cf3,Hudson St & Reade St,40.71625008,-74.0091059,45,7,52,2026-02-17 14:02:31.968347,2026-02-17 14:02:31.968348
citi-bike-nyc,Citi Bike,"New York, NY",US,03a28341ce7760f95b2a2ca12f5cc994,E 106 St & 1 Ave,40.7892529,-73.93956237,3,23,26,2026-02-17 14:02:31.968350,2026-02-17 14:02:31.968351
citi-bike-nyc,Citi Bike,"New York, NY",US,03c16d01903ee987e6b47a522cd8bb73,E 1 St & Bowery,40.72486122254819,-73.99213135242462,33,4,37,2026-02-17 14:02:31.968352,2026-02-17 14:02:31.968353
citi-bike-nyc,Citi Bike,"New York, NY",US,03e019e9196565fff548088c8662200e,DeKalb Ave & Franklin Ave,40.69064807082943,-73.95746178925037,0,18,18,2026-02-17 14:02:31.968355,2026-02-17 14:02:31.968356
citi-bike-nyc,Citi Bike,"New York, NY",US,03f969f57a417050a6590ccb1770694a,Melrose Ave & E 150 St,40.816827,-73.917338,18,11,29,2026-02-17 14:02:31.968357,2026-02-17 14:02:31.968358
citi-bike-nyc,Citi Bike,"New York, NY",US,043c233c6f1b567de38ed1f83c23b69e,Botanical Sq & Webster Ave,40.86814,-73.88145,1,28,29,2026-02-17 14:02:31.968359,2026-02-17 14:02:31.968361
citi-bike-nyc,Citi Bike,"New York, NY",US,0444c7c8a330c1068c998053b9ad5ce6,E 23 St & 1 Ave,40.736502,-73.97809472,3,18,21,2026-02-17 14:02:31.968362,2026-02-17 14:02:31.968363
citi-bike-nyc,Citi Bike,"New York, NY",US,048a59cf72ba6908c588e3b25dc05ff4,Buchanan Pl & Grand Ave,40.85834,-73.90626,2,17,19,2026-02-17 14:02:31.968364,2026-02-17 14:02:31.968365
citi-bike-nyc,Citi Bike,"New York, NY",US,04f2605aedfbf521f9ee94c23162f3df,Flatbush Ave & Ocean Ave,40.663657,-73.963014,32,8,40,2026-02-17 14:02:31.968367,2026-02-17 14:02:31.968368
citi-bike-nyc,Citi Bike,"New York, NY",US,050b9e525a1ea63ab14bc33488311fc2,Halsey St & Evergreen Ave,40.68858,-73.91227,0,21,21,2026-02-17 14:02:31.968369,2026-02-17 14:02:31.968370
citi-bike-nyc,Citi Bike,"New York, NY",US,0549d72407dd6bd460a627c469a106d3,Southern Blvd & E 174 St,40.836733,-73.887931,3,24,27,2026-02-17 14:02:31.968372,2026-02-17 14:02:31.968373
citi-bike-nyc,Citi Bike,"New York, NY",US,0550a3831fe79a33fec2d9ae092b0498,Park Pl & Church St,40.71334184275907,-74.00935515761375,51,0,51,2026-02-17 14:02:31.968374,2026-02-17 14:02:31.968375
citi-bike-nyc,Citi Bike,"New York, NY",US,058ba0c529706a0e45976368de89d7a6,Kent Ave & N 7 St,40.72036775298455,-73.96165072917938,49,2,51,2026-02-17 14:02:31.968377,2026-02-17 14:02:31.968378
citi-bike-nyc,Citi Bike,"New York, NY",US,059def5edd62f14b964cbc75f058aba8,E 188 St & Creston Ave,40.861669,-73.898589,2,21,23,2026-02-17 14:02:31.968380,2026-02-17 14:02:31.968382
citi-bike-nyc,Citi Bike,"New York, NY",US,05ea134d44b0e99350dc69ea9f637d5b,37 St & Fort Hamilton Pkwy,40.64417,-73.98923,5,7,12,2026-02-17 14:02:31.968383,2026-02-17 14:02:31.968384
citi-bike-nyc,Citi Bike,"New York, NY",US,061f22f89c4a999b8c18cdfa91f76336,63 St & 59 Dr,40.71832,-73.90128,14,9,23,2026-02-17 14:02:31.968386,2026-02-17 14:02:31.968387
citi-bike-nyc,Citi Bike,"New York, NY",US,063cb61e214665bd567c0eaff799a6f2,Decatur Ave & E 197 St,40.86557,-73.88807,2,11,13,2026-02-17 14:02:31.968388,2026-02-17 14:02:31.968389
citi-bike-nyc,Citi Bike,"New York, NY",US,068544b23687c232e66366490ebe83b0,E 94 St & Madison Ave,40.785851052913884,-73.95482444378061,27,12,39,2026-02-17 14:02:31.968391,2026-02-17 14:02:31.968392
citi-bike-nyc,Citi Bike,"New York, NY",US,068745c3f22f87ad46d22739afd561ab,55 Ave & 90 St,40.73676,-73.87318,18,0,18,2026-02-17 14:02:31.968393,2026-02-17 14:02:31.968394
citi-bike-nyc,Citi Bike,"New York, NY",US,0693d133f78b3687e2fa1489cdb87b7f,Vernon Blvd & 41 Rd,40.7552433,-73.9485678,6,17,23,2026-02-17 14:02:31.968396,2026-02-17 14:02:31.968397
citi-bike-nyc,Citi Bike,"New York, NY",US,06e1188664fdade16905bd96fa594334,South St & Whitehall St,40.70122128,-74.01234218,43,9,52,2026-02-17 14:02:31.968398,2026-02-17 14:02:31.968399
citi-bike-nyc,Citi Bike,"New York, NY",US,07059ec6916545496bfd61cbec35ef14,21 St & Queens Plaza North,40.75325964,-73.94335788,27,4,31,2026-02-17 14:02:31.968401,2026-02-17 14:02:31.968402
citi-bike-nyc,Citi Bike,"New York, NY",US,07118c872af5f2b7981ee70505af5030,Bronx Park S & Bryant Ave,40.84437,-73.87796,8,8,16,2026-02-17 14:02:31.968403,2026-02-17 14:02:31.968404
citi-bike-nyc,Citi Bike,"New York, NY",US,0728663ec20a5e1fb194b2e89f8ca00a,W 47 St & 6 Ave,40.758154,-73.981957,23,42,65,2026-02-17 14:02:31.968406,2026-02-17 14:02:31.968407
citi-bike-nyc,Citi Bike,"New York, NY",US,0734dd601edb1994eb03ca2501adaccd,E 34 St & Linden Blvd,40.65302,-73.94599,19,2,21,2026-02-17 14:02:31.968408,2026-02-17 14:02:31.968409
citi-bike-nyc,Citi Bike,"New York, NY",US,07492b50fd872ffe88c78a272d6534c1,Liberty St & Broadway,40.70905623,-74.01043382,39,7,46,2026-02-17 14:02:31.968410,2026-02-17 14:02:31.968412
citi-bike-nyc,Citi Bike,"New York, NY",US,075cb64ad38a768d35a946e0677711ee,Frost St & Debevoise Ave,40.71882,-73.93948,2,20,22,2026-02-17 14:02:31.968413,2026-02-17 14:02:31.968414
citi-bike-nyc,Citi Bike,"New York, NY",US,07b25a978540d6aa50b1574f7641d443,3 Ave & Schermerhorn St,40.68683208,-73.9796772,30,5,35,2026-02-17 14:02:31.968416,2026-02-17 14:02:31.968417
citi-bike-nyc,Citi Bike,"New York, NY",US,07d590106453c2c2cda0ef86d3e7a4c1,Franklin Ave & St Marks Ave,40.6758324,-73.9561677,10,16,26,2026-02-17 14:02:31.968418,2026-02-17 14:02:31.968419
citi-bike-nyc,Citi Bike,"New York, NY",US,07dcbfd4fa74f30c045b489a48259466,W 170 St & University Ave,40.84207,-73.926075,4,17,21,2026-02-17 14:02:31.968420,2026-02-17 14:02:31.968421
citi-bike-nyc,Citi Bike,"New York, NY",US,07e727282a35ccfd7571bd841c3aafbc,Menahan St & Wyckoff Ave,40.70113,-73.91422,5,13,18,2026-02-17 14:02:31.968423,2026-02-17 14:02:31.968424
citi-bike-nyc,Citi Bike,"New York, NY",US,07f0bd022f67e8d3c6df62aac6489e4f,E 114 St & 1 Ave,40.7945663,-73.9362541,0,26,26,2026-02-17 14:02:31.968425,2026-02-17 14:02:31.968427
citi-bike-nyc,Citi Bike,"New York, NY",US,07faa5564a6653f710b98339ec147172,Bergen St & 4 Ave,40.68256425759694,-73.9798977971077,19,11,30,2026-02-17 14:02:31.968428,2026-02-17 14:02:31.968429
citi-bike-nyc,Citi Bike,"New York, NY",US,083971b0b85af53ac352c8491706b8d4,Ave D & E 3 St,40.72082834,-73.97793172,2,48,50,2026-02-17 14:02:31.968431,2026-02-17 14:02:31.968432
citi-bike-nyc,Citi Bike,"New York, NY",US,08423165fe3d1e6be59253fe24f8e811,Edgecombe Ave & W 167 St,40.838191,-73.936085,2,20,22,2026-02-17 14:02:31.968434,2026-02-17 14:02:31.968435
citi-bike-nyc,Citi Bike,"New York, NY",US,089ca57ed3306a566f8fc5f789db8bda,W 100 St & Broadway,40.7973721,-73.97041192,0,31,31,2026-02-17 14:02:31.968436,2026-02-17 14:02:31.968437
citi-bike-nyc,Citi Bike,"New York, NY",US,08a3ab166ffc3f6ee272e882614d122b,Caton Ave & E 10 St,40.648481,-73.97058,16,6,22,2026-02-17 14:02:31.968440,2026-02-17 14:02:31.968441
citi-bike-nyc,Citi Bike,"New York, NY",US,08af190e87c3a151fb80c6110b42d470,Morningside Ave & W 123 St,40.81,-73.9551508,19,11,30,2026-02-17 14:02:31.968442,2026-02-17 14:02:31.968443
citi-bike-nyc,Citi Bike,"New York, NY",US,0905e9f5cd5ab9e7564ef70bbf602ffd,65 Pl & Central Ave,40.70264,-73.88981,10,6,16,2026-02-17 14:02:31.968445,2026-02-17 14:02:31.968446
citi-bike-nyc,Citi Bike,"New York, NY",US,091363b289454cd265e586c98d85080a,Gerard Ave & E 164 St,40.830262,-73.923391,2,16,18,2026-02-17 14:02:31.968447,2026-02-17 14:02:31.968448
citi-bike-nyc,Citi Bike,"New York, NY",US,094440ec6f88b4a1c16e567e002bac3d,Eastern Pkwy & Brooklyn Ave,40.66939,-73.94514,6,15,21,2026-02-17 14:02:31.968450,2026-02-17 14:02:31.968451
citi-bike-nyc,Citi Bike,"New York, NY",US,094b135c3b161c1dc288618f59364bc9,Riverview Park,40.7443187,-74.0439909,1,16,17,2026-02-17 14:02:31.968452,2026-02-17 14:02:31.968453
citi-bike-nyc,Citi Bike,"New York, NY",US,09b3ea43ea90132ea2bcba9fee826fae,W 42 St & 6 Ave,40.75492,-73.98455,19,27,46,2026-02-17 14:02:31.968455,2026-02-17 14:02:31.968456
citi-bike-nyc,Citi Bike,"New York, NY",US,09cc7470fa28fd255aa8222f416422f4,Riverside Dr & W 138 St,40.823168,-73.955857,3,27,30,2026-02-17 14:02:31.968457,2026-02-17 14:02:31.968458
citi-bike-nyc,Citi Bike,"New York, NY",US,09def115ee4136c5c3a99ffd6c656446,39 St & Queens Blvd,40.74431,-73.92601,13,6,19,2026-02-17 14:02:31.968460,2026-02-17 14:02:31.968461
citi-bike-nyc,Citi Bike,"New York, NY",US,09fb10645ab2d322f10473a5bd15084c,95 St & 35 Ave,40.75301,-73.87266,6,15,21,2026-02-17 14:02:31.968463,2026-02-17 14:02:31.968464
citi-bike-nyc,Citi Bike,"New York, NY",US,0a0d8a1c2d25046b372d9afb2c49b88e,W 78 St & Broadway,40.78339981,-73.98093133,0,34,34,2026-02-17 14:02:31.968466,2026-02-17 14:02:31.968467
citi-bike-nyc,Citi Bike,"New York, NY",US,0a0d9d6e93abd05548c672b60bfa9099,Coffey St & Conover St,40.677236,-74.015665,26,2,28,2026-02-17 14:02:31.968468,2026-02-17 14:02:31.968469
citi-bike-nyc,Citi Bike,"New York, NY",US,0a0f5f0962516a92c7dec181c55cf5dc,Warren St & Smith St,40.685424009970184,-73.99127773940563,27,1,28,2026-02-17 14:02:31.968470,2026-02-17 14:02:31.968471
citi-bike-nyc,Citi Bike,"New York, NY",US,0adb5fbcdad16616f95cc13611a3ba2f,E 91 St & Park Ave,40.7835016,-73.955327,21,12,33,2026-02-17 14:02:31.968473,2026-02-17 14:02:31.968474
citi-bike-nyc,Citi Bike,"New York, NY",US,0b119c63d4cd9bd45499cb065310998c,59 St & 4 Ave,40.641269,-74.017651,17,17,34,2026-02-17 14:02:31.968475,2026-02-17 14:02:31.968476
citi-bike-nyc,Citi Bike,"New York, NY",US,0b242a314880fdcd2fffae388c291c09,5 Ave & W 126 St,40.80722,-73.9418,0,21,21,2026-02-17 14:02:31.968478,2026-02-17 14:02:31.968479
citi-bike-nyc,Citi Bike,"New York, NY",US,0b2e8a54d4273ba716b2256fa7213a6a,W 15 St & 6 Ave,40.738046142482766,-73.99642959237099,14,47,61,2026-02-17 14:02:31.968480,2026-02-17 14:02:31.968481
citi-bike-nyc,Citi Bike,"New York, NY",US,0b2f055358030ce4ca5d5da3e6e9b5c9,Crotona Pkwy & Elsmere Pl,40.84188,-73.8855,4,18,22,2026-02-17 14:02:31.968484,2026-02-17 14:02:31.968485
citi-bike-nyc,Citi Bike,"New York, NY",US,0b4be8be6a0da3185447f9013dee3b2c,Powers St & Olive St,40.71323,-73.93894,3,15,18,2026-02-17 14:02:31.968486,2026-02-17 14:02:31.968487
citi-bike-nyc,Citi Bike,"New York, NY",US,0b6fe6ed86e70d07d29e8741d3c04798,E 55 St & 2 Ave,40.75797322,-73.96603308,8,18,26,2026-02-17 14:02:31.968489,2026-02-17 14:02:31.968490
citi-bike-nyc,Citi Bike,"New York, NY",US,0b7d520dd16bc42d1e64934e0e404947,Morris Ave & E 142 St,40.814469,-73.924963,8,14,22,2026-02-17 14:02:31.968491,2026-02-17 14:02:31.968492
citi-bike-nyc,Citi Bike,"New York, NY",US,0b830177dc6e1858d6c69ce77dcdaaa5,Case St & 94 St,40.74619,-73.87193,2,18,20,2026-02-17 14:02:31.968494,2026-02-17 14:02:31.968495
citi-bike-nyc,Citi Bike,"New York, NY",US,0ba48fdfd84cd4b871bfd83c406d9d25,E 2 St & Ave B,40.72217444,-73.98368779,18,63,81,2026-02-17 14:02:31.968496,2026-02-17 14:02:31.968497
citi-bike-nyc,Citi Bike,"New York, NY",US,0bac8585a63ad3d5fdc718738103cae5,Fulton Ave & E 168 St,40.830471,-73.904556,2,17,19,2026-02-17 14:02:31.968498,2026-02-17 14:02:31.968500
citi-bike-nyc,Citi Bike,"New York, NY",US,0bda8150467a951310434df139d9e32e,W 92 St & Broadway,40.7921,-73.9739,1,16,17,2026-02-17 14:02:31.968501,2026-02-17 14:02:31.968502
citi-bike-nyc,Citi Bike,"New York, NY",US,0bdc126a0122ea201b8996bb7208a584,36 St & 4 Ave,40.654144,-74.00422,27,3,30,2026-02-17 14:02:31.968504,2026-02-17 14:02:31.968505
citi-bike-nyc,Citi Bike,"New York, NY",US,0bfe07c6bd0c825118f07abc69faa005,Bloomfield St & 15 St,40.75453,-74.02658,8,4,12,2026-02-17 14:02:31.968506,2026-02-17 14:02:31.968507
citi-bike-nyc,Citi Bike,"New York, NY",US,0c1bc960d195981c61538f8b3f8f0e8e,Broadway & W 153 St,40.831327,-73.946665,1,17,18,2026-02-17 14:02:31.968509,2026-02-17 14:02:31.968510
citi-bike-nyc,Citi Bike,"New York, NY",US,0c31a89981605645db5d73705b766bac,Washington Ave & Greene Ave,40.68650065,-73.96563307,11,8,19,2026-02-17 14:02:31.968511,2026-02-17 14:02:31.968512
citi-bike-nyc,Citi Bike,"New York, NY",US,0cb12495237e6c3f858c125cf5e579fa,E 17 St & 2 Ave,40.73431166276575,-73.98372530937195,1,45,46,2026-02-17 14:02:31.968514,2026-02-17 14:02:31.968515
citi-bike-nyc,Citi Bike,"New York, NY",US,0d102edbd62410f35848f01ce31fdb23,Forley St & Lamont Ave,40.74463,-73.87386,4,16,20,2026-02-17 14:02:31.968516,2026-02-17 14:02:31.968517
citi-bike-nyc,Citi Bike,"New York, NY",US,0d22b0924083e85cee5bf8a8c1b045ae,Market St & Henry St,40.71310702305908,-73.99446353316307,18,18,36,2026-02-17 14:02:31.968519,2026-02-17 14:02:31.968520
citi-bike-nyc,Citi Bike,"New York, NY",US,0d69c239ef94b28879b42d9fadf2c3c2,Pacific St & Smith St,40.687880939612775,-73.98939281702042,41,1,42,2026-02-17 14:02:31.968521,2026-02-17 14:02:31.968522
citi-bike-nyc,Citi Bike,"New York, NY",US,0d7fe405cb77b3e2c671c6256cd47ef8,Pacific St & Classon Ave,40.6791944,-73.9587903,1,19,20,2026-02-17 14:02:31.968524,2026-02-17 14:02:31.968525
citi-bike-nyc,Citi Bike,"New York, NY",US,0d933a64b0932657851177f439805901,Montague St & Hicks St,40.69522407512035,-73.99598850939152,7,28,35,2026-02-17 14:02:31.968526,2026-02-17 14:02:31.968527
citi-bike-nyc,Citi Bike,"New York, NY",US,0d9b1f545b85d6e19b93e3e93c95faf3,Union St & Bergen Ave,40.71575,-74.07887,9,6,15,2026-02-17 14:02:31.968529,2026-02-17 14:02:31.968530
citi-bike-nyc,Citi Bike,"New York, NY",US,0dabcc2122ab97300addc8d6c4f1214b,W 56 St & 10 Ave,40.768254,-73.988639,0,40,40,2026-02-17 14:02:31.968531,2026-02-17 14:02:31.968532
citi-bike-nyc,Citi Bike,"New York, NY",US,0db2dab02afeca2c4dc275c9b2cb4fda,Grand Concourse & E 199 St,40.87142,-73.88839,2,13,15,2026-02-17 14:02:31.968534,2026-02-17 14:02:31.968535
citi-bike-nyc,Citi Bike,"New York, NY",US,0db3cce1244e0624b5ca0053d0ad38eb,Knickerbocker Ave & Halsey St,40.693,-73.90824,0,17,17,2026-02-17 14:02:31.968536,2026-02-17 14:02:31.968537
citi-bike-nyc,Citi Bike,"New York, NY",US,0de746e5732e9c65083cfa570d46bfe2,New York Ave & Snyder Ave,40.64868,-73.94635,10,11,21,2026-02-17 14:02:31.968539,2026-02-17 14:02:31.968540
citi-bike-nyc,Citi Bike,"New York, NY",US,0df8e5e0df9a1e4730655def8148df59,111 St & 49 Ave,40.74612,-73.85272,22,8,30,2026-02-17 14:02:31.968541,2026-02-17 14:02:31.968542
citi-bike-nyc,Citi Bike,"New York, NY",US,0e244de03bb280f8d02d09c58fd22814,Home St & Westchester Ave,40.827629,-73.886659,3,15,18,2026-02-17 14:02:31.968544,2026-02-17 14:02:31.968545
citi-bike-nyc,Citi Bike,"New York, NY",US,0e315db07765b5b11eb24125f5466508,Andrews Ave S & W 179 St,40.855156,-73.91278,2,17,19,2026-02-17 14:02:31.968546,2026-02-17 14:02:31.968547
citi-bike-nyc,Citi Bike,"New York, NY",US,0e4c6c0412a0c314f6d399208a21a5c7,Lott St & Erasmus St,40.64949,-73.95408,15,1,16,2026-02-17 14:02:31.968549,2026-02-17 14:02:31.968550
citi-bike-nyc,Citi Bike,"New York, NY",US,0e50d4b2eb5fa3731d9184cd15d0e0df,Putnam Ave & Throop Ave,40.6851532,-73.94111,1,19,20,2026-02-17 14:02:31.968551,2026-02-17 14:02:31.968552
citi-bike-nyc,Citi Bike,"New York, NY",US,0e54d177efd3851c57750b435567f78b,5 Ave & 88 St,40.62021,-74.02717,12,1,13,2026-02-17 14:02:31.968554,2026-02-17 14:02:31.968555
citi-bike-nyc,Citi Bike,"New York, NY",US,0e6e4ab270be66d466a9c92a25ee2c5b,21 St & Hoyt Ave S,40.774645,-73.923706,10,20,30,2026-02-17 14:02:31.968556,2026-02-17 14:02:31.968557
citi-bike-nyc,Citi Bike,"New York, NY",US,0e9224a6a7e77ac1901d7aaee10b3f2e,E 176 St & Clinton Ave,40.84311,-73.89149,1,18,19,2026-02-17 14:02:31.968558,2026-02-17 14:02:31.968560
citi-bike-nyc,Citi Bike,"New York, NY",US,0ea1aae7e8b57af667ed80ae3fb1ddeb,39 Dr & 52 St,40.74732,-73.91197,0,15,15,2026-02-17 14:02:31.968561,2026-02-17 14:02:31.968562
citi-bike-nyc,Citi Bike,"New York, NY",US,0eb723b81edb20e3c37f880c08349b69,Jay St & York St,40.701403172577244,-73.98672670125961,34,0,34,2026-02-17 14:02:31.968563,2026-02-17 14:02:31.968564
citi-bike-nyc,Citi Bike,"New York, NY",US,0ecc7dc7976cdcd9c333a009271b204a,Greenpoint Ave & 47 St,40.7424,-73.91808,0,19,19,2026-02-17 14:02:31.968566,2026-02-17 14:02:31.968567
citi-bike-nyc,Citi Bike,"New York, NY",US,0ed61602506b53c189e24130f4c512fd,Clinton St & Centre St,40.67434,-74.00194698,18,1,19,2026-02-17 14:02:31.968568,2026-02-17 14:02:31.968569
citi-bike-nyc,Citi Bike,"New York, NY",US,0ef8643238ca6829a9ccb5088f566023,Bedford Ave & Fenimore St,40.65815,-73.95674,9,11,20,2026-02-17 14:02:31.968571,2026-02-17 14:02:31.968572
citi-bike-nyc,Citi Bike,"New York, NY",US,0f04ff8ab5e933c620c9633b86af11dc,E 179 St & Southern Blvd,40.84467,-73.88507,3,21,24,2026-02-17 14:02:31.968573,2026-02-17 14:02:31.968574
citi-bike-nyc,Citi Bike,"New York, NY",US,0f09d855883607e709f84506b68b801f,E 134 St & Walnut Ave,40.800425,-73.911034,9,6,15,2026-02-17 14:02:31.968576,2026-02-17 14:02:31.968577
citi-bike-nyc,Citi Bike,"New York, NY",US,0f1323b851969dcbf69c8600fdfe6df7,Freeman St & Reverend James A Polite Ave,40.830529,-73.894717,1,18,19,2026-02-17 14:02:31.968578,2026-02-17 14:02:31.968579
citi-bike-nyc,Citi Bike,"New York, NY",US,0f2448fc366771b90e727bb51a52fcf5,Carroll St & Washington Ave,40.6686744,-73.9618148,2,25,27,2026-02-17 14:02:31.968581,2026-02-17 14:02:31.968582
citi-bike-nyc,Citi Bike,"New York, NY",US,0f252ad0d7c9e1812fa7d673253e2a58,W 45 St & 8 Ave,40.75929124,-73.98859651,0,63,63,2026-02-17 14:02:31.968584,2026-02-17 14:02:31.968585
citi-bike-nyc,Citi Bike,"New York, NY",US,0f7f5f49b86025e54c7b40af3d6f029d,Bergen St & Saratoga Ave,40.67423,-73.91656,2,17,19,2026-02-17 14:02:31.968587,2026-02-17 14:02:31.968588
citi-bike-nyc,Citi Bike,"New York, NY",US,0fa2cacd8c38d7cb17a1a3cb329ddb79,Cleveland Pl & Spring St,40.722103786686034,-73.99724900722504,22,1,23,2026-02-17 14:02:31.968589,2026-02-17 14:02:31.968590
citi-bike-nyc,Citi Bike,"New York, NY",US,0fc168b05925475022078ef113c9f415,E 180 St & Monterey Ave,40.85025,-73.89301,1,19,20,2026-02-17 14:02:31.968592,2026-02-17 14:02:31.968593
citi-bike-nyc,Citi Bike,"New York, NY",US,0fccc2d5e05777b272950f910d4d29d5,Sumpter St & Fulton St,40.67923,-73.92588,4,15,19,2026-02-17 14:02:31.968595,2026-02-17 14:02:31.968596
citi-bike-nyc,Citi Bike,"New York, NY",US,0ff07000fb73fdb5b1b4d40affdd68bb,79 St & Woodside Ave,40.74364,-73.88622,5,13,18,2026-02-17 14:02:31.968597,2026-02-17 14:02:31.968598
citi-bike-nyc,Citi Bike,"New York, NY",US,101daa5da1c5dff349b35177bf5cece1,E 15 St & 3 Ave,40.734232,-73.986923,40,29,69,2026-02-17 14:02:31.968599,2026-02-17 14:02:31.968600
citi-bike-nyc,Citi Bike,"New York, NY",US,1076c176c15cc4912a9d7c010cd0bf6c,Woodside Ave & 55 St,40.74679,-73.90893,2,17,19,2026-02-17 14:02:31.968602,2026-02-17 14:02:31.968603
citi-bike-nyc,Citi Bike,"New York, NY",US,1092923c44c374619a9f5c1e11cf95e4,Nostrand Ave & Flushing Ave,40.69928,-73.953259,3,20,23,2026-02-17 14:02:31.968604,2026-02-17 14:02:31.968606
citi-bike-nyc,Citi Bike,"New York, NY",US,10bae30699dc4d002884eaffadbc9f15,Franklin St & Dupont St,40.73564,-73.95866,0,26,26,2026-02-17 14:02:31.968607,2026-02-17 14:02:31.968608
citi-bike-nyc,Citi Bike,"New York, NY",US,10beb163062519846cca3271f74b0d32,Myrtle Ave & Lewis Ave,40.69681963,-73.93756926,0,21,21,2026-02-17 14:02:31.968609,2026-02-17 14:02:31.968610
citi-bike-nyc,Citi Bike,"New York, NY",US,1149c5beaeddd94339fe4d3ed7a55d2b,1 Ave & E 94 St,40.7817212,-73.94594,35,2,37,2026-02-17 14:02:31.968612,2026-02-17 14:02:31.968613
citi-bike-nyc,Citi Bike,"New York, NY",US,116993e4fa97455eca2b79c1c86d5ca0,E 135 St & St Ann's Ave,40.805089,-73.918889,6,17,23,2026-02-17 14:02:31.968614,2026-02-17 14:02:31.968615
citi-bike-nyc,Citi Bike,"New York, NY",US,11d11ba8b8c1d2c8adfc34e1c1b5f9b9,E 35 St & Madison Ave,40.74848023448579,-73.98255586624146,10,34,44,2026-02-17 14:02:31.968617,2026-02-17 14:02:31.968618
citi-bike-nyc,Citi Bike,"New York, NY",US,11f5e590d5d80fdb43087aff2ce63f7f,49 St & 25 Ave,40.764496,-73.904632,2,21,23,2026-02-17 14:02:31.968619,2026-02-17 14:02:31.968620
citi-bike-nyc,Citi Bike,"New York, NY",US,1203ea9a702347929b53a145aea5fef6,Strong St & University Ave,40.87119,-73.89918,2,17,19,2026-02-17 14:02:31.968622,2026-02-17 14:02:31.968623
citi-bike-nyc,Citi Bike,"New York, NY",US,122857527c29a5162b2a2cbc3bbfadb6,Carlton Ave & Park Ave,40.69580705,-73.97355569,6,12,18,2026-02-17 14:02:31.968624,2026-02-17 14:02:31.968625
citi-bike-nyc,Citi Bike,"New York, NY",US,123338b34eddfe0824668b056d4294db,Clinton St & Tillary St,40.696232971293156,-73.99142056703568,6,18,24,2026-02-17 14:02:31.968627,2026-02-17 14:02:31.968628
citi-bike-nyc,Citi Bike,"New York, NY",US,126b7d05d7960c82f656c78707771ff0,Sheridan Ave & E 172 St,40.840494,-73.911479,3,21,24,2026-02-17 14:02:31.968629,2026-02-17 14:02:31.968630
citi-bike-nyc,Citi Bike,"New York, NY",US,128cb47e0068eadfce6fcd56476e16b9,19 St & 24 Ave,40.7774552,-73.9225403,1,19,20,2026-02-17 14:02:31.968632,2026-02-17 14:02:31.968633
citi-bike-nyc,Citi Bike,"New York, NY",US,1297b5184b999febda91d574cc76a9ec,Winthrop St & Schenectady Ave,40.6582,-73.9338,18,3,21,2026-02-17 14:02:31.968634,2026-02-17 14:02:31.968635
citi-bike-nyc,Citi Bike,"New York, NY",US,12aa7924b713843d73c4432e4e35fa39,Forsyth St & Canal St,40.7158155,-73.99422366,24,0,24,2026-02-17 14:02:31.968637,2026-02-17 14:02:31.968638
citi-bike-nyc,Citi Bike,"New York, NY",US,1314cd63a88b3c7ad322a020370b70d9,6 Ave & 21 St,40.66016,-73.990974,12,12,24,2026-02-17 14:02:31.968639,2026-02-17 14:02:31.968640
citi-bike-nyc,Citi Bike,"New York, NY",US,134038e119775dc0c3cfe290c1be0c2d,100 St & 37 Ave,40.75243,-73.86717,6,12,18,2026-02-17 14:02:31.968642,2026-02-17 14:02:31.968643
citi-bike-nyc,Citi Bike,"New York, NY",US,1345e945ccfe6fa245b13c204d4d2dcf,Beaver St & Fayette St,40.70099,-73.93921,3,24,27,2026-02-17 14:02:31.968644,2026-02-17 14:02:31.968645
citi-bike-nyc,Citi Bike,"New York, NY",US,137518cf1f80537706feae5b1a4758ef,Malcolm X Blvd & DeKalb Ave,40.6938,-73.93114,2,17,19,2026-02-17 14:02:31.968647,2026-02-17 14:02:31.968648
citi-bike-nyc,Citi Bike,"New York, NY",US,13812fdd60ce4c8fce82bb7eb456e573,Walton Ave & E 183 St,40.858472,-73.90266,7,19,26,2026-02-17 14:02:31.968649,2026-02-17 14:02:31.968650
citi-bike-nyc,Citi Bike,"New York, NY",US,13a9c83b83515ed67b66826ba273ff8c,Somers St & Rockaway Ave,40.67872,-73.91105,4,16,20,2026-02-17 14:02:31.968651,2026-02-17 14:02:31.968652
citi-bike-nyc,Citi Bike,"New York, NY",US,13b16fc397c36417677de56e7c498a73,Carroll St & 5 Ave,40.6751622,-73.9814832,8,14,22,2026-02-17 14:02:31.968654,2026-02-17 14:02:31.968655
citi-bike-nyc,Citi Bike,"New York, NY",US,13c100f37fe94746e59d12b13a0a8df3,Astor Place,40.71928220070702,-74.07126188278198,0,14,14,2026-02-17 14:02:31.968656,2026-02-17 14:02:31.968657
citi-bike-nyc,Citi Bike,"New York, NY",US,13dc1c5591933abae11716ae799be2d1,12 St & Sinatra Dr N,40.750604142368964,-74.02402013540268,18,5,23,2026-02-17 14:02:31.968659,2026-02-17 14:02:31.968660
citi-bike-nyc,Citi Bike,"New York, NY",US,140543361558b3996ebafc1496b79d1a,Cedar St & Myrtle Ave,40.697842,-73.926241,3,23,26,2026-02-17 14:02:31.968661,2026-02-17 14:02:31.968662
citi-bike-nyc,Citi Bike,"New York, NY",US,141163c2b3b7cee1e063f53191c19095,E 45 St & 3 Ave,40.75255434,-73.97282625,20,11,31,2026-02-17 14:02:31.968663,2026-02-17 14:02:31.968664
citi-bike-nyc,Citi Bike,"New York, NY",US,1438a2638d7050480b05072dfd2e65e0,Morris Ave & McClellan St,40.831584,-73.9149,2,10,12,2026-02-17 14:02:31.968666,2026-02-17 14:02:31.968667
citi-bike-nyc,Citi Bike,"New York, NY",US,14797612a56c604bf3073fbb66bad587,E 161 St & River Ave,40.827883,-73.927111,17,16,33,2026-02-17 14:02:31.968668,2026-02-17 14:02:31.968669
citi-bike-nyc,Citi Bike,"New York, NY",US,14874113812f800655248dd398aaf3d3,Park Ave & Marcy Ave,40.697576,-73.948881,4,19,23,2026-02-17 14:02:31.968671,2026-02-17 14:02:31.968672
citi-bike-nyc,Citi Bike,"New York, NY",US,14a8a92ecc682c52a3521e55d335a2c6,81 St & 35 Ave,40.75179,-73.88568,2,22,24,2026-02-17 14:02:31.968673,2026-02-17 14:02:31.968674
citi-bike-nyc,Citi Bike,"New York, NY",US,14bf707fa39b862d3f995c9f5e7be502,3 Ave & E 189 St,40.85985,-73.89135,18,3,21,2026-02-17 14:02:31.968675,2026-02-17 14:02:31.968676
citi-bike-nyc,Citi Bike,"New York, NY",US,14c0be38f160b09b54e068da447653a0,27 Ave & 3 St,40.77485,-73.9342,9,8,17,2026-02-17 14:02:31.968678,2026-02-17 14:02:31.968679
citi-bike-nyc,Citi Bike,"New York, NY",US,14f6537a47932daa606c15b8d93bbb49,Decatur Ave & Bedford Park Blvd,40.86813,-73.88412,3,17,20,2026-02-17 14:02:31.968680,2026-02-17 14:02:31.968681
citi-bike-nyc,Citi Bike,"New York, NY",US,1508d4ff3c8ca332a0b5062a6c72df1e,Riverside Dr & W 82 St,40.78720869,-73.98128127,1,70,71,2026-02-17 14:02:31.968684,2026-02-17 14:02:31.968685
citi-bike-nyc,Citi Bike,"New York, NY",US,1520d8f422c208a0d3d8fdd61d26dec9,Fulton St & Adams St,40.692418292578466,-73.98949474096298,27,14,41,2026-02-17 14:02:31.968686,2026-02-17 14:02:31.968687
citi-bike-nyc,Citi Bike,"New York, NY",US,156e10afee6f653c9183ccf088dedab6,32 Ave & 81 St,40.75763,-73.88682,1,17,18,2026-02-17 14:02:31.968689,2026-02-17 14:02:31.968690
citi-bike-nyc,Citi Bike,"New York, NY",US,15917b1d07fb8e9fba2d357df781bb50,Driggs Ave & S 2 St,40.712628,-73.960575,19,4,23,2026-02-17 14:02:31.968691,2026-02-17 14:02:31.968692
citi-bike-nyc,Citi Bike,"New York, NY",US,15c3c5d354bcdc51756d34492229f86e,Jerome Ave & W 193 St,40.86659,-73.89794,4,10,14,2026-02-17 14:02:31.968693,2026-02-17 14:02:31.968694
citi-bike-nyc,Citi Bike,"New York, NY",US,15d3857ecbbf9d50ce7740c69a4ba964,W 74 St & Columbus Ave,40.7785669,-73.97754961,0,25,25,2026-02-17 14:02:31.968696,2026-02-17 14:02:31.968697
citi-bike-nyc,Citi Bike,"New York, NY",US,15d8188f7411df3c726ebb9cc5227d9c,Central Ave & Himrod St,40.69676,-73.92302,4,19,23,2026-02-17 14:02:31.968698,2026-02-17 14:02:31.968699
citi-bike-nyc,Citi Bike,"New York, NY",US,15ff3c140a551b93922b833acae659f9,W 17 St & 8 Ave,40.74177603,-74.00149746,22,47,69,2026-02-17 14:02:31.968701,2026-02-17 14:02:31.968702
citi-bike-nyc,Citi Bike,"New York, NY",US,160022ea8c2f079fdf9daaf5223b60a4,Paul Ave & W 205 St,40.87704,-73.88943,4,8,12,2026-02-17 14:02:31.968703,2026-02-17 14:02:31.968704
citi-bike-nyc,Citi Bike,"New York, NY",US,160e0db82e7ad769008cf4176050d0a9,Ditmars Blvd & 79 St,40.768728,-73.890745,16,3,19,2026-02-17 14:02:31.968706,2026-02-17 14:02:31.968707
citi-bike-nyc,Citi Bike,"New York, NY",US,16192e9e9c1fd9881678a172bbe8859d,3 Ave & E 174 St,40.84224,-73.8985,10,18,28,2026-02-17 14:02:31.968708,2026-02-17 14:02:31.968709
citi-bike-nyc,Citi Bike,"New York, NY",US,162c15bd63401c838fbd81de82f556e5,Broadway & 49 St,40.755389,-73.911517,24,1,25,2026-02-17 14:02:31.968710,2026-02-17 14:02:31.968711
citi-bike-nyc,Citi Bike,"New York, NY",US,16531217785cebb9c9fc0a169b98f41b,Calyer St & Jewel St,40.72984,-73.94839,18,16,34,2026-02-17 14:02:31.968713,2026-02-17 14:02:31.968714
citi-bike-nyc,Citi Bike,"New York, NY",US,16547f1dd6ab9bcd500d8a555550b8b3,Cypress Hills St & Otto Rd,40.70204,-73.89288,5,13,18,2026-02-17 14:02:31.968715,2026-02-17 14:02:31.968716
citi-bike-nyc,Citi Bike,"New York, NY",US,16700b7add54fb174e5ff7e53b6b6bd9,61 St & 39 Ave,40.7471,-73.9028,25,2,27,2026-02-17 14:02:31.968718,2026-02-17 14:02:31.968719
citi-bike-nyc,Citi Bike,"New York, NY",US,167f2e0266d71d5d43938619303c7e60,E 179 St & Daly Ave,40.84335,-73.88247,4,15,19,2026-02-17 14:02:31.968720,2026-02-17 14:02:31.968721
citi-bike-nyc,Citi Bike,"New York, NY",US,168945a14fa09790975c2f6baff2553a,Concourse Village West & E 156 St,40.823162,-73.923267,1,17,18,2026-02-17 14:02:31.968722,2026-02-17 14:02:31.968723
citi-bike-nyc,Citi Bike,"New York, NY",US,16bb066f9162599f02694ac3f85c0d67,Grand St,40.71517767732029,-74.03768330812454,7,6,13,2026-02-17 14:02:31.968725,2026-02-17 14:02:31.968726
citi-bike-nyc,Citi Bike,"New York, NY",US,16d43ac1d583eb259e0f1269598faa30,Perry St & Bleecker St,40.73535398,-74.00483091,17,23,40,2026-02-17 14:02:31.968727,2026-02-17 14:02:31.968728
citi-bike-nyc,Citi Bike,"New York, NY",US,16dc17f11a4c978d6a2617eecd06aaf9,Broadway & Battery Pl,40.70463334,-74.01361706,43,4,47,2026-02-17 14:02:31.968730,2026-02-17 14:02:31.968731
citi-bike-nyc,Citi Bike,"New York, NY",US,16e34fd36a33fa94650ec2407aede51c,Waldron St & 108 St,40.73916,-73.8526,16,2,18,2026-02-17 14:02:31.968732,2026-02-17 14:02:31.968733
citi-bike-nyc,Citi Bike,"New York, NY",US,1710d4a64034eadd21a17e2067ba1b38,Prospect Pl & Underhill Ave,40.6769694,-73.96579,7,16,23,2026-02-17 14:02:31.968735,2026-02-17 14:02:31.968736
citi-bike-nyc,Citi Bike,"New York, NY",US,1719462637fb7aef8e2f767f70ad0d0c,Broadway & Moylan Pl,40.8143256,-73.9590255,7,29,36,2026-02-17 14:02:31.968737,2026-02-17 14:02:31.968738
citi-bike-nyc,Citi Bike,"New York, NY",US,174a1366c35de076b5c3e620d6a4add6,Queens Blvd & 56 St,40.74193,-73.90913,5,15,20,2026-02-17 14:02:31.968739,2026-02-17 14:02:31.968740
citi-bike-nyc,Citi Bike,"New York, NY",US,175747e3ce163434938f08220cb82635,Newark St & Washington St,40.73681,-74.0309,22,0,22,2026-02-17 14:02:31.968742,2026-02-17 14:02:31.968743
citi-bike-nyc,Citi Bike,"New York, NY",US,179d2c2c4fb6abc58994b5c5a8301d1d,1 Ave & E 42 St,40.7487575,-73.970127,16,45,61,2026-02-17 14:02:31.968744,2026-02-17 14:02:31.968745
citi-bike-nyc,Citi Bike,"New York, NY",US,179dddbe9285ed57d7cb8426a395473a,Amsterdam Ave & W 189 St,40.85318758861975,-73.92715752124786,0,18,18,2026-02-17 14:02:31.968746,2026-02-17 14:02:31.968747
citi-bike-nyc,Citi Bike,"New York, NY",US,17b8928b4a1ace5f099e0f8fdde5a5dc,Buffalo Ave & E New York Ave,40.66591,-73.92602,17,4,21,2026-02-17 14:02:31.968749,2026-02-17 14:02:31.968750
citi-bike-nyc,Citi Bike,"New York, NY",US,17be7989309b11c58ada68f45c08b54c,E 182 St & Grand Concourse,40.85591,-73.90051,3,17,20,2026-02-17 14:02:31.968751,2026-02-17 14:02:31.968752
citi-bike-nyc,Citi Bike,"New York, NY",US,17d25e1ecd17cc1955e156c78553a6e6,Prospect Ave & E 151 St,40.814232,-73.903927,0,21,21,2026-02-17 14:02:31.968754,2026-02-17 14:02:31.968755
citi-bike-nyc,Citi Bike,"New York, NY",US,1821de6e2c1c043ae787c510287467af,34 Ave & 74 St,40.75297,-73.89236,7,15,22,2026-02-17 14:02:31.968756,2026-02-17 14:02:31.968757
citi-bike-nyc,Citi Bike,"New York, NY",US,18250bce34620be3145146225e0c6af8,E 2 St & Ave C,40.7208736,-73.98085795,1,72,73,2026-02-17 14:02:31.968759,2026-02-17 14:02:31.968760
citi-bike-nyc,Citi Bike,"New York, NY",US,184d89bdc74d19c85e254a03510cc8d1,Sands St & Jay St,40.700119,-73.9862,42,3,45,2026-02-17 14:02:31.968761,2026-02-17 14:02:31.968762
citi-bike-nyc,Citi Bike,"New York, NY",US,1893182f1749443fa887a5e5833cfc94,Fulton Ave & E 172 St,40.839229,-73.899047,1,16,17,2026-02-17 14:02:31.968763,2026-02-17 14:02:31.968764
citi-bike-nyc,Citi Bike,"New York, NY",US,1896f6c392d3d3a0ecad7e852ab0c00f,Shore Rd & 86 St,40.62561,-74.04079,6,1,7,2026-02-17 14:02:31.968766,2026-02-17 14:02:31.968767
citi-bike-nyc,Citi Bike,"New York, NY",US,18a15b65fad3b6966dfde11af4228b2d,Christ Hospital,40.734785818,-74.050443636,0,9,9,2026-02-17 14:02:31.968768,2026-02-17 14:02:31.968769
citi-bike-nyc,Citi Bike,"New York, NY",US,18a4b1ad6467f5f66b4b59f903390de0,112 St & Northern Blvd,40.75788,-73.85763,1,16,17,2026-02-17 14:02:31.968771,2026-02-17 14:02:31.968772
citi-bike-nyc,Citi Bike,"New York, NY",US,18b1d4e0986e191a8c497914a3b27f6e,59 St & 5 Ave,40.640125,-74.015726,3,26,29,2026-02-17 14:02:31.968773,2026-02-17 14:02:31.968774
citi-bike-nyc,Citi Bike,"New York, NY",US,18c71bbba7ba08fc15e7d99064a53619,Irving Ave & Palmetto St,40.698,-73.9127,2,17,19,2026-02-17 14:02:31.968775,2026-02-17 14:02:31.968776
citi-bike-nyc,Citi Bike,"New York, NY",US,18c9c6586ffeb4551e55afce97bfdf10,University Ave & Macombs Rd,40.8496401,-73.9161206,2,20,22,2026-02-17 14:02:31.968778,2026-02-17 14:02:31.968779
citi-bike-nyc,Citi Bike,"New York, NY",US,190584424bf3fd3e1a33ebc7b6b86095,W 76 St & Columbus Ave,40.7801839724239,-73.97728532552719,0,51,51,2026-02-17 14:02:31.968781,2026-02-17 14:02:31.968782
citi-bike-nyc,Citi Bike,"New York, NY",US,1909fdefee61c79081ff155421ce2448,Devoe St & Lorimer St,40.71335226222875,-73.9491033554077,13,3,16,2026-02-17 14:02:31.968783,2026-02-17 14:02:31.968785
citi-bike-nyc,Citi Bike,"New York, NY",US,1910b8604813b68ca861b3f9a106dab0,Lewis Ave & Fulton St,40.67972,-73.93467,4,15,19,2026-02-17 14:02:31.968786,2026-02-17 14:02:31.968787
citi-bike-nyc,Citi Bike,"New York, NY",US,191db385e7013389b6c929d1cb05a1c1,E 43 St & 2 Ave,40.75022392,-73.97121414,4,46,50,2026-02-17 14:02:31.968788,2026-02-17 14:02:31.968789
citi-bike-nyc,Citi Bike,"New York, NY",US,192949e79629a9cac89073fa8f0c8d1e,Cortelyou Rd & E 34 St,40.64454,-73.94486,14,5,19,2026-02-17 14:02:31.968791,2026-02-17 14:02:31.968792
citi-bike-nyc,Citi Bike,"New York, NY",US,194f1596e81e0eec3e0ecff71f5cc5d8,46 St & Queens Blvd,40.74349759836971,-73.91860529780388,8,19,27,2026-02-17 14:02:31.968793,2026-02-17 14:02:31.968794
citi-bike-nyc,Citi Bike,"New York, NY",US,19516f3a721cad06b08530e8d4d737e6,Picnic Point,40.68512559515415,-74.02535319328308,33,4,37,2026-02-17 14:02:31.968796,2026-02-17 14:02:31.968797
citi-bike-nyc,Citi Bike,"New York, NY",US,1957c759c0c339f67b6f3392ea309390,26 Ave & 2 St,40.77684387,-73.93463418,9,12,21,2026-02-17 14:02:31.968798,2026-02-17 14:02:31.968799
citi-bike-nyc,Citi Bike,"New York, NY",US,198cfa13730fe73cdc525f1b3f0cc392,Goulden Ave & W 205 St,40.87812,-73.89192,3,13,16,2026-02-17 14:02:31.968800,2026-02-17 14:02:31.968801
citi-bike-nyc,Citi Bike,"New York, NY",US,1992080594410f229744943d30985751,53 Ave & 94 St,40.73921,-73.86887,17,1,18,2026-02-17 14:02:31.968803,2026-02-17 14:02:31.968804
citi-bike-nyc,Citi Bike,"New York, NY",US,19a26722db8ea66406df2358d9f4bb36,Tilden Ave & Nostrand Ave,40.64683,-73.94933,12,6,18,2026-02-17 14:02:31.968805,2026-02-17 14:02:31.968806
citi-bike-nyc,Citi Bike,"New York, NY",US,19b905b2cd23609fba05d28769cd37e5,62 St & 43 Ave,40.74261,-73.903,8,10,18,2026-02-17 14:02:31.968808,2026-02-17 14:02:31.968809
citi-bike-nyc,Citi Bike,"New York, NY",US,19c57c4f6e9cbb1c512b4b2fcd47d992,E 7 St & Ave B,40.7251285241158,-73.98131668567657,2,63,65,2026-02-17 14:02:31.968810,2026-02-17 14:02:31.968811
citi-bike-nyc,Citi Bike,"New York, NY",US,19c9414d4e73fcec0660e23035e28f5c,99 St & 35 Ave,40.75404,-73.86887,2,17,19,2026-02-17 14:02:31.968812,2026-02-17 14:02:31.968813
citi-bike-nyc,Citi Bike,"New York, NY",US,19d87c626574f6b6eea5401903ea81c8,2 Ave & E 29 St,40.741723510974715,-73.97809267044067,0,47,47,2026-02-17 14:02:31.968815,2026-02-17 14:02:31.968816
citi-bike-nyc,Citi Bike,"New York, NY",US,19e04432b66a18c125a5cd1cd82e8255,E 6 St & 2 Ave,40.727378693232225,-73.98840844631195,39,21,60,2026-02-17 14:02:31.968817,2026-02-17 14:02:31.968818
citi-bike-nyc,Citi Bike,"New York, NY",US,19f605f016ad978e8a50d9b0306f657e,21 St & 21 Ave,40.782465,-73.914527,6,13,19,2026-02-17 14:02:31.968820,2026-02-17 14:02:31.968821
citi-bike-nyc,Citi Bike,"New York, NY",US,1a02e4af2ee6a3d37e238b2b167101c4,Schermerhorn St & Court St,40.6910363748993,-73.99201065301895,34,18,52,2026-02-17 14:02:31.968822,2026-02-17 14:02:31.968823
citi-bike-nyc,Citi Bike,"New York, NY",US,1a4738bbd47dbf6d5022ec59b514bf79,W 89 St & Columbus Ave,40.7882213,-73.97041561,2,46,48,2026-02-17 14:02:31.968824,2026-02-17 14:02:31.968825
citi-bike-nyc,Citi Bike,"New York, NY",US,1a498b2ed244716550b887381fb54777,44 Dr & 21 St,40.748036,-73.946705,32,1,33,2026-02-17 14:02:31.968827,2026-02-17 14:02:31.968828
citi-bike-nyc,Citi Bike,"New York, NY",US,1a5d2a30d5572c8d3ac63191799c5ee9,Little West St & 1 Pl,40.70569254,-74.01677685,20,13,33,2026-02-17 14:02:31.968829,2026-02-17 14:02:31.968830
citi-bike-nyc,Citi Bike,"New York, NY",US,1a61da20961a265b7158d88091913707,E 66 St & Madison Ave,40.76800889305947,-73.96845281124115,20,15,35,2026-02-17 14:02:31.968832,2026-02-17 14:02:31.968833
citi-bike-nyc,Citi Bike,"New York, NY",US,1a7366fa06534372daa13f9e33868daf,108 St & 39 Ave,40.75165,-73.85915,20,1,21,2026-02-17 14:02:31.968834,2026-02-17 14:02:31.968835
citi-bike-nyc,Citi Bike,"New York, NY",US,1a7915f448f3a6d97a9c8d95ce10a5ab,35 St & Broadway,40.760339,-73.9222427,5,11,16,2026-02-17 14:02:31.968836,2026-02-17 14:02:31.968837
citi-bike-nyc,Citi Bike,"New York, NY",US,1aa265e83be7c1c1b7a4f8e2902c9208,44 Dr & Jackson Ave,40.74718234,-73.9432635,29,3,32,2026-02-17 14:02:31.968839,2026-02-17 14:02:31.968840
citi-bike-nyc,Citi Bike,"New York, NY",US,1ae142d5d5fdd3a898e525815d2664ed,Front St & Jay St,40.702461,-73.986842,23,1,24,2026-02-17 14:02:31.968841,2026-02-17 14:02:31.968842
citi-bike-nyc,Citi Bike,"New York, NY",US,1afa29cfaaa97a67ddf48bc30f412660,E 10 St & 5 Ave,40.73331967,-73.99510132,31,10,41,2026-02-17 14:02:31.968844,2026-02-17 14:02:31.968845
citi-bike-nyc,Citi Bike,"New York, NY",US,1afc1a82059e079ae62d49f2fe78db3b,51 Ave & Junction Blvd,40.74087,-73.86772,15,4,19,2026-02-17 14:02:31.968846,2026-02-17 14:02:31.968847
citi-bike-nyc,Citi Bike,"New York, NY",US,1b36479642e1022ce87b3eafafc73308,Halsey St & Broadway,40.68565,-73.91564,6,13,19,2026-02-17 14:02:31.968849,2026-02-17 14:02:31.968850
citi-bike-nyc,Citi Bike,"New York, NY",US,1b4baab0056562152c1599d45e3335f0,Southern Blvd & E 175 St,40.839335,-73.886445,2,15,17,2026-02-17 14:02:31.968851,2026-02-17 14:02:31.968852
citi-bike-nyc,Citi Bike,"New York, NY",US,1b5365e00848878fbaa6cf71c5e231a9,Berkeley Pl & 6 Ave,40.6765304,-73.97846879,33,2,35,2026-02-17 14:02:31.968854,2026-02-17 14:02:31.968855
citi-bike-nyc,Citi Bike,"New York, NY",US,1b677ff825752838d7f0437d49ca7495,Linden Blvd & Nostrand Ave,40.65272,-73.94994,22,1,23,2026-02-17 14:02:31.968856,2026-02-17 14:02:31.968857
citi-bike-nyc,Citi Bike,"New York, NY",US,1b6b7fb7ad25edb493df384b604f554e,Broadway & Roebling St,40.70924826276157,-73.96063148975372,9,17,26,2026-02-17 14:02:31.968858,2026-02-17 14:02:31.968859
citi-bike-nyc,Citi Bike,"New York, NY",US,1b6f330580ba8e7cd82bdd4207930f80,92 St & Astoria Blvd,40.76313,-73.8772,11,3,14,2026-02-17 14:02:31.968865,2026-02-17 14:02:31.968866
citi-bike-nyc,Citi Bike,"New York, NY",US,1b800b28d1b36340f6e68813fd284d27,Charlotte St & Boston Rd,40.8358771,-73.8931428,2,17,19,2026-02-17 14:02:31.968867,2026-02-17 14:02:31.968868
citi-bike-nyc,Citi Bike,"New York, NY",US,1bd576a8d550916dfad74070510c3b96,Brook Ave & E 138 St,40.807408,-73.91924,3,7,10,2026-02-17 14:02:31.968869,2026-02-17 14:02:31.968870
citi-bike-nyc,Citi Bike,"New York, NY",US,1c06103496ad8131ccc2e3d93b217c99,Grand Concourse & E 171 St,40.839549,-73.913004,1,22,23,2026-02-17 14:02:31.968872,2026-02-17 14:02:31.968873
citi-bike-nyc,Citi Bike,"New York, NY",US,1c1e31103e30ced86276c76760c5a6dc,Ralph Ave & Fulton St,40.67922,-73.92192,2,23,25,2026-02-17 14:02:31.968874,2026-02-17 14:02:31.968875
citi-bike-nyc,Citi Bike,"New York, NY",US,1c2455f2d32c58448a13cdf3db1ab0c6,Broadway & W 157 St,40.83402740143528,-73.94510813442648,16,12,28,2026-02-17 14:02:31.968877,2026-02-17 14:02:31.968878
citi-bike-nyc,Citi Bike,"New York, NY",US,1c3d8252afb20b0e91b91a9e41445489,Leonard St & Church St,40.717571,-74.005549,39,12,51,2026-02-17 14:02:31.968879,2026-02-17 14:02:31.968880
citi-bike-nyc,Citi Bike,"New York, NY",US,1c42da2674a387040f5922224f4691c7,56 St & 2 Ave,40.645705,-74.020292,26,9,35,2026-02-17 14:02:31.968882,2026-02-17 14:02:31.968883
citi-bike-nyc,Citi Bike,"New York, NY",US,1ce1f825efba7112c62e0b05624fa501,Bedford Ave & Bergen St,40.676368,-73.952918,2,21,23,2026-02-17 14:02:31.968885,2026-02-17 14:02:31.968886
citi-bike-nyc,Citi Bike,"New York, NY",US,1cf7e0ac388370af14b146948d8c520d,Bus Slip & State St,40.701907,-74.013942,59,1,60,2026-02-17 14:02:31.968887,2026-02-17 14:02:31.968888
citi-bike-nyc,Citi Bike,"New York, NY",US,1d18a33174ffc0f971a5ced5d65173c5,Greene Ave & Grandview Ave,40.709697,-73.907856,6,10,16,2026-02-17 14:02:31.968890,2026-02-17 14:02:31.968891
citi-bike-nyc,Citi Bike,"New York, NY",US,1d1fe8920e10049aa0a27d4038375112,Park Pl & Carlton Ave,40.677358,-73.97211,10,12,22,2026-02-17 14:02:31.968892,2026-02-17 14:02:31.968893
citi-bike-nyc,Citi Bike,"New York, NY",US,1d3dd54e12bc93ef93ae358ee34a6d5c,JC Medical Center,40.71539114317,-74.04969155788422,9,9,18,2026-02-17 14:02:31.968894,2026-02-17 14:02:31.968895
citi-bike-nyc,Citi Bike,"New York, NY",US,1d6e5d560e0c04409d87b74071708788,Church Ave & E 45 St,40.65159,-73.93535,18,3,21,2026-02-17 14:02:31.968897,2026-02-17 14:02:31.968898
citi-bike-nyc,Citi Bike,"New York, NY",US,1d7e64ccbf8203ddd642e156d1bad20b,Fulton St & William St,40.70960089363537,-74.00655090808868,26,10,36,2026-02-17 14:02:31.968899,2026-02-17 14:02:31.968900
citi-bike-nyc,Citi Bike,"New York, NY",US,1ddfe7ef2cc8b16bda7e139c2ae76d2b,E 81 St & York Ave,40.7728384,-73.94989233,14,33,47,2026-02-17 14:02:31.968901,2026-02-17 14:02:31.968902
citi-bike-nyc,Citi Bike,"New York, NY",US,1e141df35d423fa49e489f61498c52f7,69 St & 43 Ave,40.74179,-73.89564,0,18,18,2026-02-17 14:02:31.968904,2026-02-17 14:02:31.968905
citi-bike-nyc,Citi Bike,"New York, NY",US,1e2e5fbadcab465cb001cc162394c1cb,W 25 St & 8 Ave,40.74649996333341,-73.99732626293645,4,27,31,2026-02-17 14:02:31.968906,2026-02-17 14:02:31.968907
citi-bike-nyc,Citi Bike,"New York, NY",US,1e41d02b3967f2f4cb10c45411a48f63,Park Circle & East Dr,40.651566,-73.972212,17,8,25,2026-02-17 14:02:31.968908,2026-02-17 14:02:31.968909
citi-bike-nyc,Citi Bike,"New York, NY",US,1e5d1efcf316a0ddcd973c6c770457d1,50 St & 7 Ave,40.642501,-74.006055,7,10,17,2026-02-17 14:02:31.968911,2026-02-17 14:02:31.968912
citi-bike-nyc,Citi Bike,"New York, NY",US,1e8f020788dd35412e708692bb4dfde7,Degraw St & Hoyt St,40.681990442707026,-73.99079024791718,17,6,23,2026-02-17 14:02:31.968913,2026-02-17 14:02:31.968914
citi-bike-nyc,Citi Bike,"New York, NY",US,1ee041997ac7cf62ba965e1f567b9090,E Fordham Rd & Webster Ave,40.861748,-73.89105,24,0,24,2026-02-17 14:02:31.968915,2026-02-17 14:02:31.968916
citi-bike-nyc,Citi Bike,"New York, NY",US,1f0aa7c55f92c1b023cbdb4e47621dd6,Ave D & E 10 St,40.72506551015475,-73.97515833377838,0,30,30,2026-02-17 14:02:31.968918,2026-02-17 14:02:31.968919
citi-bike-nyc,Citi Bike,"New York, NY",US,1f1f5bcfc38355d274898a9979bce8a3,36 St & Queens Blvd,40.74408,-73.92901,11,8,19,2026-02-17 14:02:31.968920,2026-02-17 14:02:31.968921
citi-bike-nyc,Citi Bike,"New York, NY",US,1f39a9b72f794d569ae655ee2338b1e8,Flatbush Ave & Lincoln Rd,40.66131,-73.96091,7,12,19,2026-02-17 14:02:31.968922,2026-02-17 14:02:31.968923
citi-bike-nyc,Citi Bike,"New York, NY",US,1f3a100f16a89a25b38c898d33982931,E 174 St & Longfellow Ave,40.836274,-73.884308,3,16,19,2026-02-17 14:02:31.968925,2026-02-17 14:02:31.968926
citi-bike-nyc,Citi Bike,"New York, NY",US,1f71ad485ee2e86926689fd8c4016451,Wilson Ave & Moffat St,40.68906,-73.90506,20,11,31,2026-02-17 14:02:31.968927,2026-02-17 14:02:31.968928
citi-bike-nyc,Citi Bike,"New York, NY",US,1fb3d623c3186cec8a982d01bba5ffeb,E 156 St & Brook Ave,40.819823,-73.912411,14,3,17,2026-02-17 14:02:31.968930,2026-02-17 14:02:31.968931
citi-bike-nyc,Citi Bike,"New York, NY",US,1fd9fd817620666adc39b53b2d603159,Pleasant Ave & E 120 St,40.7974772,-73.9311847,14,6,20,2026-02-17 14:02:31.968932,2026-02-17 14:02:31.968933
citi-bike-nyc,Citi Bike,"New York, NY",US,1ffc249cff29342a164b5808df24160c,Onderdonk Ave & Gates Ave,40.70413,-73.90737,5,13,18,2026-02-17 14:02:31.968934,2026-02-17 14:02:31.968935
citi-bike-nyc,Citi Bike,"New York, NY",US,20033983bc8432af9f50b9f7d5d6a545,Prospect Pl & 6 Ave,40.6793307,-73.97519523,13,7,20,2026-02-17 14:02:31.968937,2026-02-17 14:02:31.968938
citi-bike-nyc,Citi Bike,"New York, NY",US,2006c7b383b42bde08eaf6ca345e7920,University Ave & Brandt Pl,40.848354,-73.918389,1,22,23,2026-02-17 14:02:31.968939,2026-02-17 14:02:31.968940
citi-bike-nyc,Citi Bike,"New York, NY",US,200e431d4c17b03e57566009d3243ee2,Lincoln Ave & E 138 St,40.810893,-73.927311,2,23,25,2026-02-17 14:02:31.968942,2026-02-17 14:02:31.968943
citi-bike-nyc,Citi Bike,"New York, NY",US,200ed42a72065f6c4a63052ddd590502,Edgecombe Ave & W 141 St,40.820681,-73.945144,0,21,21,2026-02-17 14:02:31.968944,2026-02-17 14:02:31.968945
citi-bike-nyc,Citi Bike,"New York, NY",US,203433e5eba2054b84ad31bda0844f08,8 Ave & W 27 St,40.747968,-73.996637,12,20,32,2026-02-17 14:02:31.968946,2026-02-17 14:02:31.968947
citi-bike-nyc,Citi Bike,"New York, NY",US,20503d750bbff98d752ba3a75dd6d651,W 20 St & 5 Ave,40.73972989238724,-73.99103969335556,51,3,54,2026-02-17 14:02:31.968949,2026-02-17 14:02:31.968950
citi-bike-nyc,Citi Bike,"New York, NY",US,208e0370c23cb8eb58f54e74c7f620c3,Lenox Ave & W 146 St,40.821111,-73.935971,5,17,22,2026-02-17 14:02:31.968951,2026-02-17 14:02:31.968952
citi-bike-nyc,Citi Bike,"New York, NY",US,20dd29b04b8fb794bf076c052bd558a4,Prospect Park SW & 10 Ave,40.659945,-73.977504,6,21,27,2026-02-17 14:02:31.968954,2026-02-17 14:02:31.968955
citi-bike-nyc,Citi Bike,"New York, NY",US,20dddc3f105234a7ceb7b1555253f9c9,Boone Ave & E 172 St,40.832649,-73.885272,1,12,13,2026-02-17 14:02:31.968956,2026-02-17 14:02:31.968957
citi-bike-nyc,Citi Bike,"New York, NY",US,211431f4e7acb549b978a4270cbc2aa5,Ave D & E 12 St,40.72580614,-73.97422494,5,36,41,2026-02-17 14:02:31.968958,2026-02-17 14:02:31.968959
citi-bike-nyc,Citi Bike,"New York, NY",US,212144773f34840df505dd0851b5a324,81 St & 34 Ave,40.75374,-73.88604,2,21,23,2026-02-17 14:02:31.968961,2026-02-17 14:02:31.968962
citi-bike-nyc,Citi Bike,"New York, NY",US,214d980a750f631a2a3ae3e21916afbd,Marshall St & 2 St,40.740802,-74.042521,2,16,18,2026-02-17 14:02:31.968963,2026-02-17 14:02:31.968964
citi-bike-nyc,Citi Bike,"New York, NY",US,2166865a86bb8d9317d5b80d3da5557a,West End Ave & W 60 St,40.77237,-73.99005,0,36,36,2026-02-17 14:02:31.968966,2026-02-17 14:02:31.968967
citi-bike-nyc,Citi Bike,"New York, NY",US,219c72744e84eb8afbe0a062b6a77aed,46 St & 30 Rd,40.76072,-73.910989,1,19,20,2026-02-17 14:02:31.968968,2026-02-17 14:02:31.968969
citi-bike-nyc,Citi Bike,"New York, NY",US,21a780d76029121d494a44fc546334e0,Bayard St & Leonard St,40.71915571696044,-73.94885390996933,34,7,41,2026-02-17 14:02:31.968970,2026-02-17 14:02:31.968971
citi-bike-nyc,Citi Bike,"New York, NY",US,21aebef6721f4eb080f97a68ac4c67fa,31 Ave & 30 St,40.7647,-73.9240312,11,10,21,2026-02-17 14:02:31.968973,2026-02-17 14:02:31.968974
citi-bike-nyc,Citi Bike,"New York, NY",US,21b2048af20db72928025724c1b48bee,49 Ave & 27 St,40.74113,-73.942518,21,1,22,2026-02-17 14:02:31.968975,2026-02-17 14:02:31.968976
citi-bike-nyc,Citi Bike,"New York, NY",US,21b6a921b5966b6436b524c9b6ccb0df,14 St Ferry - 14 St & Shipyard Ln,40.752960630464955,-74.02435272932053,24,3,27,2026-02-17 14:02:31.968980,2026-02-17 14:02:31.968981
citi-bike-nyc,Citi Bike,"New York, NY",US,21ce1930f04b1b5d97bcf987aad15423,43 St & 35 Ave,40.754139,-73.919543,2,18,20,2026-02-17 14:02:31.968982,2026-02-17 14:02:31.968983
citi-bike-nyc,Citi Bike,"New York, NY",US,21d389324e52d02bb44e5775b6d4345d,Richards St & Delavan St,40.6794327,-74.00785041,12,2,14,2026-02-17 14:02:31.968985,2026-02-17 14:02:31.968986
citi-bike-nyc,Citi Bike,"New York, NY",US,21e086c0dbc1cf05965297a03f48e0b9,Park Pl & Buffalo Ave,40.67202,-73.92539,0,19,19,2026-02-17 14:02:31.968987,2026-02-17 14:02:31.968988
citi-bike-nyc,Citi Bike,"New York, NY",US,21e89a174807c78bcc725de3bc5a7a89,E 61 St & Madison Ave,40.764752828526326,-73.97037800510203,18,14,32,2026-02-17 14:02:31.968990,2026-02-17 14:02:31.968991
citi-bike-nyc,Citi Bike,"New York, NY",US,21f0628c68c7e9d446102de114170bfa,E 89 St & 3 Ave,40.7806284,-73.9521667,30,2,32,2026-02-17 14:02:31.968992,2026-02-17 14:02:31.968993
citi-bike-nyc,Citi Bike,"New York, NY",US,221e009415069ca45a77f254993805c9,Grand Concourse & E 181 St,40.85466,-73.9015,1,20,21,2026-02-17 14:02:31.968994,2026-02-17 14:02:31.968995
citi-bike-nyc,Citi Bike,"New York, NY",US,22383a1a30df81ddd8e7ed3349e9e56b,56 Dr & 61 St,40.72368,-73.90458,9,7,16,2026-02-17 14:02:31.968997,2026-02-17 14:02:31.968998
citi-bike-nyc,Citi Bike,"New York, NY",US,22534ad1ebf1745b032691604f0d08fa,Lexington Ave & E 29 St,40.74311555376486,-73.98215353488922,5,42,47,2026-02-17 14:02:31.968999,2026-02-17 14:02:31.969000
citi-bike-nyc,Citi Bike,"New York, NY",US,225442af0468f2a7e887552c28eebd8a,Ogden Ave & W 165 St,40.834457,-73.928381,1,16,17,2026-02-17 14:02:31.969001,2026-02-17 14:02:31.969002
citi-bike-nyc,Citi Bike,"New York, NY",US,225f061a319c2114543d5297f2f3453d,Willoughby Ave & Hall St,40.69196035,-73.96536851,2,46,48,2026-02-17 14:02:31.969004,2026-02-17 14:02:31.969005
citi-bike-nyc,Citi Bike,"New York, NY",US,2299c1dea154fdb1bfa59acb09a01dd7,Yankee Ferry Terminal,40.68706579875912,-74.01675585121666,12,28,40,2026-02-17 14:02:31.969006,2026-02-17 14:02:31.969007
citi-bike-nyc,Citi Bike,"New York, NY",US,229e6cfec2f0c05e43c76983f348d214,Sedgwick Ave & W Burnside Ave,40.854947,-73.916661,1,13,14,2026-02-17 14:02:31.969009,2026-02-17 14:02:31.969010
citi-bike-nyc,Citi Bike,"New York, NY",US,22c5f273acddfba6f9c7c29920d8ebc3,Maple St & Flatbush Ave,40.66026,-73.96045,8,13,21,2026-02-17 14:02:31.969011,2026-02-17 14:02:31.969012
citi-bike-nyc,Citi Bike,"New York, NY",US,22fa11311cac9da54b578afd49c5df96,5 St & Market St,40.699997484388504,-73.97440128028393,21,18,39,2026-02-17 14:02:31.969013,2026-02-17 14:02:31.969014
citi-bike-nyc,Citi Bike,"New York, NY",US,22fbaeb8964ce7ba70941af4b7f5d0ab,Southern Blvd & E 180 St,40.84605,-73.88426,8,7,15,2026-02-17 14:02:31.969016,2026-02-17 14:02:31.969017
citi-bike-nyc,Citi Bike,"New York, NY",US,22fc28a9b4609521fdc8a554efe66312,65 Ln & Metropolitan Ave,40.7123,-73.89397,19,2,21,2026-02-17 14:02:31.969018,2026-02-17 14:02:31.969019
citi-bike-nyc,Citi Bike,"New York, NY",US,2301e2f00d76cb182155a29701c46f36,Van Sinderen Ave & Atlantic Ave,40.67621,-73.90351,11,4,15,2026-02-17 14:02:31.969020,2026-02-17 14:02:31.969021
citi-bike-nyc,Citi Bike,"New York, NY",US,231bb88e3c431557d9e297374e904b58,Broadway & W 160 St,40.835775,-73.9434,5,11,16,2026-02-17 14:02:31.969023,2026-02-17 14:02:31.969024
citi-bike-nyc,Citi Bike,"New York, NY",US,23271b0afc25f409c9765034aae5bfe5,W 55 St & 6 Ave,40.763189,-73.978434,48,22,70,2026-02-17 14:02:31.969025,2026-02-17 14:02:31.969026
citi-bike-nyc,Citi Bike,"New York, NY",US,2344b28d014b97131347f4f1226e0f47,Popham Ave & W 174 St,40.847746,-73.922079,1,18,19,2026-02-17 14:02:31.969028,2026-02-17 14:02:31.969029
citi-bike-nyc,Citi Bike,"New York, NY",US,2349d2339e72c58b48f70cdc158e2880,Church Ave & Nostrand Ave,40.65074,-73.94986,28,0,28,2026-02-17 14:02:31.969030,2026-02-17 14:02:31.969031
citi-bike-nyc,Citi Bike,"New York, NY",US,235829d2f371d014e5aa6b0fdafb9bf1,Broadway & W 61 St,40.77003010255044,-73.9819684624672,0,0,0,2026-02-17 14:02:31.969032,2026-02-17 14:02:31.969033
citi-bike-nyc,Citi Bike,"New York, NY",US,23b19ea92ffa9dbd88eafef6a0e17ac5,Henry St & Atlantic Ave,40.69089272,-73.99612349,3,18,21,2026-02-17 14:02:31.969035,2026-02-17 14:02:31.969036
citi-bike-nyc,Citi Bike,"New York, NY",US,2423b332b9b3e8842ffadfbba7c93923,38 St & Northern Blvd,40.752372,-73.925384,7,14,21,2026-02-17 14:02:31.969038,2026-02-17 14:02:31.969039
citi-bike-nyc,Citi Bike,"New York, NY",US,24498951e503e4c3f28d5476ba1608e1,21 St & 31 Dr,40.7659,-73.930819,0,0,0,2026-02-17 14:02:31.969040,2026-02-17 14:02:31.969041
citi-bike-nyc,Citi Bike,"New York, NY",US,2455cde3408d55c05596f2c87ce2730e,Washington St,40.7242941,-74.0354826,16,1,17,2026-02-17 14:02:31.969042,2026-02-17 14:02:31.969043
citi-bike-nyc,Citi Bike,"New York, NY",US,245cdd0cec69df88bcfd6d4918d3769a,57 St & 1 Ave,40.646377,-74.023087,25,1,26,2026-02-17 14:02:31.969045,2026-02-17 14:02:31.969046
citi-bike-nyc,Citi Bike,"New York, NY",US,2465efe575b2e0769a8ad1c35322d0ed,Amsterdam Ave & W 136 St,40.819746,-73.951819,2,17,19,2026-02-17 14:02:31.969047,2026-02-17 14:02:31.969048
citi-bike-nyc,Citi Bike,"New York, NY",US,24b7779e1a1da7a58eb229ece1ddff8e,Columbia St & Kane St,40.68763155,-74.0016256,13,5,18,2026-02-17 14:02:31.969049,2026-02-17 14:02:31.969050
citi-bike-nyc,Citi Bike,"New York, NY",US,24bceb83a849b507e01c89aff0d62edb,Clay Ave & E 173 St,40.843264,-73.904867,5,14,19,2026-02-17 14:02:31.969052,2026-02-17 14:02:31.969053
citi-bike-nyc,Citi Bike,"New York, NY",US,24fde84fb18af98c2f08d47bc0a412da,Scholes St & Manhattan Ave,40.70870368,-73.9448625,17,16,33,2026-02-17 14:02:31.969054,2026-02-17 14:02:31.969055
citi-bike-nyc,Citi Bike,"New York, NY",US,251744beb2e75bd71d698aa845d164d2,Alexander Ave & E 134 St,40.807466,-73.927107,4,15,19,2026-02-17 14:02:31.969056,2026-02-17 14:02:31.969057
citi-bike-nyc,Citi Bike,"New York, NY",US,251ef46abd56304d0269aada535b8fab,E 58 St & 1 Ave (NE Corner),40.75892386377695,-73.96226227283478,0,25,25,2026-02-17 14:02:31.969059,2026-02-17 14:02:31.969060
citi-bike-nyc,Citi Bike,"New York, NY",US,25307d71d52c1cad97d724fe45d8ebb0,55 Dr & Maurice Ave,40.7261,-73.90917,17,2,19,2026-02-17 14:02:31.969061,2026-02-17 14:02:31.969062
citi-bike-nyc,Citi Bike,"New York, NY",US,255835dbeef253f44f43173d4031a279,6 Ave & Walker St,40.7197920901383,-74.0052238852195,36,0,36,2026-02-17 14:02:31.969064,2026-02-17 14:02:31.969065
citi-bike-nyc,Citi Bike,"New York, NY",US,25a9af3bc9b512e4c7c10783f5a86f69,Bushwick Ave & Stagg St,40.709897,-73.94008,20,1,21,2026-02-17 14:02:31.969066,2026-02-17 14:02:31.969067
citi-bike-nyc,Citi Bike,"New York, NY",US,25af6f2f3633c375549caa431a1adc8b,Longwood Ave & Southern Blvd,40.816343,-73.896447,10,8,18,2026-02-17 14:02:31.969068,2026-02-17 14:02:31.969069
citi-bike-nyc,Citi Bike,"New York, NY",US,25dd47e4d0e1afb1998d7f4af9927bb7,Brunswick & 6th,40.72601172964625,-74.05038893222809,0,14,14,2026-02-17 14:02:31.969071,2026-02-17 14:02:31.969072
citi-bike-nyc,Citi Bike,"New York, NY",US,2609c3404d385d5c2b90bdf0b145335c,E 138 St & Cypress Ave,40.805559,-73.914718,6,16,22,2026-02-17 14:02:31.969073,2026-02-17 14:02:31.969074
citi-bike-nyc,Citi Bike,"New York, NY",US,2612fe99fabcd34930833ee479e1e606,36 St & Hunters Point Ave,40.73781699881193,-73.93024072051048,7,14,21,2026-02-17 14:02:31.969080,2026-02-17 14:02:31.969081
citi-bike-nyc,Citi Bike,"New York, NY",US,263fab7270b32e5ed0ac663539d3ad23,E 142 St & 3 Ave,40.812735,-73.923697,9,9,18,2026-02-17 14:02:31.969082,2026-02-17 14:02:31.969083
citi-bike-nyc,Citi Bike,"New York, NY",US,26647e48c84f4e48fb8da1fc40697eb2,E 20 St & 2 Ave,40.73587678,-73.98205027,0,81,81,2026-02-17 14:02:31.969084,2026-02-17 14:02:31.969085
citi-bike-nyc,Citi Bike,"New York, NY",US,26c90b54d9962e75ec6621bd39292288,Grand St & Samuel Dickstein Plaza,40.715118719964956,-73.98417055606842,0,76,76,2026-02-17 14:02:31.969087,2026-02-17 14:02:31.969088
citi-bike-nyc,Citi Bike,"New York, NY",US,2766ff5568cb556364d5931872e95f0c,1 Ave & E 18 St,40.733812191966315,-73.98054420948029,0,48,48,2026-02-17 14:02:31.969089,2026-02-17 14:02:31.969090
citi-bike-nyc,Citi Bike,"New York, NY",US,277d39e6570d4000d11f8e4489d36a09,Smith St & 9 St,40.6746957,-73.99785768,4,15,19,2026-02-17 14:02:31.969091,2026-02-17 14:02:31.969092
citi-bike-nyc,Citi Bike,"New York, NY",US,27a5821f18d045c2df14a21a0a649aef,Frederick Douglass Blvd & W 117 St,40.805159,-73.954692,13,21,34,2026-02-17 14:02:31.969094,2026-02-17 14:02:31.969095
citi-bike-nyc,Citi Bike,"New York, NY",US,27a6b95f8cd1c450fa3c0a0e8dd73427,18 St & 27 Ave,40.772768286288304,-73.92743647098541,7,13,20,2026-02-17 14:02:31.969096,2026-02-17 14:02:31.969097
citi-bike-nyc,Citi Bike,"New York, NY",US,27a9eed03d870dfeecb68b68cd861458,Amsterdam Ave & W 183 St,40.84925,-73.93022,0,19,19,2026-02-17 14:02:31.969099,2026-02-17 14:02:31.969100
citi-bike-nyc,Citi Bike,"New York, NY",US,27be5ac815d2d9ea10da48f7917b94ea,St Marks Ave & Ralph Ave,40.67372,-73.92199,0,19,19,2026-02-17 14:02:31.969101,2026-02-17 14:02:31.969102
citi-bike-nyc,Citi Bike,"New York, NY",US,27d7174adbc6581cde33e86a4123ad56,St Nicholas Ave & W 155 St,40.830663,-73.941323,0,22,22,2026-02-17 14:02:31.969103,2026-02-17 14:02:31.969104
citi-bike-nyc,Citi Bike,"New York, NY",US,281d642e179c5057fc6eec47a8777f44,77 St & Colonial Rd,40.63121,-74.03318,10,3,13,2026-02-17 14:02:31.969106,2026-02-17 14:02:31.969107
citi-bike-nyc,Citi Bike,"New York, NY",US,2843a01a7675bc5aa7aeea25fd244494,St Mary's St & Jackson Ave,40.808891,-73.91081,5,13,18,2026-02-17 14:02:31.969111,2026-02-17 14:02:31.969112
citi-bike-nyc,Citi Bike,"New York, NY",US,285b8a7624e283226cf8b7f1547bc96f,Wards Meadow Comfort Station,40.78294,-73.93077,6,5,11,2026-02-17 14:02:31.969113,2026-02-17 14:02:31.969114
citi-bike-nyc,Citi Bike,"New York, NY",US,28adc3c575b453867812410956f18816,Eastern Pkwy & St Marks Ave,40.67319,-73.91083,20,3,23,2026-02-17 14:02:31.969116,2026-02-17 14:02:31.969117
citi-bike-nyc,Citi Bike,"New York, NY",US,28cf18bbf722dcc6e0418e719d6c1312,Amsterdam Ave & W 180 St,40.847396,-73.931205,3,18,21,2026-02-17 14:02:31.969118,2026-02-17 14:02:31.969119
citi-bike-nyc,Citi Bike,"New York, NY",US,28df2ef1f1e0f7e2608a6e0d1d995830,Shore Rd & 4 Ave,40.6115,-74.03513,1,9,10,2026-02-17 14:02:31.969120,2026-02-17 14:02:31.969121
citi-bike-nyc,Citi Bike,"New York, NY",US,28e753f65486e30d225bd19713130c52,Old Fulton St,40.70277159,-73.99383605,0,0,0,2026-02-17 14:02:31.969123,2026-02-17 14:02:31.969124
citi-bike-nyc,Citi Bike,"New York, NY",US,28fe0ccd934e5ffa0c98dc4f68d948e4,111 St & 37 Ave,40.75397,-73.85748,19,1,20,2026-02-17 14:02:31.969128,2026-02-17 14:02:31.969129
citi-bike-nyc,Citi Bike,"New York, NY",US,290d3c85c1aa897bc947febf53fffc37,Flushing Ave & Woodward Ave,40.71246,-73.91873,19,1,20,2026-02-17 14:02:31.969130,2026-02-17 14:02:31.969131
citi-bike-nyc,Citi Bike,"New York, NY",US,290f30763c5274af3ab42266b6489921,E 56 St & 3 Ave,40.75934501,-73.96759673,30,24,54,2026-02-17 14:02:31.969132,2026-02-17 14:02:31.969133
citi-bike-nyc,Citi Bike,"New York, NY",US,291b5e66ae359c90489c3d279244c38d,Broadway & W 56 St,40.7652654,-73.98192338,7,91,98,2026-02-17 14:02:31.969135,2026-02-17 14:02:31.969136
citi-bike-nyc,Citi Bike,"New York, NY",US,2923dae1f9c925711be47f55c0180aa3,Central Ave & Starr St,40.700003,-73.92834,1,19,20,2026-02-17 14:02:31.969137,2026-02-17 14:02:31.969138
citi-bike-nyc,Citi Bike,"New York, NY",US,2938b9e5d210d71e4a00c24179838c6e,Columbus Park - Clinton St & 9 St,40.74816121065146,-74.0324530005455,7,17,24,2026-02-17 14:02:31.969140,2026-02-17 14:02:31.969141
citi-bike-nyc,Citi Bike,"New York, NY",US,294d8dbc1efb05b236c6f1cdfd0ad5bf,24 Ave & 87 St,40.7654,-73.88256,18,1,19,2026-02-17 14:02:31.969142,2026-02-17 14:02:31.969143
citi-bike-nyc,Citi Bike,"New York, NY",US,297d0dc54208d76f7f6e7e5c952ea9fb,Seneca Ave & Decatur St,40.69723,-73.89811,2,17,19,2026-02-17 14:02:31.969148,2026-02-17 14:02:31.969149
citi-bike-nyc,Citi Bike,"New York, NY",US,2991dc2bfc0e7f855bff98b6d8298c8e,Eastern Pkwy & Washington Ave,40.6716493,-73.9631145,4,24,28,2026-02-17 14:02:31.969151,2026-02-17 14:02:31.969152
citi-bike-nyc,Citi Bike,"New York, NY",US,299b7cc342202ab8fe5293dcf10b78b2,Pulaski St & Throop Ave,40.693115,-73.943149,2,17,19,2026-02-17 14:02:31.969154,2026-02-17 14:02:31.969154
citi-bike-nyc,Citi Bike,"New York, NY",US,29bfff7d2e0648f6c010fc519dd1f711,McGuinness Blvd & Eagle St,40.73555,-73.95284,6,32,38,2026-02-17 14:02:31.969156,2026-02-17 14:02:31.969157
citi-bike-nyc,Citi Bike,"New York, NY",US,29cc7042481eb096ec0adabfe6a96450,Walton Ave & E 176 St,40.84833,-73.90971,11,10,21,2026-02-17 14:02:31.969158,2026-02-17 14:02:31.969159
citi-bike-nyc,Citi Bike,"New York, NY",US,29e14d66bb1f016a6e9ac9fc99808f2e,Walton Ave & E 153 St,40.822351,-73.926907,4,11,15,2026-02-17 14:02:31.969161,2026-02-17 14:02:31.969162
citi-bike-nyc,Citi Bike,"New York, NY",US,2a0dce5990fd765b3f6b5de91348efbc,37 Ave & 106 St,40.75397,-73.862,2,17,19,2026-02-17 14:02:31.969163,2026-02-17 14:02:31.969164
citi-bike-nyc,Citi Bike,"New York, NY",US,2a2be946a2b57672f688228dc025d1fa,59 St & 59 Rd,40.71790852734058,-73.908454477787,9,12,21,2026-02-17 14:02:31.969166,2026-02-17 14:02:31.969167
citi-bike-nyc,Citi Bike,"New York, NY",US,2a2f11752aea36f203ca88acdabf64f5,24 Ave & 92 St,40.76589,-73.87789,13,5,18,2026-02-17 14:02:31.969168,2026-02-17 14:02:31.969169
citi-bike-nyc,Citi Bike,"New York, NY",US,2a8b802abbdef4f973bcc0c3215199ce,E 15 St & 5 Ave,40.736592,-73.992949,49,23,72,2026-02-17 14:02:31.969172,2026-02-17 14:02:31.969173
citi-bike-nyc,Citi Bike,"New York, NY",US,2a8f0fc7919ddf3c7f7772925850ef51,3 Ave & E 72 St,40.7699426,-73.96060712,21,10,31,2026-02-17 14:02:31.969175,2026-02-17 14:02:31.969176
citi-bike-nyc,Citi Bike,"New York, NY",US,2b129f44e3c040c0c4eb1b9d4bd98be5,E 23 St & FDR Dr,40.736,-73.97605,0,44,44,2026-02-17 14:02:31.969177,2026-02-17 14:02:31.969178
citi-bike-nyc,Citi Bike,"New York, NY",US,2b36cfec7641fc0d3dab899ad2b06b67,Norman St & Wyckoff Ave,40.69517,-73.90311,6,0,6,2026-02-17 14:02:31.969180,2026-02-17 14:02:31.969181
citi-bike-nyc,Citi Bike,"New York, NY",US,2b3edc54f0aff543917e0d79bc90c917,W 20 St & 11 Ave,40.746745,-74.007756,49,23,72,2026-02-17 14:02:31.969182,2026-02-17 14:02:31.969183
citi-bike-nyc,Citi Bike,"New York, NY",US,2b56bd67fe2a8c9d61e04cb73e53817c,Schenectady Ave & Prospect Pl,40.67351,-73.93363,1,17,18,2026-02-17 14:02:31.969184,2026-02-17 14:02:31.969185
citi-bike-nyc,Citi Bike,"New York, NY",US,2b5c3e9552fcb3ffa69c5dcf54406c17,Colonial Rd & 68 St,40.63841,-74.03093,13,2,15,2026-02-17 14:02:31.969191,2026-02-17 14:02:31.969192
citi-bike-nyc,Citi Bike,"New York, NY",US,2ba795f5c1d393c0641804e7ced19dbf,Pacific St & Utica Ave,40.6767,-73.93051,3,18,21,2026-02-17 14:02:31.969193,2026-02-17 14:02:31.969194
citi-bike-nyc,Citi Bike,"New York, NY",US,2bbe9b746586a5c4827b1cecfa8779c1,7 Ave & 62 St,40.63556,-74.01298,2,20,22,2026-02-17 14:02:31.969196,2026-02-17 14:02:31.969197
citi-bike-nyc,Citi Bike,"New York, NY",US,2bbf2b22bcf7e21185a069f24e8e1444,Washington Ave & Park Ave,40.69610226,-73.96751037,32,14,46,2026-02-17 14:02:31.969198,2026-02-17 14:02:31.969199
citi-bike-nyc,Citi Bike,"New York, NY",US,2bdbe124b664b194754a8610060e7fcd,Grand Concourse & E 175 St,40.84627592921954,-73.90931278467178,1,22,23,2026-02-17 14:02:31.969200,2026-02-17 14:02:31.969201
citi-bike-nyc,Citi Bike,"New York, NY",US,2bdfd8d1cd4e0ccbd7b812fd5cfee3f4,Bailey Ave & W 229 St,40.87449,-73.90467,13,0,13,2026-02-17 14:02:31.969205,2026-02-17 14:02:31.969206
citi-bike-nyc,Citi Bike,"New York, NY",US,2c17cfae12ac9bb921675bceb0c72184,Dwight St & Van Dyke St,40.67363551341504,-74.01195555925369,22,1,23,2026-02-17 14:02:31.969208,2026-02-17 14:02:31.969209
citi-bike-nyc,Citi Bike,"New York, NY",US,2c194f6fc2097a08ffbf530ba7f7338c,University Pl & E 14 St,40.734814,-73.992085,43,0,43,2026-02-17 14:02:31.969210,2026-02-17 14:02:31.969211
citi-bike-nyc,Citi Bike,"New York, NY",US,2c5b63cae94d0ae6251762f13d8b1de7,Rogers Ave & Snyder Ave,40.6487143313713,-73.95207855180962,17,5,22,2026-02-17 14:02:31.969213,2026-02-17 14:02:31.969214
citi-bike-nyc,Citi Bike,"New York, NY",US,2c6e4e2ccc09448cf1f0c3b8428cec75,78 St & Ridge Blvd,40.62994,-74.03121,2,8,10,2026-02-17 14:02:31.969215,2026-02-17 14:02:31.969216
citi-bike-nyc,Citi Bike,"New York, NY",US,2c9261e7f49293de7c2360ef8d939a17,Sherman Ave & E 166 St,40.83130549267296,-73.91744792461395,0,18,18,2026-02-17 14:02:31.969217,2026-02-17 14:02:31.969218
citi-bike-nyc,Citi Bike,"New York, NY",US,2cd44523a6a2c76c784864c504b2a4b1,Park Ave & St Edwards St,40.69608941,-73.97803415,48,5,53,2026-02-17 14:02:31.969220,2026-02-17 14:02:31.969220
citi-bike-nyc,Citi Bike,"New York, NY",US,2cf55d83eda5d35aa2e507ffa01abb28,Wakeman Pl & Ridge Blvd,40.639421,-74.026823,10,3,13,2026-02-17 14:02:31.969222,2026-02-17 14:02:31.969223
citi-bike-nyc,Citi Bike,"New York, NY",US,2cf62c3c30274a04de606c93f4526637,St Ann's Ave & Bruckner Blvd,40.803399,-73.919763,12,2,14,2026-02-17 14:02:31.969226,2026-02-17 14:02:31.969227
citi-bike-nyc,Citi Bike,"New York, NY",US,2cff053c372d78c3d5f7086bb86277cd,Herkimer St & New York Ave,40.67955,-73.94709,2,22,24,2026-02-17 14:02:31.969229,2026-02-17 14:02:31.969230
citi-bike-nyc,Citi Bike,"New York, NY",US,2d1a889286a29c858e553a4fdc45eb1c,46 Ave & Junction Blvd,40.74399,-73.86781,5,8,13,2026-02-17 14:02:31.969231,2026-02-17 14:02:31.969232
citi-bike-nyc,Citi Bike,"New York, NY",US,2d224ee6cf5206906fb1dcbf4a2f9341,Riverside Blvd & W 67 St,40.777507027547976,-73.98888587951659,1,77,78,2026-02-17 14:02:31.969234,2026-02-17 14:02:31.969235
citi-bike-nyc,Citi Bike,"New York, NY",US,2d5ca34d7071296701458ee1a4bf12cd,Clinton Ave & Flushing Ave,40.69794,-73.96986848,6,7,13,2026-02-17 14:02:31.969236,2026-02-17 14:02:31.969237
citi-bike-nyc,Citi Bike,"New York, NY",US,2d7c56083387e0725e03f7844f4ea551,Broadway & W 53 St,40.76344058,-73.98268129,37,36,73,2026-02-17 14:02:31.969238,2026-02-17 14:02:31.969239
citi-bike-nyc,Citi Bike,"New York, NY",US,2d7de07237326c10e0fa952bf8d55c0f,Gleane St & Britton Ave,40.74646,-73.87996,0,20,20,2026-02-17 14:02:31.969241,2026-02-17 14:02:31.969242
citi-bike-nyc,Citi Bike,"New York, NY",US,2d7fb499888db0d85db6a5906ddf107a,Dock 72 Way & Market St,40.69985,-73.97141,3,0,3,2026-02-17 14:02:31.969246,2026-02-17 14:02:31.969247
citi-bike-nyc,Citi Bike,"New York, NY",US,2dad45a670990f8a7c2b71f3c96ab1dd,West St & Liberty St,40.711444,-74.014847,47,0,47,2026-02-17 14:02:31.969248,2026-02-17 14:02:31.969249
citi-bike-nyc,Citi Bike,"New York, NY",US,2dc27c47025c3080b1de6e7fc4f8c644,E 85 St & York Ave,40.77536905,-73.94803392,18,24,42,2026-02-17 14:02:31.969251,2026-02-17 14:02:31.969252
citi-bike-nyc,Citi Bike,"New York, NY",US,2e0676aba8042f88920f8c00af219dfd,Varick St & Watts St,40.723635749203936,-74.006020305859,39,8,47,2026-02-17 14:02:31.969253,2026-02-17 14:02:31.969254
citi-bike-nyc,Citi Bike,"New York, NY",US,2e19e061cb761499b1d2d478133d7c81,38 Ave & 29 St,40.75473,-73.93367,3,14,17,2026-02-17 14:02:31.969255,2026-02-17 14:02:31.969256
citi-bike-nyc,Citi Bike,"New York, NY",US,2e69b7f6729c08ce99df4308fa02cc2c,Morris Ave & E 163 St,40.827230499624726,-73.91765579597632,9,10,19,2026-02-17 14:02:31.969258,2026-02-17 14:02:31.969259
citi-bike-nyc,Citi Bike,"New York, NY",US,2e72797db289b26a447c083e44f64997,Featherbed Ln & Jerome Ave,40.845505,-73.914311,18,3,21,2026-02-17 14:02:31.969260,2026-02-17 14:02:31.969261
citi-bike-nyc,Citi Bike,"New York, NY",US,2efb7c3068c3a7dc1c2c5dcafb03489e,Howard St & Lafayette St,40.71910537,-73.99973337,37,0,37,2026-02-17 14:02:31.969262,2026-02-17 14:02:31.969263
citi-bike-nyc,Citi Bike,"New York, NY",US,2f0b73d17da0a76c71491b1a2360c7ef,Mets Plaza at Citi Field,40.75521,-73.84672,31,3,34,2026-02-17 14:02:31.969268,2026-02-17 14:02:31.969269
citi-bike-nyc,Citi Bike,"New York, NY",US,2f19fed362b1b979fdaae809c504d28a,36 St & Ditmars Blvd,40.774306,-73.908335,11,11,22,2026-02-17 14:02:31.969270,2026-02-17 14:02:31.969271
citi-bike-nyc,Citi Bike,"New York, NY",US,2f3b31369758bd42df0bbe0fee76f8b1,Jerome Ave & Anderson Ave,40.830179,-73.928747,1,18,19,2026-02-17 14:02:31.969272,2026-02-17 14:02:31.969273
citi-bike-nyc,Citi Bike,"New York, NY",US,2f52b7e112e6b53c4efc3f0327f27a87,W 53 St & 10 Ave,40.76669671,-73.99061728,9,12,21,2026-02-17 14:02:31.969275,2026-02-17 14:02:31.969276
citi-bike-nyc,Citi Bike,"New York, NY",US,2f6a9c68ce7bf7f6a120b758eac388b7,E 182 St & Morris Ave,40.85670801831255,-73.90265285968779,1,15,16,2026-02-17 14:02:31.969277,2026-02-17 14:02:31.969278
citi-bike-nyc,Citi Bike,"New York, NY",US,2f6c2a8a946264620acac405b857ac9f,65 Pl & Woodside Ave,40.74334,-73.89903,3,15,18,2026-02-17 14:02:31.969279,2026-02-17 14:02:31.969280
citi-bike-nyc,Citi Bike,"New York, NY",US,2fce2923c521a450c30d625a258fac98,Crescent St & 34 Ave,40.76108,-73.930562,1,25,26,2026-02-17 14:02:31.969282,2026-02-17 14:02:31.969283
citi-bike-nyc,Citi Bike,"New York, NY",US,30067f5931bec58db49d5bea959cef06,E 74 St & 1 Ave,40.7689738,-73.95482273,25,42,67,2026-02-17 14:02:31.969284,2026-02-17 14:02:31.969285
citi-bike-nyc,Citi Bike,"New York, NY",US,301a351d4541b6c63db792d578fabe7d,Centre St & Seneca Ave,40.69969,-73.9022,12,9,21,2026-02-17 14:02:31.969290,2026-02-17 14:02:31.969291
citi-bike-nyc,Citi Bike,"New York, NY",US,303a2bc78544b638b59997e6eadf89b8,Somers St & Broadway,40.67945,-73.90474,11,17,28,2026-02-17 14:02:31.969292,2026-02-17 14:02:31.969294
citi-bike-nyc,Citi Bike,"New York, NY",US,3071771712dbe4468e3c766a4d6d5273,Central Park W & W 85 St,40.78476,-73.969862,2,35,37,2026-02-17 14:02:31.969295,2026-02-17 14:02:31.969296
citi-bike-nyc,Citi Bike,"New York, NY",US,30c563f875333f1f9cec03a903e7d05b,Central Ave & Melrose St,40.70112,-73.93039,6,10,16,2026-02-17 14:02:31.969297,2026-02-17 14:02:31.969298
citi-bike-nyc,Citi Bike,"New York, NY",US,30c84a4a1fedd0477fa9af1744edccd4,E 77 St & 3 Ave,40.77314236,-73.95856158,16,19,35,2026-02-17 14:02:31.969301,2026-02-17 14:02:31.969302
citi-bike-nyc,Citi Bike,"New York, NY",US,30efeb6291e54c4ea4f9eca41b533050,Stuyvesant Ave & Gates Ave,40.68834,-73.93306,2,19,21,2026-02-17 14:02:31.969304,2026-02-17 14:02:31.969305
citi-bike-nyc,Citi Bike,"New York, NY",US,31204ec136d07f7cc89f5be88a266213,Steinway St & 28 Ave,40.7656251,-73.9136695,1,22,23,2026-02-17 14:02:31.969306,2026-02-17 14:02:31.969307
citi-bike-nyc,Citi Bike,"New York, NY",US,3143261ed2a0168329f7473fe162c4b3,Cortelyou Rd & E 8 St,40.63874,-73.97063,12,3,15,2026-02-17 14:02:31.969324,2026-02-17 14:02:31.969325
citi-bike-nyc,Citi Bike,"New York, NY",US,316d13596152e5b43055a7896384c763,South St & Gouverneur Ln,40.70355377,-74.00670227,40,0,40,2026-02-17 14:02:31.969330,2026-02-17 14:02:31.969331
citi-bike-nyc,Citi Bike,"New York, NY",US,3187749f5523ade11cb11d0b9a4ca1a7,Rogers Ave & Sterling St,40.6630619,-73.9538746,11,6,17,2026-02-17 14:02:31.969333,2026-02-17 14:02:31.969334
citi-bike-nyc,Citi Bike,"New York, NY",US,31a2774ba8fa0bd689edc7927b9f35d0,E 118 St & Madison Ave,40.8014866,-73.9442507,7,22,29,2026-02-17 14:02:31.969335,2026-02-17 14:02:31.969336
citi-bike-nyc,Citi Bike,"New York, NY",US,31a578c93cf9a71a794044432a221ba2,E 88 St & Park Ave,40.781410700190015,-73.95595908164978,31,6,37,2026-02-17 14:02:31.969337,2026-02-17 14:02:31.969338
citi-bike-nyc,Citi Bike,"New York, NY",US,31b142e7ac75fc5bbb2f8843599357ae,Eagle St & Manhattan Ave,40.735217,-73.954926,11,24,35,2026-02-17 14:02:31.969340,2026-02-17 14:02:31.969341
citi-bike-nyc,Citi Bike,"New York, NY",US,31bf0d965cf02c7ca1e070dce52c86e3,E 38 St & Church Ave,40.65106,-73.94193,11,9,20,2026-02-17 14:02:31.969342,2026-02-17 14:02:31.969343
citi-bike-nyc,Citi Bike,"New York, NY",US,31c8ca03b3d2cb2b5dfe05e710988a5a,31 Ave & 84 St,40.75947,-73.88431,5,16,21,2026-02-17 14:02:31.969348,2026-02-17 14:02:31.969349
citi-bike-nyc,Citi Bike,"New York, NY",US,31d6dbb1377556a35d36db2fcd052a7c,Pinehurst Ave & W 187 St,40.855331,-73.937878,0,15,15,2026-02-17 14:02:31.969350,2026-02-17 14:02:31.969351
citi-bike-nyc,Citi Bike,"New York, NY",US,31e371e26610d23a24133495e6ce4cd0,King St & Varick St,40.72789701409023,-74.00536268949507,31,3,34,2026-02-17 14:02:31.969352,2026-02-17 14:02:31.969353
citi-bike-nyc,Citi Bike,"New York, NY",US,31f8b0182ba50650b185a73eb7ab95e8,W 13 St & 7 Ave,40.73781509,-73.99994661,33,9,42,2026-02-17 14:02:31.969355,2026-02-17 14:02:31.969356
citi-bike-nyc,Citi Bike,"New York, NY",US,31fa30231ad2e2c52212228cc6dfc878,Bergen St & Kingston Ave,40.6756,-73.9415,5,17,22,2026-02-17 14:02:31.969357,2026-02-17 14:02:31.969358
citi-bike-nyc,Citi Bike,"New York, NY",US,320607eab4c481b482ef7ecc7964f7f3,Gillmore St & 27 Ave,40.76399,-73.8669,1,16,17,2026-02-17 14:02:31.969359,2026-02-17 14:02:31.969360
citi-bike-nyc,Citi Bike,"New York, NY",US,320da8be0aec18c09e577d71994c9fd5,40 Ave & Crescent St,40.753599202005596,-73.93795609474182,3,17,20,2026-02-17 14:02:31.969362,2026-02-17 14:02:31.969363
citi-bike-nyc,Citi Bike,"New York, NY",US,3221463e83d66f3d1819362a9684f70f,Wilson Ave & Troutman St,40.70166,-73.92754,3,22,25,2026-02-17 14:02:31.969364,2026-02-17 14:02:31.969365
citi-bike-nyc,Citi Bike,"New York, NY",US,322bf18052c06f4c32aafffb445f1219,Wyckoff Ave & Jefferson St,40.707165,-73.923711,21,5,26,2026-02-17 14:02:31.969366,2026-02-17 14:02:31.969367
citi-bike-nyc,Citi Bike,"New York, NY",US,322fd986046af45fc3d7e058aab7bde3,8 Ave & W 52 St,40.76370739,-73.9851615,2,26,28,2026-02-17 14:02:31.969369,2026-02-17 14:02:31.969370
citi-bike-nyc,Citi Bike,"New York, NY",US,3235cbacd9cbd52957594657c6d4161c,W 18 St & 6 Ave,40.73971301,-73.99456405,58,0,58,2026-02-17 14:02:31.969371,2026-02-17 14:02:31.969372
citi-bike-nyc,Citi Bike,"New York, NY",US,3246546348593a5e5e8136f92e9ee03a,35 St & 34 Ave,40.7580583,-73.9242751,10,12,22,2026-02-17 14:02:31.969373,2026-02-17 14:02:31.969374
citi-bike-nyc,Citi Bike,"New York, NY",US,324b7111c8f0114b7fe0e5bed4f56a2a,Rivington St & Chrystie St,40.72110063,-73.9919254,57,2,59,2026-02-17 14:02:31.969376,2026-02-17 14:02:31.969377
citi-bike-nyc,Citi Bike,"New York, NY",US,325144d972617ff140a410abb38a425a,Southern Blvd & Ave St John,40.812769,-73.901583,1,16,17,2026-02-17 14:02:31.969378,2026-02-17 14:02:31.969379
citi-bike-nyc,Citi Bike,"New York, NY",US,3270b7a42e75e72c2ac37ca1da6c991f,Woodside Ave & 60 St,40.74521,-73.90462,3,16,19,2026-02-17 14:02:31.969383,2026-02-17 14:02:31.969384
citi-bike-nyc,Citi Bike,"New York, NY",US,329bdb12b83349e01c85ac40b8095dfc,50 Ave & 65 St,40.73707,-73.90077,9,4,13,2026-02-17 14:02:31.969386,2026-02-17 14:02:31.969387
citi-bike-nyc,Citi Bike,"New York, NY",US,32b18dd26df5ae982bfc5af9b36e1be2,E 40 St & Park Ave,40.750756,-73.978326,59,43,102,2026-02-17 14:02:31.969388,2026-02-17 14:02:31.969389
citi-bike-nyc,Citi Bike,"New York, NY",US,32b3bd56de9405fc8d94bf497d6edf8e,Grand Ave & W Fordham Rd,40.86288,-73.90316,1,19,20,2026-02-17 14:02:31.969390,2026-02-17 14:02:31.969391
citi-bike-nyc,Citi Bike,"New York, NY",US,32ccbe44cc6c7f5283eeb6ecd3b70596,Broadway & Ellwood St,40.862058,-73.929719,11,5,16,2026-02-17 14:02:31.969393,2026-02-17 14:02:31.969394
citi-bike-nyc,Citi Bike,"New York, NY",US,32db9ec5f5fe22216adb9b5b5eff6600,Clifton Pl & Bedford Ave,40.688655,-73.955156,8,13,21,2026-02-17 14:02:31.969395,2026-02-17 14:02:31.969396
citi-bike-nyc,Citi Bike,"New York, NY",US,32e76413fb7afca43cae3eb24fe561fa,64 St & 3 Ave,40.639978,-74.02324,27,6,33,2026-02-17 14:02:31.969397,2026-02-17 14:02:31.969398
citi-bike-nyc,Citi Bike,"New York, NY",US,32ecd29cd5b871bd91c856645ff210d3,Adam Clayton Powell Blvd & W 115 St,40.802535,-73.9532423,2,20,22,2026-02-17 14:02:31.969400,2026-02-17 14:02:31.969401
citi-bike-nyc,Citi Bike,"New York, NY",US,331eb9e7833eba8e89672c228a1a8185,Hoe Ave & Jennings St,40.832171,-73.889686,0,19,19,2026-02-17 14:02:31.969402,2026-02-17 14:02:31.969403
citi-bike-nyc,Citi Bike,"New York, NY",US,3372f97716fe180a4ab121b895467d8e,61 St & 60 Ln,40.70055,-73.8943,6,11,17,2026-02-17 14:02:31.969404,2026-02-17 14:02:31.969405
citi-bike-nyc,Citi Bike,"New York, NY",US,337518644c49baaccf74a42d3e1ce0b7,Clinton St & Grand St,40.71559509,-73.9870295,10,38,48,2026-02-17 14:02:31.969407,2026-02-17 14:02:31.969408
citi-bike-nyc,Citi Bike,"New York, NY",US,33abdd989d39c40927da3ad5389a5685,Brooklyn Ave & Beverley Rd,40.64575,-73.94331,18,2,20,2026-02-17 14:02:31.969409,2026-02-17 14:02:31.969410
citi-bike-nyc,Citi Bike,"New York, NY",US,33bf6b879b295d980807bfb5f217fb1d,4 Ave & Shore Road Dr,40.637033,-74.022141,3,17,20,2026-02-17 14:02:31.969412,2026-02-17 14:02:31.969413
citi-bike-nyc,Citi Bike,"New York, NY",US,342b15dc717d353c439da2c40eec7798,Forest Ave & Summerfield St,40.69922,-73.89795,4,16,20,2026-02-17 14:02:31.969414,2026-02-17 14:02:31.969415
citi-bike-nyc,Citi Bike,"New York, NY",US,3469ab16a5c85450cbdfe3580b1d8a54,Windsor Pl & Howard Pl,40.659490558938955,-73.98013919591904,19,3,22,2026-02-17 14:02:31.969416,2026-02-17 14:02:31.969417
citi-bike-nyc,Citi Bike,"New York, NY",US,346aba6e21102bd4a27aae6c6baac497,92 St & 37 Ave,40.75085,-73.87509,0,19,19,2026-02-17 14:02:31.969419,2026-02-17 14:02:31.969420
citi-bike-nyc,Citi Bike,"New York, NY",US,34712fa09110c542692b275075d35392,Jackson Ave & 46 Rd,40.74524768,-73.94733276,20,3,23,2026-02-17 14:02:31.969425,2026-02-17 14:02:31.969426
citi-bike-nyc,Citi Bike,"New York, NY",US,347d1b3b0d07329167b662f768629832,Hancock St & Malcolm X Blvd,40.68487,-73.9293,1,18,19,2026-02-17 14:02:31.969428,2026-02-17 14:02:31.969429
citi-bike-nyc,Citi Bike,"New York, NY",US,3492197593f5b76019b07834125012c6,York St & Marin Blvd,40.716615000830494,-74.0424120426178,12,4,16,2026-02-17 14:02:31.969430,2026-02-17 14:02:31.969431
citi-bike-nyc,Citi Bike,"New York, NY",US,3493f924d9414f45d77a9dbfd27c3557,Marcy Ave & Lynch St,40.702753,-73.953168,22,1,23,2026-02-17 14:02:31.969433,2026-02-17 14:02:31.969434
citi-bike-nyc,Citi Bike,"New York, NY",US,34c5288b205bd66e5df7fafb722553f5,Margaret Corbin Plz & Ft Washington Ave,40.859166,-73.933872,2,21,23,2026-02-17 14:02:31.969435,2026-02-17 14:02:31.969436
citi-bike-nyc,Citi Bike,"New York, NY",US,34cfd104ee44ca3dc900629a7c2349ce,City Hall,40.7177325,-74.043845,0,0,0,2026-02-17 14:02:31.969437,2026-02-17 14:02:31.969438
citi-bike-nyc,Citi Bike,"New York, NY",US,34d95cb57ef026e101d9ea88015bcc9f,Clarkson Ave & Troy Ave,40.65630069792407,-73.93647529780917,9,13,22,2026-02-17 14:02:31.969442,2026-02-17 14:02:31.969443
citi-bike-nyc,Citi Bike,"New York, NY",US,34dd6c48746474a848ead727855b1372,Hart St & Wyckoff Ave,40.704876,-73.919911,22,1,23,2026-02-17 14:02:31.969444,2026-02-17 14:02:31.969445
citi-bike-nyc,Citi Bike,"New York, NY",US,34e0d40758f51666372d3a0ffe2af25b,Franklin Ave & Quincy St,40.68636,-73.95678,0,15,15,2026-02-17 14:02:31.969447,2026-02-17 14:02:31.969448
citi-bike-nyc,Citi Bike,"New York, NY",US,352836708e693ffee8ae667f52a6721e,Wales Ave & E 147 St,40.811314,-73.907729,4,9,13,2026-02-17 14:02:31.969449,2026-02-17 14:02:31.969450
citi-bike-nyc,Citi Bike,"New York, NY",US,355c5191d078ff9f5a4b14f033ae21de,Lefferts Pl & Franklin Ave,40.680342423,-73.9557689392,9,11,20,2026-02-17 14:02:31.969452,2026-02-17 14:02:31.969453
citi-bike-nyc,Citi Bike,"New York, NY",US,35cb4c22b58cd751194c6e632adf0d9f,Southern Blvd & E 172 St,40.834124,-73.88955,0,18,18,2026-02-17 14:02:31.969454,2026-02-17 14:02:31.969455
citi-bike-nyc,Citi Bike,"New York, NY",US,35ec01778b26f1b1113dd72fa44e800c,Kingston Ave & E New York Ave,40.66219,-73.94293,3,18,21,2026-02-17 14:02:31.969460,2026-02-17 14:02:31.969461
citi-bike-nyc,Citi Bike,"New York, NY",US,35fcfda2940599b963d031b6cdb94af4,E 24 St & Park Ave S,40.74096374,-73.98602213,76,2,78,2026-02-17 14:02:31.969462,2026-02-17 14:02:31.969463
citi-bike-nyc,Citi Bike,"New York, NY",US,362e9a5828f220aa404109f5bc25fd09,Gold St & Frankfort St,40.71069995,-74.00354147,36,2,38,2026-02-17 14:02:31.969465,2026-02-17 14:02:31.969466
citi-bike-nyc,Citi Bike,"New York, NY",US,364bc7281c7a21e92cbb57583d05c3b4,Orchard St & Grand St,40.717318403855785,-73.99067759513855,34,9,43,2026-02-17 14:02:31.969467,2026-02-17 14:02:31.969468
citi-bike-nyc,Citi Bike,"New York, NY",US,366690b096fe22c9fbbf95088d1fa0da,Butler St & Court St,40.6849894,-73.99440329,28,4,32,2026-02-17 14:02:31.969469,2026-02-17 14:02:31.969470
citi-bike-nyc,Citi Bike,"New York, NY",US,36727c1f2fef796db977c7212dee40eb,Newtown Ave & 23 St,40.7713615,-73.9246145,10,16,26,2026-02-17 14:02:31.969472,2026-02-17 14:02:31.969473
citi-bike-nyc,Citi Bike,"New York, NY",US,367598244976bd4bbdde17a5e38eed48,Park Ave & Marcus Garvey Blvd,40.698617,-73.941342,9,10,19,2026-02-17 14:02:31.969477,2026-02-17 14:02:31.969478
citi-bike-nyc,Citi Bike,"New York, NY",US,36c45380f620fd8be88a2283a5677657,23 Ave & 83 St,40.76646,-73.88674,5,14,19,2026-02-17 14:02:31.969480,2026-02-17 14:02:31.969481
citi-bike-nyc,Citi Bike,"New York, NY",US,36c5502090e504ad74c9b4acfade70e4,W 22 St & 10 Ave,40.74691959,-74.00451887,4,71,75,2026-02-17 14:02:31.969482,2026-02-17 14:02:31.969483
citi-bike-nyc,Citi Bike,"New York, NY",US,36fbbe963246ff1cb2608a030bd8ca6c,E 184 St & 3 Ave,40.85472,-73.89022,8,10,18,2026-02-17 14:02:31.969484,2026-02-17 14:02:31.969485
citi-bike-nyc,Citi Bike,"New York, NY",US,3707d93abb2922bc9b69bdaa37bc25ee,Warren St & W Broadway,40.71473993,-74.00910627,66,0,66,2026-02-17 14:02:31.969487,2026-02-17 14:02:31.969488
citi-bike-nyc,Citi Bike,"New York, NY",US,372b887d5266aa896bd52efbcd7194b1,Central Park W & W 72 St,40.77579376683666,-73.9762057363987,0,46,46,2026-02-17 14:02:31.969489,2026-02-17 14:02:31.969490
citi-bike-nyc,Citi Bike,"New York, NY",US,373e68477ac8fc39d7dca8eb1f984966,Grand Concourse & E 203 St,40.87382,-73.88661,1,24,25,2026-02-17 14:02:31.969491,2026-02-17 14:02:31.969492
citi-bike-nyc,Citi Bike,"New York, NY",US,37630815ae6f027e515503cd0ae4b4c5,49 St & 31 Ave,40.758057,-73.909831,1,17,18,2026-02-17 14:02:31.969494,2026-02-17 14:02:31.969495
citi-bike-nyc,Citi Bike,"New York, NY",US,377775aafab036798b82f78d25328f43,N 9 St & Wythe Ave,40.72054,-73.959,46,2,48,2026-02-17 14:02:31.969496,2026-02-17 14:02:31.969497
citi-bike-nyc,Citi Bike,"New York, NY",US,37affaaa41af83e179d283a5202b800d,Church St & Worth St,40.71688538495366,-74.00650128722191,35,5,40,2026-02-17 14:02:31.969499,2026-02-17 14:02:31.969500
citi-bike-nyc,Citi Bike,"New York, NY",US,37b8a8e76d99cf861aa9a2c68fdfe41f,Columbus Ave & W 95 St,40.7919557,-73.968087,11,14,25,2026-02-17 14:02:31.969501,2026-02-17 14:02:31.969502
citi-bike-nyc,Citi Bike,"New York, NY",US,37ca54a35377834b22adae3249fe2969,Lexington Ave & Stuyvesant Ave,40.68973,-73.93353,1,19,20,2026-02-17 14:02:31.969503,2026-02-17 14:02:31.969504
citi-bike-nyc,Citi Bike,"New York, NY",US,37d6fbbf8cb6fd3bf3beaa5a186357c8,E 16 St & 5 Ave,40.73726186,-73.99238967,46,15,61,2026-02-17 14:02:31.969506,2026-02-17 14:02:31.969507
citi-bike-nyc,Citi Bike,"New York, NY",US,37f4809b95bdefd61e06eacab12bfcac,Mallory Ave & Roosevelt Ave,40.72203,-74.08596,3,10,13,2026-02-17 14:02:31.969508,2026-02-17 14:02:31.969509
citi-bike-nyc,Citi Bike,"New York, NY",US,38386865700578712480152e01e58fad,Colonial Rd & 83 St,40.62691,-74.03564,9,7,16,2026-02-17 14:02:31.969511,2026-02-17 14:02:31.969512
citi-bike-nyc,Citi Bike,"New York, NY",US,385618ca13d367c056ba4b376a85ae5b,Baldwin at Montgomery,40.7236589,-74.0641943,6,7,13,2026-02-17 14:02:31.969513,2026-02-17 14:02:31.969514
citi-bike-nyc,Citi Bike,"New York, NY",US,387d971321c72e3ecba9ceaa2bfac75a,35 Ave & 37 St,40.7557327,-73.9236611,24,6,30,2026-02-17 14:02:31.969516,2026-02-17 14:02:31.969517
citi-bike-nyc,Citi Bike,"New York, NY",US,388df83628c07eb07b4f8cc1bbd4fe02,E 20 St & FDR Dr,40.733208626522426,-73.9756813647,0,75,75,2026-02-17 14:02:31.969518,2026-02-17 14:02:31.969519
citi-bike-nyc,Citi Bike,"New York, NY",US,38b48253392ac3612f9b9f0b7affb6d1,Loring Pl North & W 183 St,40.8604244,-73.9093359997,4,15,19,2026-02-17 14:02:31.969523,2026-02-17 14:02:31.969524
citi-bike-nyc,Citi Bike,"New York, NY",US,38b9f1eaf3e65ea312b5682651d81e66,8 Ave & W 38 St,40.75461,-73.99177,3,55,58,2026-02-17 14:02:31.969526,2026-02-17 14:02:31.969527
citi-bike-nyc,Citi Bike,"New York, NY",US,38d18b335b85f074082f18bf37444250,Dawson St & Intervale Ave,40.819999,-73.897263,13,2,15,2026-02-17 14:02:31.969528,2026-02-17 14:02:31.969529
citi-bike-nyc,Citi Bike,"New York, NY",US,38db8a3f71cd3fa93df107ecc71582d7,Harborside,40.7192517,-74.034234,10,19,29,2026-02-17 14:02:31.969530,2026-02-17 14:02:31.969531
citi-bike-nyc,Citi Bike,"New York, NY",US,390464595ed2555c5f00a767c5a1b5f0,Ave C & E 16 St,40.72984830346529,-73.97455215454102,0,45,45,2026-02-17 14:02:31.969534,2026-02-17 14:02:31.969535
citi-bike-nyc,Citi Bike,"New York, NY",US,3921d7e16d8db37292fdf6134def0ac2,Thomas S. Boyland St & Marion St,40.6814658848122,-73.91415685415268,1,17,18,2026-02-17 14:02:31.969537,2026-02-17 14:02:31.969538
citi-bike-nyc,Citi Bike,"New York, NY",US,3922379771bcee233aba6ec9f678cfd2,10 St & 5 Ave,40.6686273,-73.98700053,9,14,23,2026-02-17 14:02:31.969542,2026-02-17 14:02:31.969543
citi-bike-nyc,Citi Bike,"New York, NY",US,3955ea4606e81135f7975a51b0fa6912,Kent St & McGuinness Blvd,40.73124,-73.95161,13,7,20,2026-02-17 14:02:31.969544,2026-02-17 14:02:31.969545
citi-bike-nyc,Citi Bike,"New York, NY",US,3965e217c9a650c50bd2511e5d12dfd6,St Johns Pl & Howard Ave,40.66992,-73.92002,8,11,19,2026-02-17 14:02:31.969547,2026-02-17 14:02:31.969548
citi-bike-nyc,Citi Bike,"New York, NY",US,398d467ca172bc8bd45c25a740d42873,Mount Eden Pkwy & Eastburn Ave,40.842675,-73.908544,6,12,18,2026-02-17 14:02:31.969549,2026-02-17 14:02:31.969550
citi-bike-nyc,Citi Bike,"New York, NY",US,39ba2a89ac3945131c272e04709becec,Ocean Ave & New St,40.6968,-74.08862,8,6,14,2026-02-17 14:02:31.969551,2026-02-17 14:02:31.969552
citi-bike-nyc,Citi Bike,"New York, NY",US,39c384bdac9b1870ad93844ab94c894a,31 Ave & Crescent St,40.7658346,-73.9265474,8,8,16,2026-02-17 14:02:31.969554,2026-02-17 14:02:31.969555
citi-bike-nyc,Citi Bike,"New York, NY",US,39e0c5535a118b97e5c64d0fd2da9b8e,W 20 St & 10 Ave,40.745686,-74.005141,13,35,48,2026-02-17 14:02:31.969556,2026-02-17 14:02:31.969557
citi-bike-nyc,Citi Bike,"New York, NY",US,3a0fe838333edabea5d4713400d65301,E 11 St & 3 Ave,40.73127,-73.98849,60,14,74,2026-02-17 14:02:31.969559,2026-02-17 14:02:31.969560
citi-bike-nyc,Citi Bike,"New York, NY",US,3a328085a041a4e245062c460360a3ad,Ave D & E 8 St,40.72368361,-73.97574813,2,25,27,2026-02-17 14:02:31.969561,2026-02-17 14:02:31.969562
citi-bike-nyc,Citi Bike,"New York, NY",US,3a3736819921a35d0cede9ca2d2177e4,Frederick Douglass Blvd & W 129 St,40.8125511,-73.9492286,7,14,21,2026-02-17 14:02:31.969564,2026-02-17 14:02:31.969565
citi-bike-nyc,Citi Bike,"New York, NY",US,3a57e4b3dd8d0e974505ba5db8ee1fce,Brooklyn Ave & Lefferts Ave,40.662564,-73.945565,3,17,20,2026-02-17 14:02:31.969568,2026-02-17 14:02:31.969569
citi-bike-nyc,Citi Bike,"New York, NY",US,3a5cf246dfd4c813db426bd94c43e547,Clarkson Ave & Nostrand Ave,40.6555,-73.94975,21,4,25,2026-02-17 14:02:31.969571,2026-02-17 14:02:31.969572
citi-bike-nyc,Citi Bike,"New York, NY",US,3a6e68bb0a9a6358b868c38e093485ae,Academy St & Nagle Ave,40.862562,-73.922661,7,4,11,2026-02-17 14:02:31.969573,2026-02-17 14:02:31.969574
citi-bike-nyc,Citi Bike,"New York, NY",US,3a7d5139a9ddf20d1b0cb2d212a750ce,Henry St & Degraw St,40.6847514,-73.99917254,4,12,16,2026-02-17 14:02:31.969576,2026-02-17 14:02:31.969577
citi-bike-nyc,Citi Bike,"New York, NY",US,3a85d4da4d2729e8a6bbb855c59bde02,Schenectady Ave & Cortelyou Rd,40.64535,-73.93268,12,10,22,2026-02-17 14:02:31.969578,2026-02-17 14:02:31.969579
citi-bike-nyc,Citi Bike,"New York, NY",US,3a873078b6ce67f24c0f23e0841e1609,6 Ave & W 45 St,40.756951,-73.982631,60,2,62,2026-02-17 14:02:31.969580,2026-02-17 14:02:31.969581
citi-bike-nyc,Citi Bike,"New York, NY",US,3aa004af7c409ccf3527e2f8eb94faff,20 Ave & 38 St,40.777112,-73.902382,22,4,26,2026-02-17 14:02:31.969586,2026-02-17 14:02:31.969587
citi-bike-nyc,Citi Bike,"New York, NY",US,3ad2da4e2ffd3c8f148e92b5abe0db04,W 204 St & Vermilyea Ave,40.866141,-73.922648,17,0,17,2026-02-17 14:02:31.969589,2026-02-17 14:02:31.969590
citi-bike-nyc,Citi Bike,"New York, NY",US,3aedc5b99863d361bbb46485eb65e822,Marcy Ave & Rutledge St,40.703681,-73.95427,12,6,18,2026-02-17 14:02:31.969591,2026-02-17 14:02:31.969592
citi-bike-nyc,Citi Bike,"New York, NY",US,3afe29266498257fdb5e24ed619934fc,Stratford Rd & Beverley Rd,40.64378,-73.96867,9,3,12,2026-02-17 14:02:31.969594,2026-02-17 14:02:31.969595
citi-bike-nyc,Citi Bike,"New York, NY",US,3b3fff63f52fde6cb7865911b744ceb7,Broadway & Kosciuszko St,40.69329,-73.92852,2,25,27,2026-02-17 14:02:31.969596,2026-02-17 14:02:31.969597
citi-bike-nyc,Citi Bike,"New York, NY",US,3b4a9417cef6cafc56a704b262e168de,Arlington Ave & Bramhall Ave,40.713225,-74.070645,8,10,18,2026-02-17 14:02:31.969598,2026-02-17 14:02:31.969599
citi-bike-nyc,Citi Bike,"New York, NY",US,3b6d288572e702d96fe3a28c150adc1b,W 34 St & 11 Ave,40.75594159,-74.0021163,51,25,76,2026-02-17 14:02:31.969601,2026-02-17 14:02:31.969602
citi-bike-nyc,Citi Bike,"New York, NY",US,3b6e6737c0010f86221c5e04bd55eabb,51 Ave & Alstyne Ave,40.74311,-73.85715,9,9,18,2026-02-17 14:02:31.969603,2026-02-17 14:02:31.969604
citi-bike-nyc,Citi Bike,"New York, NY",US,3b9306ee9493735c75f1ac5efcfc9e0d,57 St & Grand Ave,40.71921,-73.9124,4,15,19,2026-02-17 14:02:31.969608,2026-02-17 14:02:31.969609
citi-bike-nyc,Citi Bike,"New York, NY",US,3bb1d17813291d3cd959eaecd50bcee7,Grand Concourse & E 167 St,40.834263,-73.917641,2,26,28,2026-02-17 14:02:31.969611,2026-02-17 14:02:31.969612
citi-bike-nyc,Citi Bike,"New York, NY",US,3bc88c1c5458d3a613b727bb44313c3e,E 16 St & Irving Pl,40.735367055605394,-73.98797392845154,62,12,74,2026-02-17 14:02:31.969613,2026-02-17 14:02:31.969614
citi-bike-nyc,Citi Bike,"New York, NY",US,3c3101c1746042d8bc77053abdcc6f87,Marcy Ave & Hart St,40.693022,-73.94868,1,18,19,2026-02-17 14:02:31.969615,2026-02-17 14:02:31.969617
citi-bike-nyc,Citi Bike,"New York, NY",US,3c32d88754f29058719ce6e807497cf7,McKibbin St & Manhattan Ave,40.70510918,-73.94407279,9,12,21,2026-02-17 14:02:31.969618,2026-02-17 14:02:31.969619
citi-bike-nyc,Citi Bike,"New York, NY",US,3c6011af7e931695b712af27b99603cc,George St & Wilson Ave,40.702997,-73.92997,14,5,19,2026-02-17 14:02:31.969620,2026-02-17 14:02:31.969621
citi-bike-nyc,Citi Bike,"New York, NY",US,3c7bb5e149846496e9e48fe0358803b8,W 107 St & Columbus Ave,40.7997568,-73.9621128676,3,18,21,2026-02-17 14:02:31.969623,2026-02-17 14:02:31.969624
citi-bike-nyc,Citi Bike,"New York, NY",US,3cb64ca84d8d892fb37249cae1173f10,W 52 St & 5 Ave,40.75992262,-73.97648516,51,7,58,2026-02-17 14:02:31.969625,2026-02-17 14:02:31.969626
citi-bike-nyc,Citi Bike,"New York, NY",US,3ccf23026c38cd6efa2292afa7b79ae9,Madison Ave & E 82 St,40.7781314,-73.96069399,26,5,31,2026-02-17 14:02:31.969628,2026-02-17 14:02:31.969629
citi-bike-nyc,Citi Bike,"New York, NY",US,3d17da6f50dfb86af3779f4709189abd,Seneca Ave & Irvine St,40.81872569990116,-73.88862490653992,12,6,18,2026-02-17 14:02:31.969630,2026-02-17 14:02:31.969631
citi-bike-nyc,Citi Bike,"New York, NY",US,3d196c595f3282002216033cf87aa6ef,W 230 St & Marble Hill Ave,40.87807,-73.90796,13,9,22,2026-02-17 14:02:31.969635,2026-02-17 14:02:31.969636
citi-bike-nyc,Citi Bike,"New York, NY",US,3d1f2028580c542745f8f663fdb6a850,Peck Slip & South St,40.7075188830923,-74.00108054280281,42,1,43,2026-02-17 14:02:31.969638,2026-02-17 14:02:31.969639
citi-bike-nyc,Citi Bike,"New York, NY",US,3d3eb0ed5ef378928b2a804883f06678,Pier 61 at Chelsea Piers,40.746872,-74.00821,26,14,40,2026-02-17 14:02:31.969640,2026-02-17 14:02:31.969641
citi-bike-nyc,Citi Bike,"New York, NY",US,3d8cf5ee5e8fa4ced1ebb4a2d6db9b47,River Ave & McClellan St,40.83406,-73.92243,9,9,18,2026-02-17 14:02:31.969643,2026-02-17 14:02:31.969644
citi-bike-nyc,Citi Bike,"New York, NY",US,3d996ed1d8232ce4e94cb0aff31ca42a,Woodlawn Ave & Sterling Ave,40.7073,-74.09243,4,9,13,2026-02-17 14:02:31.969646,2026-02-17 14:02:31.969647
citi-bike-nyc,Citi Bike,"New York, NY",US,3dc872964211b3a02545ca7035b2af1d,William St & Pine St,40.70717936,-74.00887308,54,2,56,2026-02-17 14:02:31.969649,2026-02-17 14:02:31.969650
citi-bike-nyc,Citi Bike,"New York, NY",US,3df90482a0b357b6863415f24afaf337,3 Ave & Wakeman Pl,40.638246,-74.024714,12,13,25,2026-02-17 14:02:31.969651,2026-02-17 14:02:31.969652
citi-bike-nyc,Citi Bike,"New York, NY",US,3e3258a9e5393e6b4bcda20ca62376d8,Lafayette Ave & Hunts Point Ave,40.816567,-73.888161,2,14,16,2026-02-17 14:02:31.969656,2026-02-17 14:02:31.969657
citi-bike-nyc,Citi Bike,"New York, NY",US,3e5c06dabdb4783f8666189dd574e27f,Manhattan Ave & Devoe St,40.713532,-73.9459867,13,11,24,2026-02-17 14:02:31.969659,2026-02-17 14:02:31.969660
citi-bike-nyc,Citi Bike,"New York, NY",US,3e5cd35351fe3940e1235f1aff387f27,Grand Concourse & E 166 St,40.83196,-73.91956,0,20,20,2026-02-17 14:02:31.969661,2026-02-17 14:02:31.969662
citi-bike-nyc,Citi Bike,"New York, NY",US,3e75e3732fe336a1f7a49eace1cb2169,48 Ave & 5 St,40.744363287066875,-73.9558732509613,54,23,77,2026-02-17 14:02:31.969663,2026-02-17 14:02:31.969664
citi-bike-nyc,Citi Bike,"New York, NY",US,3ea0bf9dd10e24632d5bc6b1fa7c9a97,Webster Ave & E 166 St,40.828975,-73.911259,7,10,17,2026-02-17 14:02:31.969666,2026-02-17 14:02:31.969667
citi-bike-nyc,Citi Bike,"New York, NY",US,3ed4f58ca60e7c5ff77cdfc5c2dfc195,96 St & Northern Blvd,40.75712,-73.8722,3,16,19,2026-02-17 14:02:31.969668,2026-02-17 14:02:31.969669
citi-bike-nyc,Citi Bike,"New York, NY",US,3edff0feb66b3e113adb903c40ae3f7a,W 106 St & Amsterdam Ave,40.8008363,-73.9664492472,3,25,28,2026-02-17 14:02:31.969671,2026-02-17 14:02:31.969672
citi-bike-nyc,Citi Bike,"New York, NY",US,3f07a543eef48fd465a0cbacb379de96,Newport PATH,40.7272235,-74.0337589,11,7,18,2026-02-17 14:02:31.969673,2026-02-17 14:02:31.969674
citi-bike-nyc,Citi Bike,"New York, NY",US,3f1a2f1ddc43fad3630c9b0c48777114,E Mosholu Pkwy & E 204 St,40.8740704,-73.8833650931,11,8,19,2026-02-17 14:02:31.969675,2026-02-17 14:02:31.969676
citi-bike-nyc,Citi Bike,"New York, NY",US,3f23aed411e8c95368f961adbdf7b632,E 16 St & Cortelyou Rd,40.64173,-73.96364,19,4,23,2026-02-17 14:02:31.969678,2026-02-17 14:02:31.969679
citi-bike-nyc,Citi Bike,"New York, NY",US,3f3cd448e83d1878789073245f668efd,39 Ave & 56 St,40.74838,-73.90699,0,18,18,2026-02-17 14:02:31.969680,2026-02-17 14:02:31.969681
citi-bike-nyc,Citi Bike,"New York, NY",US,3f44a12f4b16508439f6a9ff5356d01d,37 St & 24 Ave,40.7701477,-73.9120938,5,10,15,2026-02-17 14:02:31.969682,2026-02-17 14:02:31.969683
citi-bike-nyc,Citi Bike,"New York, NY",US,3f683bd85708cb5378dd414789eec92b,E 47 St & 1 Ave,40.75206862,-73.96784384,2,61,63,2026-02-17 14:02:31.969686,2026-02-17 14:02:31.969687
citi-bike-nyc,Citi Bike,"New York, NY",US,3fb1685894719cfb013bd77a316a7037,Sullivan St & Washington Sq,40.73047747,-73.99906065,34,18,52,2026-02-17 14:02:31.969689,2026-02-17 14:02:31.969690
citi-bike-nyc,Citi Bike,"New York, NY",US,3fed740ee01cb04cfeb4890b6ce9482e,57 St & 4 Ave,40.642622,-74.016866,2,16,18,2026-02-17 14:02:31.969691,2026-02-17 14:02:31.969692
citi-bike-nyc,Citi Bike,"New York, NY",US,403c392bf680dd8abc82b43f51572713,Bialystoker Pl & Delancey St,40.71622644,-73.98261206,1,27,28,2026-02-17 14:02:31.969693,2026-02-17 14:02:31.969694
citi-bike-nyc,Citi Bike,"New York, NY",US,404c9692a80cc6d252bf26fb3bea6967,Henry St & Grand St,40.714211,-73.981095,0,29,29,2026-02-17 14:02:31.969696,2026-02-17 14:02:31.969697
citi-bike-nyc,Citi Bike,"New York, NY",US,4081ac99ac6fa036539a136ea8bcc645,Pioneer St & Van Brunt St,40.679043,-74.011169,31,3,34,2026-02-17 14:02:31.969698,2026-02-17 14:02:31.969699
citi-bike-nyc,Citi Bike,"New York, NY",US,40b57b825e77a7fd2821dfe266acb802,Murray St & Greenwich St,40.714851505262516,-74.01122331619263,46,0,46,2026-02-17 14:02:31.969701,2026-02-17 14:02:31.969702
citi-bike-nyc,Citi Bike,"New York, NY",US,40bbbf4f0d230a323ccd1dab4035e97d,E 60 St & York Ave,40.759107,-73.959223,11,19,30,2026-02-17 14:02:31.969703,2026-02-17 14:02:31.969704
citi-bike-nyc,Citi Bike,"New York, NY",US,40d88c9ea10bc734d08774c83b34943b,Dahill Rd & 12 Ave,40.646037,-73.980963,20,2,22,2026-02-17 14:02:31.969705,2026-02-17 14:02:31.969706
citi-bike-nyc,Citi Bike,"New York, NY",US,40e1522fdfd3337ac0a5cf5258751815,Waterbury St & Stagg St,40.71019,-73.93734,10,8,18,2026-02-17 14:02:31.969708,2026-02-17 14:02:31.969709
citi-bike-nyc,Citi Bike,"New York, NY",US,41293dd28217d8b38ed3064ddb43ed8e,Greenwich St & Rector St,40.70806582380646,-74.0135595202446,53,2,55,2026-02-17 14:02:31.969710,2026-02-17 14:02:31.969711
citi-bike-nyc,Citi Bike,"New York, NY",US,41350b21439546f8ec00452df4f893cb,E 58 St & Madison Ave,40.76302594280519,-73.97209525108337,54,4,58,2026-02-17 14:02:31.969713,2026-02-17 14:02:31.969714
citi-bike-nyc,Citi Bike,"New York, NY",US,4136a69dfaafd98435725c8aa7206573,24 St & 5 Ave,40.659555,-73.995068,15,1,16,2026-02-17 14:02:31.969715,2026-02-17 14:02:31.969716
citi-bike-nyc,Citi Bike,"New York, NY",US,41398eade069aacc67333a0d011f073e,Broadway & W 29 St,40.7462009,-73.98855723,54,28,82,2026-02-17 14:02:31.969717,2026-02-17 14:02:31.969718
citi-bike-nyc,Citi Bike,"New York, NY",US,4179c4529740008c41947e647a9c9f51,E 171 St & Webster Ave,40.838379,-73.905838,17,3,20,2026-02-17 14:02:31.969720,2026-02-17 14:02:31.969721
citi-bike-nyc,Citi Bike,"New York, NY",US,41d8167a1ecc765514809f54a6e6de96,E 48 St & 5 Ave,40.75724567911726,-73.97805914282799,30,31,61,2026-02-17 14:02:31.969722,2026-02-17 14:02:31.969723
citi-bike-nyc,Citi Bike,"New York, NY",US,41e22cfe89dc93748fd2b8da285cf534,W 163 St & Edgecombe Ave,40.835798,-73.937496,0,19,19,2026-02-17 14:02:31.969724,2026-02-17 14:02:31.969726
citi-bike-nyc,Citi Bike,"New York, NY",US,41fe4253b2718d27817c0327887bf19a,3 St & Hoyt St,40.6777287,-73.99364123,43,7,50,2026-02-17 14:02:31.969727,2026-02-17 14:02:31.969728
citi-bike-nyc,Citi Bike,"New York, NY",US,422446e40cb3cd2065a08c94b74b3b15,39 Ave & 54 St,40.74891,-73.90899,9,6,15,2026-02-17 14:02:31.969729,2026-02-17 14:02:31.969730
citi-bike-nyc,Citi Bike,"New York, NY",US,423d0371490a34b937f4c8e6e1876c9d,Kosciuszko St & Tompkins Ave,40.69128258,-73.9452416,0,17,17,2026-02-17 14:02:31.969732,2026-02-17 14:02:31.969733
citi-bike-nyc,Citi Bike,"New York, NY",US,4242c2e915de9d6aaa4f562904c17973,60 Pl & Linden St,40.70886,-73.90182,0,20,20,2026-02-17 14:02:31.969734,2026-02-17 14:02:31.969735
citi-bike-nyc,Citi Bike,"New York, NY",US,42aa14fbedd083e8026fc0ab5ed54b52,Grand Ave & 55 St,40.71888,-73.91427,8,11,19,2026-02-17 14:02:31.969737,2026-02-17 14:02:31.969738
citi-bike-nyc,Citi Bike,"New York, NY",US,42ae2e0890d2f8c84a477c3f4a17f5c2,E 7 St & Ave C,40.72412944090093,-73.97901266813278,0,33,33,2026-02-17 14:02:31.969739,2026-02-17 14:02:31.969740
citi-bike-nyc,Citi Bike,"New York, NY",US,42bdfd95b16ecefff5648f275d1cb734,Fort Washington Ave & W 183 St,40.852252,-73.937854,0,17,17,2026-02-17 14:02:31.969741,2026-02-17 14:02:31.969742
citi-bike-nyc,Citi Bike,"New York, NY",US,42d9f597d252f889438ec2c9fd63722c,Wyckoff Ave & Stanhope St,40.703545,-73.917775,20,1,21,2026-02-17 14:02:31.969744,2026-02-17 14:02:31.969745
citi-bike-nyc,Citi Bike,"New York, NY",US,42dda0d9c27369af876666c8f866b190,E 89 St & York Ave,40.7779453,-73.946041,16,14,30,2026-02-17 14:02:31.969748,2026-02-17 14:02:31.969749
citi-bike-nyc,Citi Bike,"New York, NY",US,43146ddbd9ba05a1fd795427bc449f56,Clinton St & Cherry St,40.711471394469264,-73.98672603070736,23,8,31,2026-02-17 14:02:31.969750,2026-02-17 14:02:31.969751
citi-bike-nyc,Citi Bike,"New York, NY",US,43422db459689ec0dd5ba2c123fccba1,E 53 St & Madison Ave,40.7597108,-73.97402311,35,14,49,2026-02-17 14:02:31.969755,2026-02-17 14:02:31.969756
citi-bike-nyc,Citi Bike,"New York, NY",US,437ed8717a280775b55401e3627fe367,48 Ave & 41 St,40.73985995699164,-73.92400324344635,1,18,19,2026-02-17 14:02:31.969757,2026-02-17 14:02:31.969758
citi-bike-nyc,Citi Bike,"New York, NY",US,43828393c477c196592743dd7eca394c,Spring St & Hudson St,40.72583996792375,-74.0076532959938,48,14,62,2026-02-17 14:02:31.969760,2026-02-17 14:02:31.969761
citi-bike-nyc,Citi Bike,"New York, NY",US,438969f3716267e538c234a9bb7b9b8a,3 Ave & Carroll St,40.677027,-73.9865,23,2,25,2026-02-17 14:02:31.969762,2026-02-17 14:02:31.969763
citi-bike-nyc,Citi Bike,"New York, NY",US,43aef3e0d053faf4647d3b1b0e0ec483,Broadway & E 21 St,40.739888408589955,-73.98958593606949,49,0,49,2026-02-17 14:02:31.969764,2026-02-17 14:02:31.969765
citi-bike-nyc,Citi Bike,"New York, NY",US,43d15be3cadb459f5905527f16798be2,W 56 St & 6 Ave,40.76340613,-73.97722479,46,2,48,2026-02-17 14:02:31.969767,2026-02-17 14:02:31.969768
citi-bike-nyc,Citi Bike,"New York, NY",US,43e87c8e657fab851ecf57920efce434,Crotona Ave & Crotona Park N,40.84234,-73.89409,8,11,19,2026-02-17 14:02:31.969769,2026-02-17 14:02:31.969770
citi-bike-nyc,Citi Bike,"New York, NY",US,4412a57b1d9a12fa7ee95090300ed493,6 Ave & 55 St,40.640831,-74.010996,6,13,19,2026-02-17 14:02:31.969771,2026-02-17 14:02:31.969772
citi-bike-nyc,Citi Bike,"New York, NY",US,44211154fab8f5f764873227629dbe40,4 Ave & 81 St,40.62643,-74.02707,9,8,17,2026-02-17 14:02:31.969774,2026-02-17 14:02:31.969775
citi-bike-nyc,Citi Bike,"New York, NY",US,4422451af518a360e9486e6fa32af3b3,River Ter & Warren St,40.71759894980997,-74.01587963104248,62,0,62,2026-02-17 14:02:31.969776,2026-02-17 14:02:31.969777
citi-bike-nyc,Citi Bike,"New York, NY",US,4423814816a934c78ef7128a36ba548d,Forsyth St & Grand St,40.71779817737835,-73.99316132068634,57,0,57,2026-02-17 14:02:31.969779,2026-02-17 14:02:31.969780
citi-bike-nyc,Citi Bike,"New York, NY",US,443709eb17609d67cbd0cfe3f665dc47,W 218 St & Indian Rd,40.873054589370895,-73.91837194561958,11,10,21,2026-02-17 14:02:31.969786,2026-02-17 14:02:31.969787
citi-bike-nyc,Citi Bike,"New York, NY",US,4449cb908b55ad07a725cc4c1412baac,Bedford Ave & S 9 St,40.70853074,-73.96408963,13,8,21,2026-02-17 14:02:31.969788,2026-02-17 14:02:31.969789
citi-bike-nyc,Citi Bike,"New York, NY",US,444c32577f892120b394eca61e0be14c,78 St & Northern Blvd,40.75499,-73.88905,6,33,39,2026-02-17 14:02:31.969790,2026-02-17 14:02:31.969791
citi-bike-nyc,Citi Bike,"New York, NY",US,4469ad96c344e09e35387becfef48da9,Prospect Pl & Nostrand Ave,40.67428,-73.9503,1,18,19,2026-02-17 14:02:31.969793,2026-02-17 14:02:31.969794
citi-bike-nyc,Citi Bike,"New York, NY",US,44892eed9e34501dd4f6c6b29f78e64b,51 Ave & Van Loon St,40.73832,-73.87913,24,0,24,2026-02-17 14:02:31.969795,2026-02-17 14:02:31.969796
citi-bike-nyc,Citi Bike,"New York, NY",US,4490604c44f9fe3cb7ea732ff851ff99,Westchester Ave & Jackson Ave,40.816124,-73.908116,19,0,19,2026-02-17 14:02:31.969800,2026-02-17 14:02:31.969801
citi-bike-nyc,Citi Bike,"New York, NY",US,44a7095bb6e7d73c8366bc25c222e946,4 Ave & 76 St,40.63005,-74.0255,11,4,15,2026-02-17 14:02:31.969803,2026-02-17 14:02:31.969804
citi-bike-nyc,Citi Bike,"New York, NY",US,44b4c228dbb24fd32a7e1060943db7db,E 82 St & East End Ave,40.7724607,-73.9468208,3,24,27,2026-02-17 14:02:31.969805,2026-02-17 14:02:31.969806
citi-bike-nyc,Citi Bike,"New York, NY",US,44e383f50158723fe506e227d565eeba,E 141 St & St Ann's Ave,40.808633,-73.916124,3,13,16,2026-02-17 14:02:31.969808,2026-02-17 14:02:31.969809
citi-bike-nyc,Citi Bike,"New York, NY",US,44fad9aa648f78a98b5bfc440f9ed263,Broadway & 51 St,40.754164,-73.908906,15,9,24,2026-02-17 14:02:31.969810,2026-02-17 14:02:31.969811
citi-bike-nyc,Citi Bike,"New York, NY",US,4507a7bbb4b02ab0f2af73af47bcc589,Chauncey St & Malcolm X Blvd,40.68044,-73.92842,11,11,22,2026-02-17 14:02:31.969812,2026-02-17 14:02:31.969813
citi-bike-nyc,Citi Bike,"New York, NY",US,4515f678f840d1d74aea3e988af641d8,68 St & 4 Ave,40.63537,-74.02342,0,13,13,2026-02-17 14:02:31.969818,2026-02-17 14:02:31.969819
citi-bike-nyc,Citi Bike,"New York, NY",US,4516368a93b99c2ea07c226e5a37fc2c,E 169 St & Fox St,40.827184,-73.893721,1,16,17,2026-02-17 14:02:31.969820,2026-02-17 14:02:31.969821
citi-bike-nyc,Citi Bike,"New York, NY",US,452d92cef2f57eba6bf640bcd374fbb8,Knickerbocker Ave & Hancock St,40.69385,-73.90974,8,13,21,2026-02-17 14:02:31.969823,2026-02-17 14:02:31.969824
citi-bike-nyc,Citi Bike,"New York, NY",US,4531c919c01a96b680951de0d64e3de4,Rogers Ave & Lenox Rd,40.65378286163502,-73.95270188179111,4,18,22,2026-02-17 14:02:31.969825,2026-02-17 14:02:31.969826
citi-bike-nyc,Citi Bike,"New York, NY",US,455785e84bc14dede3288a85edcda668,W 35 St & 9 Ave,40.75414519263519,-73.9960889518261,18,9,27,2026-02-17 14:02:31.969828,2026-02-17 14:02:31.969829
citi-bike-nyc,Citi Bike,"New York, NY",US,45802533b0aafcc18542dee66c80c2bf,Davidson Ave & W Burnside Ave,40.853646,-73.908731,19,12,31,2026-02-17 14:02:31.969830,2026-02-17 14:02:31.969831
citi-bike-nyc,Citi Bike,"New York, NY",US,458721d27442258852411cd8f597a71b,Marcy Ave & Lafayette Ave,40.6900815,-73.947915,1,20,21,2026-02-17 14:02:31.969836,2026-02-17 14:02:31.969837
citi-bike-nyc,Citi Bike,"New York, NY",US,45a0973239c50e2d445442d9229d906f,Wyckoff Ave & Cooper Ave,40.69338,-73.90061,18,0,18,2026-02-17 14:02:31.969870,2026-02-17 14:02:31.969881
citi-bike-nyc,Citi Bike,"New York, NY",US,45be467c06e7ff284cfd33f430aaae8d,Woodhaven Blvd & Hoffman Dr,40.73303,-73.871,29,0,29,2026-02-17 14:02:31.969886,2026-02-17 14:02:31.969887
citi-bike-nyc,Citi Bike,"New York, NY",US,4601cf3ce176909639264305bd3d5d4f,11 St & Washington St,40.74998490907138,-74.02715027332306,4,16,20,2026-02-17 14:02:31.969889,2026-02-17 14:02:31.969890
citi-bike-nyc,Citi Bike,"New York, NY",US,461f47defcc688ad14984bb186072d6d,W 13 St & 5 Ave,40.735445,-73.99431,25,3,28,2026-02-17 14:02:31.969891,2026-02-17 14:02:31.969893
citi-bike-nyc,Citi Bike,"New York, NY",US,464be38bcdaa9d0f7faa791bae245e7d,E 21 St & Church Ave,40.65007,-73.96001,6,19,25,2026-02-17 14:02:31.969894,2026-02-17 14:02:31.969895
citi-bike-nyc,Citi Bike,"New York, NY",US,4689f3cf2102389a4b64c1f9904f9061,Columbus Pl & Atlantic Ave,40.67717,-73.92285,1,18,19,2026-02-17 14:02:31.969896,2026-02-17 14:02:31.969897
citi-bike-nyc,Citi Bike,"New York, NY",US,468c2ab8dca86f767e3fe472a6eff32e,Warren St & Roosevelt Ave,40.74919,-73.87054,3,18,21,2026-02-17 14:02:31.969899,2026-02-17 14:02:31.969900
citi-bike-nyc,Citi Bike,"New York, NY",US,46925eea7a194ffd83ea829714e84624,Madison St & Malcolm X Blvd,40.68713,-73.93008,3,20,23,2026-02-17 14:02:31.969901,2026-02-17 14:02:31.969902
citi-bike-nyc,Citi Bike,"New York, NY",US,46a983722ee1f51813a6a3eb6534a6e4,W 100 St & Manhattan Ave,40.795,-73.9645,1,39,40,2026-02-17 14:02:31.969904,2026-02-17 14:02:31.969905
citi-bike-nyc,Citi Bike,"New York, NY",US,46d0d078207f737b7444fd04a72fad2b,W 46 St & 11 Ave,40.76341379,-73.99667444,1,17,18,2026-02-17 14:02:31.969912,2026-02-17 14:02:31.969913
citi-bike-nyc,Citi Bike,"New York, NY",US,46e8d1f7aedc2af9502af6a12ec7e6d1,Fairmount Pl & Prospect Ave,40.843099,-73.889927,3,11,14,2026-02-17 14:02:31.969919,2026-02-17 14:02:31.969920
citi-bike-nyc,Citi Bike,"New York, NY",US,46fdecb5cba324451c07ca09b3bd02a4,E 205 St & Webster Ave,40.87302,-73.87514,0,15,15,2026-02-17 14:02:31.969922,2026-02-17 14:02:31.969923
citi-bike-nyc,Citi Bike,"New York, NY",US,47226d6c2ec04899e1edb05391b8cbd4,20 Ave & 42 St,40.775415,-73.900063,15,5,20,2026-02-17 14:02:31.969924,2026-02-17 14:02:31.969925
citi-bike-nyc,Citi Bike,"New York, NY",US,474bde65f9ce730e3be0d55f8410a24d,Schenectady Ave & Maple St,40.66178,-73.93445,10,7,17,2026-02-17 14:02:31.969927,2026-02-17 14:02:31.969928
citi-bike-nyc,Citi Bike,"New York, NY",US,476b13aebd6741eeb3207a0293d6c354,Fresh Pond Rd & Flushing Ave,40.72155,-73.90295,14,5,19,2026-02-17 14:02:31.969929,2026-02-17 14:02:31.969930
citi-bike-nyc,Citi Bike,"New York, NY",US,47781f0f51e69a3693f5c7d1bcd59f6b,32 Ave & 84 St,40.75793,-73.88401,0,19,19,2026-02-17 14:02:31.969932,2026-02-17 14:02:31.969932
citi-bike-nyc,Citi Bike,"New York, NY",US,47881b9c61afaf99a70a6f08c97b704e,60 Ave & Junction Blvd,40.73466,-73.86501,15,0,15,2026-02-17 14:02:31.969938,2026-02-17 14:02:31.969939
citi-bike-nyc,Citi Bike,"New York, NY",US,478c1ccb19d4bdf833ee52093f47b0ff,7 St & Monroe St,40.74641264837719,-74.03797701001167,4,14,18,2026-02-17 14:02:31.969940,2026-02-17 14:02:31.969941
citi-bike-nyc,Citi Bike,"New York, NY",US,479a4d7c88a5cbea3a6a7d68264808e0,Lenox Ave & W 126 St,40.808442,-73.9452087,13,32,45,2026-02-17 14:02:31.969943,2026-02-17 14:02:31.969944
citi-bike-nyc,Citi Bike,"New York, NY",US,47cd29bb10843862902961362ac632e8,Macombs Rd & W 175 St,40.848177,-73.916082,2,16,18,2026-02-17 14:02:31.969945,2026-02-17 14:02:31.969946
citi-bike-nyc,Citi Bike,"New York, NY",US,47cdd66bc7faa0c688f9b70677241318,Bergen St & Buffalo Ave,40.6747,-73.92512,0,19,19,2026-02-17 14:02:31.969948,2026-02-17 14:02:31.969949
citi-bike-nyc,Citi Bike,"New York, NY",US,47fec1e789f8ebd9aee7ff21021e491b,Ocean Pkwy & Ave C,40.64078,-73.97395,10,4,14,2026-02-17 14:02:31.969950,2026-02-17 14:02:31.969951
citi-bike-nyc,Citi Bike,"New York, NY",US,480bd31f85deae5bb5630c392ef5555f,3 Ave & E 172 St,40.839586,-73.900277,2,17,19,2026-02-17 14:02:31.969955,2026-02-17 14:02:31.969956
citi-bike-nyc,Citi Bike,"New York, NY",US,48142d92a4bb21ac71a1de0cbe29e105,Greene Ave & Myrtle Ave,40.698568,-73.918877,7,22,29,2026-02-17 14:02:31.969958,2026-02-17 14:02:31.969959
citi-bike-nyc,Citi Bike,"New York, NY",US,483e55a08dbd212943eef564fcbc9f1b,64 St & 53 Dr,40.72897,-73.90115,9,7,16,2026-02-17 14:02:31.969960,2026-02-17 14:02:31.969961
citi-bike-nyc,Citi Bike,"New York, NY",US,4843663a0b8090614a91de38d2299b4c,Sharon St & Olive St,40.715341620424475,-73.93865078687668,5,17,22,2026-02-17 14:02:31.969963,2026-02-17 14:02:31.969964
citi-bike-nyc,Citi Bike,"New York, NY",US,486ceb4d4947975e838e0813bccb79a0,Cedar St & Evergreen Ave,40.69671,-73.92807,7,17,24,2026-02-17 14:02:31.969965,2026-02-17 14:02:31.969966
citi-bike-nyc,Citi Bike,"New York, NY",US,48940a573f9f66f4d20cd7087f648ffe,Bainbridge Ave & Bedford Park Blvd,40.87002,-73.88565,1,17,18,2026-02-17 14:02:31.969967,2026-02-17 14:02:31.969968
citi-bike-nyc,Citi Bike,"New York, NY",US,48b0e9677b13ee7440042dbe38b0f8b4,Kent Ave & N 3 St,40.717979409782956,-73.96427449047715,36,13,49,2026-02-17 14:02:31.969972,2026-02-17 14:02:31.969973
citi-bike-nyc,Citi Bike,"New York, NY",US,48b65d33336610bd2ea379f59e70f3b1,33 St & 47 Ave,40.74283,-73.9321,17,7,24,2026-02-17 14:02:31.969975,2026-02-17 14:02:31.969976
citi-bike-nyc,Citi Bike,"New York, NY",US,490f4229e50eac6c6db3e5fa8b021321,Southwest Park - Jackson St & Observer Hwy,40.73755127245804,-74.04166370630264,4,15,19,2026-02-17 14:02:31.969977,2026-02-17 14:02:31.969978
citi-bike-nyc,Citi Bike,"New York, NY",US,491b6f9fdeaa3c4495557e9d57a4b445,Henry St & Remsen St,40.69400964865994,-73.99465128779411,7,16,23,2026-02-17 14:02:31.969980,2026-02-17 14:02:31.969981
citi-bike-nyc,Citi Bike,"New York, NY",US,492d09f8c501631577b467bfd7e0fdff,Bedford Ave & Beverley Rd,40.64491,-73.95487,12,10,22,2026-02-17 14:02:31.969982,2026-02-17 14:02:31.969983
citi-bike-nyc,Citi Bike,"New York, NY",US,4942ecc8374c7ef5b350be69464e2b00,E 170 St & Sheridan Ave,40.838315,-73.912604,2,27,29,2026-02-17 14:02:31.969985,2026-02-17 14:02:31.969986
citi-bike-nyc,Citi Bike,"New York, NY",US,495a889770e8f25d4b232ec7e260bc2d,Degraw St & Smith St,40.6829151,-73.99318208,19,1,20,2026-02-17 14:02:31.969990,2026-02-17 14:02:31.969991
citi-bike-nyc,Citi Bike,"New York, NY",US,496fdc394e27567697c254e1adfccb85,Front St & Washington St,40.70255088,-73.98940236,49,0,49,2026-02-17 14:02:31.969993,2026-02-17 14:02:31.969994
citi-bike-nyc,Citi Bike,"New York, NY",US,497e52ca9f2a7519fec675a8b62c806d,37 Ave & 113 St,40.75475,-73.8549,15,14,29,2026-02-17 14:02:31.969995,2026-02-17 14:02:31.969996
citi-bike-nyc,Citi Bike,"New York, NY",US,498c10b506a00ec3c1290091f2e61630,Ocean Ave & Crooke Ave,40.65326,-73.96172,13,12,25,2026-02-17 14:02:31.969998,2026-02-17 14:02:31.969999
citi-bike-nyc,Citi Bike,"New York, NY",US,49be03cef0b862276421e33297286e46,Court St & Huntington St,40.67595768953126,-73.99894942833194,22,9,31,2026-02-17 14:02:31.970000,2026-02-17 14:02:31.970001
citi-bike-nyc,Citi Bike,"New York, NY",US,49c2cfebcf344b6df92739fab35f098f,W 116 St & Broadway,40.8082,-73.9641,8,31,39,2026-02-17 14:02:31.970003,2026-02-17 14:02:31.970004
citi-bike-nyc,Citi Bike,"New York, NY",US,49c9cfecabff36324d43f313fe307507,W Tremont Ave & Matthewson Rd,40.853827,-73.920765,11,7,18,2026-02-17 14:02:31.970008,2026-02-17 14:02:31.970009
citi-bike-nyc,Citi Bike,"New York, NY",US,49fe6f14b8c6b4ae4fad7f6cbea58a25,E 128 St & Madison Ave,40.80756,-73.939182,8,15,23,2026-02-17 14:02:31.970011,2026-02-17 14:02:31.970012
citi-bike-nyc,Citi Bike,"New York, NY",US,4a15d793e21d0294694ee3eba6e46a59,Valentine Ave & E 181 St,40.854123869116,-73.89932222664356,5,15,20,2026-02-17 14:02:31.970013,2026-02-17 14:02:31.970014
citi-bike-nyc,Citi Bike,"New York, NY",US,4a1c8658155444641bdb4e418fa30794,Macon St & Nostrand Ave,40.6809833854,-73.9500479759,8,2,10,2026-02-17 14:02:31.970016,2026-02-17 14:02:31.970017
citi-bike-nyc,Citi Bike,"New York, NY",US,4a3bcb2d54c12a4b08b6a06382f80263,5 Ave & E 135 St,40.812191,-73.937838,2,18,20,2026-02-17 14:02:31.970018,2026-02-17 14:02:31.970019
citi-bike-nyc,Citi Bike,"New York, NY",US,4a44f98146f5230ffb9723ca393262c0,4 Ave & 94 St,40.61689,-74.03091,7,13,20,2026-02-17 14:02:31.970020,2026-02-17 14:02:31.970021
citi-bike-nyc,Citi Bike,"New York, NY",US,4a5b1d86d3614d97f4e5d28397e9dc41,Butler St & 27 Ave,40.76521,-73.86483,1,16,17,2026-02-17 14:02:31.970026,2026-02-17 14:02:31.970027
citi-bike-nyc,Citi Bike,"New York, NY",US,4a5e2e19caed8f0e74d9689979ac7ff8,Macombs Rd & Featherbed Ln,40.84552,-73.91722,7,11,18,2026-02-17 14:02:31.970028,2026-02-17 14:02:31.970029
citi-bike-nyc,Citi Bike,"New York, NY",US,4a7667bbf319714c3a3b665085ae5b16,30 Ave & 41 St,40.763422,-73.914142,3,18,21,2026-02-17 14:02:31.970031,2026-02-17 14:02:31.970032
citi-bike-nyc,Citi Bike,"New York, NY",US,4abbc2e268d688c0c6d107b9a590529d,Tompkins Ave & Hopkins St,40.69957608,-73.94708417,10,9,19,2026-02-17 14:02:31.970034,2026-02-17 14:02:31.970035
citi-bike-nyc,Citi Bike,"New York, NY",US,4afcc8285381fb09276fd4ca3e58307c,Menahan St & Onderdonk Ave,40.70553,-73.9096,3,16,19,2026-02-17 14:02:31.970037,2026-02-17 14:02:31.970038
citi-bike-nyc,Citi Bike,"New York, NY",US,4b1c7d390a9be0827ee20164f3200c83,Sterling St & Nostrand Ave,40.66318,-73.95076,17,5,22,2026-02-17 14:02:31.970043,2026-02-17 14:02:31.970044
citi-bike-nyc,Citi Bike,"New York, NY",US,4b2322d5beb50b0d5b5b0cf67784d38b,7 Ave & 17 St,40.660937794931684,-73.98680448532104,4,10,14,2026-02-17 14:02:31.970045,2026-02-17 14:02:31.970046
citi-bike-nyc,Citi Bike,"New York, NY",US,4b2b2849716d6a762418d6231296f6db,W 50 St & 9 Ave,40.763604677958625,-73.98917958140373,1,28,29,2026-02-17 14:02:31.970048,2026-02-17 14:02:31.970049
citi-bike-nyc,Citi Bike,"New York, NY",US,4b4da285877a0e645175b75c3c82b9f1,E Houston St & Columbia St,40.71978635452822,-73.97871628403664,4,44,48,2026-02-17 14:02:31.970051,2026-02-17 14:02:31.970052
citi-bike-nyc,Citi Bike,"New York, NY",US,4b8006ed1946622e1a5807dfe5006856,Fulton St & Utica Ave,40.6794268,-73.9298911,9,8,17,2026-02-17 14:02:31.970053,2026-02-17 14:02:31.970054
citi-bike-nyc,Citi Bike,"New York, NY",US,4b805450bbcedb6f81d2d0a62db3d68b,Grand St & Elizabeth St,40.718822,-73.99596,32,12,44,2026-02-17 14:02:31.970056,2026-02-17 14:02:31.970056
citi-bike-nyc,Citi Bike,"New York, NY",US,4b972729329d774673d2b43a43c7da11,New York Ave & St Marks Ave,40.67514,-73.94716,0,20,20,2026-02-17 14:02:31.970061,2026-02-17 14:02:31.970062
citi-bike-nyc,Citi Bike,"New York, NY",US,4bbbed23270a34498c42e1188dcbe9bc,Vernon Blvd & 50 Ave,40.74232744,-73.95411749,39,0,39,2026-02-17 14:02:31.970063,2026-02-17 14:02:31.970064
citi-bike-nyc,Citi Bike,"New York, NY",US,4bd1822ee5b4cca7ce7c14e9a238319c,Bradley Ave & Greenpoint Ave,40.73565914819229,-73.93478840589523,18,0,18,2026-02-17 14:02:31.970066,2026-02-17 14:02:31.970067
citi-bike-nyc,Citi Bike,"New York, NY",US,4c020f4fb17b6234df87153d677e9bd6,E 25 St & 2 Ave,40.73912601,-73.97973776,0,76,76,2026-02-17 14:02:31.970068,2026-02-17 14:02:31.970069
citi-bike-nyc,Citi Bike,"New York, NY",US,4c267aab9a49432c3bc4b22ca9dba7ed,W 36 St & 9 Ave,40.75462324029105,-73.99516761302948,6,35,41,2026-02-17 14:02:31.970071,2026-02-17 14:02:31.970072
citi-bike-nyc,Citi Bike,"New York, NY",US,4c29f2b86862def0267a5c26f5309630,36 Ave & 10 St,40.7614376,-73.9411265,6,13,19,2026-02-17 14:02:31.970073,2026-02-17 14:02:31.970074
citi-bike-nyc,Citi Bike,"New York, NY",US,4c515c71ceeb8c02481678821b235363,E 49 St & Church Ave,40.65182,-73.93135,22,2,24,2026-02-17 14:02:31.970079,2026-02-17 14:02:31.970080
citi-bike-nyc,Citi Bike,"New York, NY",US,4c75b208e6bc6c0aa04224b6bf639827,Graham Ave & Conselyea St,40.715143,-73.944507,22,6,28,2026-02-17 14:02:31.970082,2026-02-17 14:02:31.970083
citi-bike-nyc,Citi Bike,"New York, NY",US,4cbfaa21aaba97a7316891820ab33f65,Lispenard St & Broadway,40.71939226,-74.00247214,65,11,76,2026-02-17 14:02:31.970084,2026-02-17 14:02:31.970085
citi-bike-nyc,Citi Bike,"New York, NY",US,4cc72294aee512912b2d6c286c5392bf,Paul Ave & Mosholu Pkwy,40.8802945,-73.8860653648,4,12,16,2026-02-17 14:02:31.970087,2026-02-17 14:02:31.970088
citi-bike-nyc,Citi Bike,"New York, NY",US,4ce078ea237cf8bd7c0c9bff6bed3423,Center Blvd & 48 Ave,40.745038,-73.957539,12,11,23,2026-02-17 14:02:31.970089,2026-02-17 14:02:31.970090
citi-bike-nyc,Citi Bike,"New York, NY",US,4ce6329557f7ea534d1d01c4861c65e3,Gerard Ave & McClellan St,40.833909,-73.92112,1,25,26,2026-02-17 14:02:31.970092,2026-02-17 14:02:31.970093
citi-bike-nyc,Citi Bike,"New York, NY",US,4cf9b7b8ad4f72b44eefe40bd765afd8,Metropolitan Ave & Flushing Ave,40.71334,-73.91572,16,1,17,2026-02-17 14:02:31.970097,2026-02-17 14:02:31.970098
citi-bike-nyc,Citi Bike,"New York, NY",US,4d1150f7b8fe6e5dae107d2cd5408189,Lenox Ave & W 140 St,40.817245,-73.938787,5,17,22,2026-02-17 14:02:31.970100,2026-02-17 14:02:31.970101
citi-bike-nyc,Citi Bike,"New York, NY",US,4d79abca865ff678669b7ca55f7a23d3,W 147 St & Adam Clayton Powell Blvd,40.82281,-73.937413,2,20,22,2026-02-17 14:02:31.970102,2026-02-17 14:02:31.970103
citi-bike-nyc,Citi Bike,"New York, NY",US,4d8f19c95598fb514419e9cb8eb28019,E 33 St & 1 Ave,40.74322681432173,-73.97449783980846,24,49,73,2026-02-17 14:02:31.970105,2026-02-17 14:02:31.970106
citi-bike-nyc,Citi Bike,"New York, NY",US,4dc2ef80b5aa965bb0d930d63a857abb,Marble Hill Ave & W 225 St,40.87471,-73.91099,15,4,19,2026-02-17 14:02:31.970107,2026-02-17 14:02:31.970108
citi-bike-nyc,Citi Bike,"New York, NY",US,4de999ad82b546a7273bc8900e48b58e,Madison St & Cypress Ave,40.70068,-73.90742,3,11,14,2026-02-17 14:02:31.970110,2026-02-17 14:02:31.970111
citi-bike-nyc,Citi Bike,"New York, NY",US,4dec1a6465c5a41616daa053cb5dbcf0,Church Ave & McDonald Ave,40.642809,-73.979239,22,2,24,2026-02-17 14:02:31.970115,2026-02-17 14:02:31.970116
citi-bike-nyc,Citi Bike,"New York, NY",US,4e0277be70b178af6c38d28943b48965,23 St & 3 Ave,40.662611,-73.998623,17,3,20,2026-02-17 14:02:31.970118,2026-02-17 14:02:31.970119
citi-bike-nyc,Citi Bike,"New York, NY",US,4e375140a359ca5daf20a139c2664f74,St Nicholas Terrace & Convent Ave,40.821294,-73.947868,0,24,24,2026-02-17 14:02:31.970122,2026-02-17 14:02:31.970123
citi-bike-nyc,Citi Bike,"New York, NY",US,4e457326901e9f47e49a539dda5e9403,Eastern Pkwy & Troy Ave,40.66929,-73.93679,1,22,23,2026-02-17 14:02:31.970125,2026-02-17 14:02:31.970126
citi-bike-nyc,Citi Bike,"New York, NY",US,4e63af50d0dcb7da6e6a5ecd5de86957,Queens Plaza North & Crescent St,40.75110165,-73.94073717,32,8,40,2026-02-17 14:02:31.970127,2026-02-17 14:02:31.970128
citi-bike-nyc,Citi Bike,"New York, NY",US,4e6d3c39eedb97dd86980c6d22fbcc59,Lenox Rd & E 43 St,40.65496,-73.93765,3,17,20,2026-02-17 14:02:31.970129,2026-02-17 14:02:31.970130
citi-bike-nyc,Citi Bike,"New York, NY",US,4eb9d5e814ab5aae229063ae70402cb3,108 St & 52 Ave,40.74310053056842,-73.85466891367044,25,11,36,2026-02-17 14:02:31.970132,2026-02-17 14:02:31.970133
citi-bike-nyc,Citi Bike,"New York, NY",US,4ede1bf348abc507c516fae5eea8794c,Menahan St & Central Ave,40.69543,-73.9196,1,23,24,2026-02-17 14:02:31.970135,2026-02-17 14:02:31.970136
citi-bike-nyc,Citi Bike,"New York, NY",US,4ee52f18978222aa2d7cea3f26beb431,Columbus Drive,40.71835519823214,-74.03891444206238,11,1,12,2026-02-17 14:02:31.970137,2026-02-17 14:02:31.970138
citi-bike-nyc,Citi Bike,"New York, NY",US,4ee818cc7342532841ef0dd6f899b5fa,Church Ave & E 42 St,40.65127,-73.93818,9,13,22,2026-02-17 14:02:31.970140,2026-02-17 14:02:31.970141
citi-bike-nyc,Citi Bike,"New York, NY",US,4efb7a74022be4c227e19a5f731c33d9,8 St & Washington St,40.745983882915624,-74.02819901704788,1,18,19,2026-02-17 14:02:31.970142,2026-02-17 14:02:31.970143
citi-bike-nyc,Citi Bike,"New York, NY",US,4f0135b5afef405cfc359aad70c1713c,Broadway & W 131 St,40.817555,-73.957163,9,5,14,2026-02-17 14:02:31.970145,2026-02-17 14:02:31.970146
citi-bike-nyc,Citi Bike,"New York, NY",US,4f1f5c98eb24ac075ca86917a1e8831b,62 St & 4 Ave,40.639859,-74.019776,2,15,17,2026-02-17 14:02:31.970150,2026-02-17 14:02:31.970151
citi-bike-nyc,Citi Bike,"New York, NY",US,4f373fd7a239ab91d4ce812f4c3947b7,Cumberland St & Lafayette Ave,40.68753406,-73.97265183,4,26,30,2026-02-17 14:02:31.970153,2026-02-17 14:02:31.970154
citi-bike-nyc,Citi Bike,"New York, NY",US,4f39a52cd1ac3258d7fe7951be26a246,Ditmars Blvd & 94 St,40.7702,-73.87587,9,8,17,2026-02-17 14:02:31.970159,2026-02-17 14:02:31.970160
citi-bike-nyc,Citi Bike,"New York, NY",US,4f40ef6a1a6b8c35b6e0eb21e80fa2e5,1 Ave & E 16 St,40.73221853,-73.98165557,0,50,50,2026-02-17 14:02:31.970161,2026-02-17 14:02:31.970162
citi-bike-nyc,Citi Bike,"New York, NY",US,4f5dd00a75237f373fd7cafeb39b3de4,Lexington Ave & Patchen Ave,40.6904,-73.9277,5,13,18,2026-02-17 14:02:31.970167,2026-02-17 14:02:31.970168
citi-bike-nyc,Citi Bike,"New York, NY",US,4f967cd2ece028f2e3b3c1233da86b96,61 St & Laurel Hill Blvd,40.7388,-73.90338,5,12,17,2026-02-17 14:02:31.970170,2026-02-17 14:02:31.970171
citi-bike-nyc,Citi Bike,"New York, NY",US,4fabfc982766424bf09724eaee8aeb23,4 Ave & 26 St,40.660079,-73.998633,19,3,22,2026-02-17 14:02:31.970173,2026-02-17 14:02:31.970174
citi-bike-nyc,Citi Bike,"New York, NY",US,4feb5b7bbba287545db8dec3672ed2c2,W 39 St & 9 Ave,40.75645824,-73.99372222,1,32,33,2026-02-17 14:02:31.970175,2026-02-17 14:02:31.970176
citi-bike-nyc,Citi Bike,"New York, NY",US,4fed6f5de2e2990c7185ffc5b3d052af,Willow Ave & E 133 St,40.800933,-73.913863,6,12,18,2026-02-17 14:02:31.970177,2026-02-17 14:02:31.970178
citi-bike-nyc,Citi Bike,"New York, NY",US,500abde3fceead85eac144b5dcd3dd88,Classon Ave & St Marks Ave,40.676513,-73.959431,1,24,25,2026-02-17 14:02:31.970180,2026-02-17 14:02:31.970181
citi-bike-nyc,Citi Bike,"New York, NY",US,50168be9d88dd7bc70f663d907ed2af5,Bradhurst Ave & W 148 St,40.825125,-73.941616,7,14,21,2026-02-17 14:02:31.970182,2026-02-17 14:02:31.970183
citi-bike-nyc,Citi Bike,"New York, NY",US,5049d2850f0f5b3abe24e891394c3e3c,Broadway & W 48 St,40.76017739537783,-73.98486793041229,86,8,94,2026-02-17 14:02:31.970185,2026-02-17 14:02:31.970186
citi-bike-nyc,Citi Bike,"New York, NY",US,50523e1fbc9205d207c63b2b5f831307,9 Ave & W 33 St,40.752568,-73.996765,17,33,50,2026-02-17 14:02:31.970188,2026-02-17 14:02:31.970189
citi-bike-nyc,Citi Bike,"New York, NY",US,5057de8faa3781e0e2e9a72f2ac4cdec,Cortelyou Rd & Stratford Rd,40.63966,-73.96807,16,3,19,2026-02-17 14:02:31.970190,2026-02-17 14:02:31.970191
citi-bike-nyc,Citi Bike,"New York, NY",US,50596ad6364c301a728c2d46ecac7b2d,3 Ave & E 163 St,40.823872,-73.908699,8,12,20,2026-02-17 14:02:31.970193,2026-02-17 14:02:31.970194
citi-bike-nyc,Citi Bike,"New York, NY",US,506ef3941933df4d38b00a3ae3fae8f2,Pike St & Monroe St,40.71173107,-73.99193043,16,8,24,2026-02-17 14:02:31.970195,2026-02-17 14:02:31.970196
citi-bike-nyc,Citi Bike,"New York, NY",US,5074c3a8c12bf198b082c34b04c49239,40 Ave & 9 St,40.75742,-73.945133,11,7,18,2026-02-17 14:02:31.970198,2026-02-17 14:02:31.970199
citi-bike-nyc,Citi Bike,"New York, NY",US,50a3651ff0e525314ffd4d1928eff1ab,44 St & 3 Ave,40.651173,-74.011405,18,4,22,2026-02-17 14:02:31.970200,2026-02-17 14:02:31.970201
citi-bike-nyc,Citi Bike,"New York, NY",US,50c46eaaa5c689428ff3fa88844f2beb,53 St & 5 Ave,40.643371,-74.011884,0,27,27,2026-02-17 14:02:31.970203,2026-02-17 14:02:31.970204
citi-bike-nyc,Citi Bike,"New York, NY",US,50d54e4652ada485aca201c90494ebba,Parade Pl & Crooke Ave,40.651847,-73.965248,5,24,29,2026-02-17 14:02:31.970205,2026-02-17 14:02:31.970206
citi-bike-nyc,Citi Bike,"New York, NY",US,50e28014a9b46fa320fd816c6af4a49e,Lafayette St & E 8 St,40.73020660529954,-73.99102628231049,99,0,99,2026-02-17 14:02:31.970208,2026-02-17 14:02:31.970209
citi-bike-nyc,Citi Bike,"New York, NY",US,50e3826db7b729e12278f38cdaa53bc5,Shore Blvd & Astoria Park,40.77977,-73.923162,15,16,31,2026-02-17 14:02:31.970210,2026-02-17 14:02:31.970211
citi-bike-nyc,Citi Bike,"New York, NY",US,51057cdf0427ae632ddfe71926dddc66,52 St & 6 Ave,40.642703,-74.009441,0,19,19,2026-02-17 14:02:31.970213,2026-02-17 14:02:31.970214
citi-bike-nyc,Citi Bike,"New York, NY",US,510da282032fb405cfbaa8ecb880ce7a,Church Ave & Story St,40.642031,-73.981073,8,1,9,2026-02-17 14:02:31.970215,2026-02-17 14:02:31.970216
citi-bike-nyc,Citi Bike,"New York, NY",US,51566dbd8690fc11d84dc3bcbbb8e5bf,Westchester Ave & E 156 St,40.817802,-73.905203,5,15,20,2026-02-17 14:02:31.970220,2026-02-17 14:02:31.970221
citi-bike-nyc,Citi Bike,"New York, NY",US,516afd055f8e784cd0217e07df21589d,34 St & 38 Ave,40.752443,-73.929737,6,19,25,2026-02-17 14:02:31.970223,2026-02-17 14:02:31.970224
citi-bike-nyc,Citi Bike,"New York, NY",US,5179f9fdc93602aea0984f025db15f86,65 St & 2 Ave,40.640493,-74.02564,18,1,19,2026-02-17 14:02:31.970225,2026-02-17 14:02:31.970226
citi-bike-nyc,Citi Bike,"New York, NY",US,51d829eec249cd064a9c74c9e00425a0,Crown St & Rogers Ave,40.66639,-73.95346,1,18,19,2026-02-17 14:02:31.970228,2026-02-17 14:02:31.970229
citi-bike-nyc,Citi Bike,"New York, NY",US,51e298f399fe3bb0ddd0054c90156e86,Westchester Ave & Southern Blvd,40.824956,-73.891677,3,16,19,2026-02-17 14:02:31.970230,2026-02-17 14:02:31.970231
citi-bike-nyc,Citi Bike,"New York, NY",US,521119b127f5d59223834d3e1492390f,Dey St,40.737711,-74.066921,4,12,16,2026-02-17 14:02:31.970233,2026-02-17 14:02:31.970234
citi-bike-nyc,Citi Bike,"New York, NY",US,522a8763c21d10c5363235232cf08243,W 4 St & 7 Ave S,40.73401143,-74.00293877,31,24,55,2026-02-17 14:02:31.970238,2026-02-17 14:02:31.970239
citi-bike-nyc,Citi Bike,"New York, NY",US,524985d104206b7427555d2346bf0925,35 St & 21 Ave,40.776745,-73.906558,10,13,23,2026-02-17 14:02:31.970241,2026-02-17 14:02:31.970242
citi-bike-nyc,Citi Bike,"New York, NY",US,5253860d7fdb4c190aedf6c9c860ec19,63 St & 5 Ave,40.63766,-74.01782,7,17,24,2026-02-17 14:02:31.970244,2026-02-17 14:02:31.970245
citi-bike-nyc,Citi Bike,"New York, NY",US,526a0bb52cf6f501d4a147ef72d67dbe,42 Pl & Northern Blvd,40.753091,-73.920603,17,6,23,2026-02-17 14:02:31.970252,2026-02-17 14:02:31.970253
citi-bike-nyc,Citi Bike,"New York, NY",US,5285e86db25bded3e0bbe0c4b3fd21b0,E 7 St & Ave A,40.72621788,-73.98379855,12,25,37,2026-02-17 14:02:31.970254,2026-02-17 14:02:31.970255
citi-bike-nyc,Citi Bike,"New York, NY",US,52c41d2c9b0615f4ad69167d3e66bf8b,1 Pl & Clinton St,40.6809591,-73.99905709,6,23,29,2026-02-17 14:02:31.970257,2026-02-17 14:02:31.970258
citi-bike-nyc,Citi Bike,"New York, NY",US,52fb074c814326cc663be03c19d2f95d,W 30 St & 10 Ave,40.752694,-74.002353,39,16,55,2026-02-17 14:02:31.970259,2026-02-17 14:02:31.970260
citi-bike-nyc,Citi Bike,"New York, NY",US,532140f75e114872ad465550560cdc19,W 22 St & 8 Ave,40.74475148,-73.99915362,28,31,59,2026-02-17 14:02:31.970261,2026-02-17 14:02:31.970262
citi-bike-nyc,Citi Bike,"New York, NY",US,537b7462ea4c5df12d48bda50dc7c8b2,Grand St & Havemeyer St,40.71286844,-73.95698119,17,4,21,2026-02-17 14:02:31.970264,2026-02-17 14:02:31.970265
citi-bike-nyc,Citi Bike,"New York, NY",US,538d22aa4498316f2b17bbe1c9ca1a7c,Pershing Field,40.742677141,-74.051788633,3,15,18,2026-02-17 14:02:31.970270,2026-02-17 14:02:31.970271
citi-bike-nyc,Citi Bike,"New York, NY",US,539b9ac394eb1be807f07efb5c6c231c,Grand Concourse & E 164 St,40.829608,-73.921461,1,20,21,2026-02-17 14:02:31.970272,2026-02-17 14:02:31.970273
citi-bike-nyc,Citi Bike,"New York, NY",US,53d648bafb2f0903baa4d2db34fcfc7e,Fresh Pond Rd & 69 Ave,40.70311,-73.89547,22,5,27,2026-02-17 14:02:31.970275,2026-02-17 14:02:31.970276
citi-bike-nyc,Citi Bike,"New York, NY",US,53ec070643f5cddb105c712b2fa65f13,Putnam Ave & Wyckoff Ave,40.69811,-73.90904,1,20,21,2026-02-17 14:02:31.970278,2026-02-17 14:02:31.970279
citi-bike-nyc,Citi Bike,"New York, NY",US,540091527688a9e68bc468e0c971d6cc,Frederick Douglass Blvd & W 145 St,40.823061,-73.941928,5,15,20,2026-02-17 14:02:31.970281,2026-02-17 14:02:31.970282
citi-bike-nyc,Citi Bike,"New York, NY",US,5412478c4a5bfb68cd642643eb4a6953,Bergen Ave & Sip Ave,40.73100888698729,-74.06443700194359,26,1,27,2026-02-17 14:02:31.970286,2026-02-17 14:02:31.970287
citi-bike-nyc,Citi Bike,"New York, NY",US,548a68da91596c669190670cfddd7425,Washington Ave & Empire Blvd,40.66314,-73.9605695,23,3,26,2026-02-17 14:02:31.970289,2026-02-17 14:02:31.970290
citi-bike-nyc,Citi Bike,"New York, NY",US,54a68a59d99ec74a45a0304fd8f09a6b,3 St & 3 Ave,40.6750705,-73.98775226,57,20,77,2026-02-17 14:02:31.970291,2026-02-17 14:02:31.970292
citi-bike-nyc,Citi Bike,"New York, NY",US,54ab2e5629f20cf37d04601f84073ffd,Vyse Ave & E 181 St,40.84463,-73.87988,2,17,19,2026-02-17 14:02:31.970294,2026-02-17 14:02:31.970295
citi-bike-nyc,Citi Bike,"New York, NY",US,54bab4ec7780995954a8ef770d5c68cd,W 59 St & 10 Ave,40.770513,-73.988038,1,108,109,2026-02-17 14:02:31.970296,2026-02-17 14:02:31.970297
citi-bike-nyc,Citi Bike,"New York, NY",US,5513a73dcdefd0b88bf95d19ba4f9f80,Broadway & W 165 St,40.839137,-73.941409,1,21,22,2026-02-17 14:02:31.970299,2026-02-17 14:02:31.970300
citi-bike-nyc,Citi Bike,"New York, NY",US,554fe38b16de708ea2c7ca115caca30d,Park Ave & E 42 St,40.751873,-73.977706,20,52,72,2026-02-17 14:02:31.970301,2026-02-17 14:02:31.970302
citi-bike-nyc,Citi Bike,"New York, NY",US,5590c764bcacbda05fdafba3987ac614,Cortelyou Rd & Argyle Rd,40.64034,-73.96603,18,1,19,2026-02-17 14:02:31.970306,2026-02-17 14:02:31.970307
citi-bike-nyc,Citi Bike,"New York, NY",US,55932df0d281403cd0bbfba5c909da27,5 Corners Library,40.734961020009514,-74.0595030784607,2,15,17,2026-02-17 14:02:31.970309,2026-02-17 14:02:31.970310
citi-bike-nyc,Citi Bike,"New York, NY",US,55993caac541dfd4294c6d33c67caf98,W 27 St & 7 Ave,40.74665,-73.99392,33,41,74,2026-02-17 14:02:31.970311,2026-02-17 14:02:31.970312
citi-bike-nyc,Citi Bike,"New York, NY",US,559f0e89a62370fb9ccbf04f4f2fee52,60 Pl & 67 Ave,40.70497,-73.89965,1,13,14,2026-02-17 14:02:31.970313,2026-02-17 14:02:31.970315
citi-bike-nyc,Citi Bike,"New York, NY",US,55b3b9cc0bdd565520cac086a1f20e0e,21 Ave & Shore Blvd,40.783956,-73.916894,10,9,19,2026-02-17 14:02:31.970316,2026-02-17 14:02:31.970317
citi-bike-nyc,Citi Bike,"New York, NY",US,55b7dd7b5da7068f7e7d0343570ac64f,Nagle Ave & Ellwood St,40.86012,-73.928489,16,2,18,2026-02-17 14:02:31.970318,2026-02-17 14:02:31.970319
citi-bike-nyc,Citi Bike,"New York, NY",US,55bfc3325fe2553102257dbb4578054e,Washington Ave & Park Pl,40.675832,-73.963308,0,27,27,2026-02-17 14:02:31.970325,2026-02-17 14:02:31.970326
citi-bike-nyc,Citi Bike,"New York, NY",US,55cf6fc70a942fc3640f7da4c820797b,Ocean Pkwy & Church Ave,40.644718957635746,-73.97451460361481,16,7,23,2026-02-17 14:02:31.970327,2026-02-17 14:02:31.970328
citi-bike-nyc,Citi Bike,"New York, NY",US,55f061a95e9db2d45ae0c431e5c12e70,Greenpoint Ave & West St,40.729803,-73.959099,23,6,29,2026-02-17 14:02:31.970330,2026-02-17 14:02:31.970331
citi-bike-nyc,Citi Bike,"New York, NY",US,560ecd2ba03d9e261d4b9d4c8394c929,St Nicholas Ave & Manhattan Ave,40.809725,-73.953149,12,16,28,2026-02-17 14:02:31.970332,2026-02-17 14:02:31.970333
citi-bike-nyc,Citi Bike,"New York, NY",US,561310c0bf4440df571218dbb4108f18,Newark Ave,40.72152515,-74.046304543,0,0,0,2026-02-17 14:02:31.970335,2026-02-17 14:02:31.970336
citi-bike-nyc,Citi Bike,"New York, NY",US,56411e8740cef09f58ef358228af61c7,Corona Ave & 102 St,40.74419,-73.8619,12,7,19,2026-02-17 14:02:31.970337,2026-02-17 14:02:31.970338
citi-bike-nyc,Citi Bike,"New York, NY",US,56597d404e3ce437fb2f883eda8a840f,38 St & 30 Ave,40.764174520197685,-73.91583994030952,0,24,24,2026-02-17 14:02:31.970343,2026-02-17 14:02:31.970344
citi-bike-nyc,Citi Bike,"New York, NY",US,5670a4d0257c562563bd557bca7e1642,MacDougal St & Rockaway Ave,40.68018,-73.91136,3,16,19,2026-02-17 14:02:31.970345,2026-02-17 14:02:31.970346
citi-bike-nyc,Citi Bike,"New York, NY",US,56cce545e819e753948d38fa46051a4b,35 St & 30 Ave,40.76547569244953,-73.91811579465866,4,25,29,2026-02-17 14:02:31.970350,2026-02-17 14:02:31.970351
citi-bike-nyc,Citi Bike,"New York, NY",US,56d0e6af8bff312fe8920ca050cc38a7,Herkimer St & Eastern Pkwy,40.67738,-73.90829,10,5,15,2026-02-17 14:02:31.970352,2026-02-17 14:02:31.970353
citi-bike-nyc,Citi Bike,"New York, NY",US,5727cdcff576689ee972449b780091ac,68 St & 5 Ave,40.63416,-74.02058,0,13,13,2026-02-17 14:02:31.970355,2026-02-17 14:02:31.970356
citi-bike-nyc,Citi Bike,"New York, NY",US,574fe89644386bd3b5aedf804cac3c50,Macon St & Patchen Ave,40.68374,-73.9261,5,13,18,2026-02-17 14:02:31.970360,2026-02-17 14:02:31.970361
citi-bike-nyc,Citi Bike,"New York, NY",US,57b8297f6bb9d9e5ee3cc1873f42df1d,W 25 St & 9 Ave,40.747832605837715,-74.0005722643582,1,54,55,2026-02-17 14:02:31.970363,2026-02-17 14:02:31.970364
citi-bike-nyc,Citi Bike,"New York, NY",US,57d9fc9f3f0653f7d033dc7552c22a74,Riverside Dr & W 148 St,40.829114,-73.950426,0,21,21,2026-02-17 14:02:31.970365,2026-02-17 14:02:31.970366
citi-bike-nyc,Citi Bike,"New York, NY",US,57ed6148bed3c8647f9ce825c88051ce,21 St & 36 Ave,40.7601853,-73.9362726,4,13,17,2026-02-17 14:02:31.970368,2026-02-17 14:02:31.970369
citi-bike-nyc,Citi Bike,"New York, NY",US,58126cd61da4ebec4b7af9b6615db336,Tiebout Ave & E Fordham Rd,40.861915,-73.894831,1,26,27,2026-02-17 14:02:31.970370,2026-02-17 14:02:31.970371
citi-bike-nyc,Citi Bike,"New York, NY",US,5819b14b83b31cfea5b1741b022fb53c,E 8 St & Beverley Rd,40.64369,-73.97163,9,0,9,2026-02-17 14:02:31.970372,2026-02-17 14:02:31.970373
citi-bike-nyc,Citi Bike,"New York, NY",US,5820395299ecbc6d3152926f1aaab6a6,65 St & Broadway,40.749372273899596,-73.89738768339157,3,15,18,2026-02-17 14:02:31.970378,2026-02-17 14:02:31.970379
citi-bike-nyc,Citi Bike,"New York, NY",US,5826b2fb49e5b59139f4e8c045d6d4a7,W 225 St & Exterior St,40.873265,-73.906646,14,4,18,2026-02-17 14:02:31.970380,2026-02-17 14:02:31.970381
citi-bike-nyc,Citi Bike,"New York, NY",US,582be196f265de7e2b1517ff743d73d1,W 211 St & 10 Ave,40.86709406268147,-73.9172950387001,11,9,20,2026-02-17 14:02:31.970382,2026-02-17 14:02:31.970383
citi-bike-nyc,Citi Bike,"New York, NY",US,587fb0fd6644fb2837300e0519f58aaf,Willow Ave & 12 St,40.7518674823282,-74.03037697076797,6,8,14,2026-02-17 14:02:31.970385,2026-02-17 14:02:31.970386
citi-bike-nyc,Citi Bike,"New York, NY",US,5887cb3baeff9e407837d2b239318fa9,48 St & 5 Ave,40.646351,-74.009271,4,20,24,2026-02-17 14:02:31.970387,2026-02-17 14:02:31.970388
citi-bike-nyc,Citi Bike,"New York, NY",US,58a5d721721fd9556a2c8ab04c9ab194,3 Ave & E 62 St,40.76313,-73.96527,0,33,33,2026-02-17 14:02:31.970390,2026-02-17 14:02:31.970391
citi-bike-nyc,Citi Bike,"New York, NY",US,58b2ed98f8efcbe305502604b5105031,Sherman Ave & Thayer St,40.863124,-73.926994,16,1,17,2026-02-17 14:02:31.970395,2026-02-17 14:02:31.970396
citi-bike-nyc,Citi Bike,"New York, NY",US,58f9506fecf4934c33a72d88e543e7da,Suydam St & Broadway,40.69544,-73.93223,9,21,30,2026-02-17 14:02:31.970398,2026-02-17 14:02:31.970399
citi-bike-nyc,Citi Bike,"New York, NY",US,58ffcf84713d7b659818d918b12ecf0e,Spruce St & Nassau St,40.71146364,-74.00552427,27,5,32,2026-02-17 14:02:31.970405,2026-02-17 14:02:31.970406
citi-bike-nyc,Citi Bike,"New York, NY",US,590fd7b8e237379d9adf1cc1346dc6a0,47 Ave & 48 St,40.74086,-73.91708,5,14,19,2026-02-17 14:02:31.970407,2026-02-17 14:02:31.970408
citi-bike-nyc,Citi Bike,"New York, NY",US,591b13a1191aa15ea440aa875add20b3,52 St & 1 Ave,40.649292,-74.020105,20,2,22,2026-02-17 14:02:31.970413,2026-02-17 14:02:31.970414
citi-bike-nyc,Citi Bike,"New York, NY",US,59302b616d623c02e47b75bff7e7f5b5,Fulton St & Saratoga Ave,40.67853,-73.91642,4,14,18,2026-02-17 14:02:31.970415,2026-02-17 14:02:31.970416
citi-bike-nyc,Citi Bike,"New York, NY",US,59383a914380dfe9e93d0fc9354836d5,Lorimer St & Calyer St,40.72795,-73.95414,9,9,18,2026-02-17 14:02:31.970418,2026-02-17 14:02:31.970419
citi-bike-nyc,Citi Bike,"New York, NY",US,596c72528d7da0222a0ef4e822bbd6b5,62 St & Northern Blvd,40.754176,-73.900318,23,3,26,2026-02-17 14:02:31.970420,2026-02-17 14:02:31.970421
citi-bike-nyc,Citi Bike,"New York, NY",US,596e14c4edbaf011856da88ac1acd206,Graham Ave & Grand St,40.711863,-73.944024,9,13,22,2026-02-17 14:02:31.970423,2026-02-17 14:02:31.970424
citi-bike-nyc,Citi Bike,"New York, NY",US,59dad6f01fb003cb0e6dc94a53cf2c71,21 St & 38 Ave,40.7576314,-73.9391224,7,11,18,2026-02-17 14:02:31.970425,2026-02-17 14:02:31.970426
citi-bike-nyc,Citi Bike,"New York, NY",US,5a07ee152717afddc1c795a7e80c98c4,48 St & Skillman Ave,40.74622874694195,-73.91616314649582,7,14,21,2026-02-17 14:02:31.970436,2026-02-17 14:02:31.970437
citi-bike-nyc,Citi Bike,"New York, NY",US,5a2ebe79b37ef37837e8cf81d8ac16ac,69 St & 38 Ave,40.74694504524519,-73.89650255441666,8,16,24,2026-02-17 14:02:31.970439,2026-02-17 14:02:31.970440
citi-bike-nyc,Citi Bike,"New York, NY",US,5a39b25d9d615bb10525aec343180b88,Shore Rd & 97 St,40.61529,-74.03779,5,6,11,2026-02-17 14:02:31.970441,2026-02-17 14:02:31.970442
citi-bike-nyc,Citi Bike,"New York, NY",US,5a4bf3cfd1e20210399130db272ebdfd,Grand Ave & Remsen Pl,40.72353,-73.89967,12,9,21,2026-02-17 14:02:31.970448,2026-02-17 14:02:31.970449
citi-bike-nyc,Citi Bike,"New York, NY",US,5a917a4791371303bca4e138f7be7620,Amsterdam Ave & W 131 St,40.816355,-73.954295,3,14,17,2026-02-17 14:02:31.970450,2026-02-17 14:02:31.970451
citi-bike-nyc,Citi Bike,"New York, NY",US,5a9232912e3d7e3b3292fafa6e005db4,Ash St & Manhattan Ave,40.738095,-73.954867,3,27,30,2026-02-17 14:02:31.970453,2026-02-17 14:02:31.970454
citi-bike-nyc,Citi Bike,"New York, NY",US,5ab06241e0444d32d0d724cb9f8d6419,Amsterdam Ave & W 119 St,40.8086249,-73.9596214,2,23,25,2026-02-17 14:02:31.970455,2026-02-17 14:02:31.970456
citi-bike-nyc,Citi Bike,"New York, NY",US,5ab1be81691c82c2b1d13b0b17f6e601,India St & Manhattan Ave,40.73232194,-73.9550858,34,12,46,2026-02-17 14:02:31.970458,2026-02-17 14:02:31.970459
citi-bike-nyc,Citi Bike,"New York, NY",US,5acf3854db2c56719d2426ad1376a76f,E 76 St & Park Ave,40.773763,-73.96222088,28,0,28,2026-02-17 14:02:31.970460,2026-02-17 14:02:31.970461
citi-bike-nyc,Citi Bike,"New York, NY",US,5af807984575b67985bd22363163ce9e,2 Ave & E 122 St,40.8006721,-73.9349,0,25,25,2026-02-17 14:02:31.970466,2026-02-17 14:02:31.970467
citi-bike-nyc,Citi Bike,"New York, NY",US,5b04234fe2f954f067061341e0fdf055,Columbus Ave & W 103 St,40.7969347,-73.9643412291,1,39,40,2026-02-17 14:02:31.970468,2026-02-17 14:02:31.970469
citi-bike-nyc,Citi Bike,"New York, NY",US,5b2900de9878c2ea6e8c022e52482dd3,Judge St & Britton Ave,40.74454,-73.88112,10,10,20,2026-02-17 14:02:31.970470,2026-02-17 14:02:31.970471
citi-bike-nyc,Citi Bike,"New York, NY",US,5b51b11650f7e00d6114070375fda84f,Richardson St & N Henry St,40.71907891179564,-73.94223690032959,2,20,22,2026-02-17 14:02:31.970473,2026-02-17 14:02:31.970474
citi-bike-nyc,Citi Bike,"New York, NY",US,5b63fd9b6eee0b76e3093c7c4f2310f0,E 44 St & 2 Ave,40.75118387463277,-73.97138714790344,5,30,35,2026-02-17 14:02:31.970475,2026-02-17 14:02:31.970476
citi-bike-nyc,Citi Bike,"New York, NY",US,5b6ead3760691701c0fb8a811d32e5aa,Walton Ave & E 168 St,40.83649,-73.918316,3,17,20,2026-02-17 14:02:31.970478,2026-02-17 14:02:31.970479
citi-bike-nyc,Citi Bike,"New York, NY",US,5b7043b7eec9b2ad7dc6f73c57874270,31 Ave & 34 St,40.763154,-73.920827,3,19,22,2026-02-17 14:02:31.970480,2026-02-17 14:02:31.970481
citi-bike-nyc,Citi Bike,"New York, NY",US,5b7746fc518ac94da102c0672b9e3184,Irving Ave & DeKalb Ave,40.7027,-73.92095,14,7,21,2026-02-17 14:02:31.970483,2026-02-17 14:02:31.970484
citi-bike-nyc,Citi Bike,"New York, NY",US,5b8507879041ff08ee115e08fd0d8f86,E 65 St & 2 Ave,40.76471851944339,-73.96222069859505,1,41,42,2026-02-17 14:02:31.970486,2026-02-17 14:02:31.970487
citi-bike-nyc,Citi Bike,"New York, NY",US,5b96c63e0a4c6fd0e7e767570d04097f,23 Ave & 31 St,40.77423301703027,-73.91274864321404,2,22,24,2026-02-17 14:02:31.970488,2026-02-17 14:02:31.970489
citi-bike-nyc,Citi Bike,"New York, NY",US,5ba015beac09575892adf8c2b17c0d6b,28 Ave & 44 St,40.76408932350688,-73.91065120697021,0,18,18,2026-02-17 14:02:31.970490,2026-02-17 14:02:31.970491
citi-bike-nyc,Citi Bike,"New York, NY",US,5ba135e7eb13cb933f2fcaca980276b5,1 Ave & E 62 St,40.7612274,-73.96094022,2,35,37,2026-02-17 14:02:31.970493,2026-02-17 14:02:31.970494
citi-bike-nyc,Citi Bike,"New York, NY",US,5bd330605b5a5be52b119ea076ee7b30,42 St & 1 Ave,40.654798,-74.014372,15,1,16,2026-02-17 14:02:31.970495,2026-02-17 14:02:31.970496
citi-bike-nyc,Citi Bike,"New York, NY",US,5c2741e72f75d1775a65f10c4723fa3e,3 Ave & 77 St,40.62991,-74.02834,11,1,12,2026-02-17 14:02:31.970505,2026-02-17 14:02:31.970506
citi-bike-nyc,Citi Bike,"New York, NY",US,5cec850c96dbfcb1fce96e09d9c8b51c,Boston Rd & West Farms Rd,40.83998,-73.8806,21,0,21,2026-02-17 14:02:31.970507,2026-02-17 14:02:31.970508
citi-bike-nyc,Citi Bike,"New York, NY",US,5d0ec4325ee93b8fde9848a2467daf1d,Leonard Gordon Park,40.74590996631558,-74.0572714805603,2,11,13,2026-02-17 14:02:31.970509,2026-02-17 14:02:31.970510
citi-bike-nyc,Citi Bike,"New York, NY",US,5d23057ab3b6b9e9790a1de195d639a6,5 Ave & E 103 St,40.7922553,-73.95249933,36,2,38,2026-02-17 14:02:31.970512,2026-02-17 14:02:31.970513
citi-bike-nyc,Citi Bike,"New York, NY",US,5d2facf67e9fdcfad0cb250e42c2bbc4,White St & Moore St,40.704508,-73.9351,19,0,19,2026-02-17 14:02:31.970518,2026-02-17 14:02:31.970519
citi-bike-nyc,Citi Bike,"New York, NY",US,5d39dfb8f2738ca9538f1f7d5808de06,21 Ave & 80 St,40.770888,-73.889914,16,1,17,2026-02-17 14:02:31.970520,2026-02-17 14:02:31.970521
citi-bike-nyc,Citi Bike,"New York, NY",US,5d4eac09b951da10eb38d9b38d50aeb7,Johnson St & Gold St,40.69474881,-73.98362464,6,33,39,2026-02-17 14:02:31.970523,2026-02-17 14:02:31.970524
citi-bike-nyc,Citi Bike,"New York, NY",US,5d6517b1bdb193f1d5863768b6331ac5,24 Ave & 29 St,40.7729,-73.916142,31,12,43,2026-02-17 14:02:31.970526,2026-02-17 14:02:31.970527
citi-bike-nyc,Citi Bike,"New York, NY",US,5d89f40cb1fa61193d601b6d7bb75a90,Myrtle Ave & Fleet Pl,40.693534,-73.981909,17,29,46,2026-02-17 14:02:31.970528,2026-02-17 14:02:31.970529
citi-bike-nyc,Citi Bike,"New York, NY",US,5d91a4502fa6e582b7ffd998f184c513,Amsterdam Ave & W 167 St,40.839443,-73.937044,8,14,22,2026-02-17 14:02:31.970530,2026-02-17 14:02:31.970531
citi-bike-nyc,Citi Bike,"New York, NY",US,5da353e46035ba3654f54af8f2fe4d40,Morgan Ave & Maspeth Ave,40.716657,-73.93637,16,8,24,2026-02-17 14:02:31.970535,2026-02-17 14:02:31.970536
citi-bike-nyc,Citi Bike,"New York, NY",US,5dd794dce8f943a621e696eaa0e9b974,Kingston Ave & Carroll St,40.66688,-73.9425,0,18,18,2026-02-17 14:02:31.970541,2026-02-17 14:02:31.970542
citi-bike-nyc,Citi Bike,"New York, NY",US,5e29d9445c919d17f826bda15df4e440,Morris Ave & E 171 St,40.83899,-73.9109,6,12,18,2026-02-17 14:02:31.970543,2026-02-17 14:02:31.970544
citi-bike-nyc,Citi Bike,"New York, NY",US,5e67cd203ab22b827f5f0624acf7209d,71 St & 32 Ave,40.75675,-73.89595,16,3,19,2026-02-17 14:02:31.970546,2026-02-17 14:02:31.970547
citi-bike-nyc,Citi Bike,"New York, NY",US,5e8ced07d6439b767fa4563a966f66ff,41 St & 3 Ave,40.652512,-74.008906,18,0,18,2026-02-17 14:02:31.970548,2026-02-17 14:02:31.970549
citi-bike-nyc,Citi Bike,"New York, NY",US,5e8f1264c6e46afb48d3ca6b857a0d34,W 146 St & Broadway,40.826969,-73.949738,3,25,28,2026-02-17 14:02:31.970550,2026-02-17 14:02:31.970551
citi-bike-nyc,Citi Bike,"New York, NY",US,5e9c2866fb2a4e2a6c0a7c4f90d40239,Culver Ave & JFK Blvd,40.71005,-74.08576,4,12,16,2026-02-17 14:02:31.970553,2026-02-17 14:02:31.970554
citi-bike-nyc,Citi Bike,"New York, NY",US,5efd2e03ec8c2c6852a08b241e374f61,West End Ave & W 107 St,40.8021174,-73.9681805305,9,19,28,2026-02-17 14:02:31.970555,2026-02-17 14:02:31.970556
citi-bike-nyc,Citi Bike,"New York, NY",US,5f1e444b8adf8b3a8b915d5c928dc373,7 Ave & W 55 St,40.764126,-73.980973,24,36,60,2026-02-17 14:02:31.970558,2026-02-17 14:02:31.970559
citi-bike-nyc,Citi Bike,"New York, NY",US,5f39386ddc7b6f0fad69e446803ae5ed,Borden Ave & Review Ave,40.73866345465306,-73.94093804061413,15,4,19,2026-02-17 14:02:31.970561,2026-02-17 14:02:31.970562
citi-bike-nyc,Citi Bike,"New York, NY",US,5f5b167751bfb54c354d9ca2a527f09e,W 20 St & 7 Ave,40.74238787,-73.99726235,23,20,43,2026-02-17 14:02:31.970563,2026-02-17 14:02:31.970564
citi-bike-nyc,Citi Bike,"New York, NY",US,5f6458bc6bd8e1cd7aaa75e48aef594c,E 171 St & 3 Ave,40.837119,-73.902185,15,2,17,2026-02-17 14:02:31.970566,2026-02-17 14:02:31.970567
citi-bike-nyc,Citi Bike,"New York, NY",US,5f64b8544dcb69ee8592672aeb949cb3,E 51 St & Linden Blvd,40.65399,-73.92967,20,0,20,2026-02-17 14:02:31.970568,2026-02-17 14:02:31.970569
citi-bike-nyc,Citi Bike,"New York, NY",US,5f7338a7df326201bdb40c3a305e3fb6,Graham Ave & Herbert St,40.71929301,-73.94500379,9,17,26,2026-02-17 14:02:31.970571,2026-02-17 14:02:31.970572
citi-bike-nyc,Citi Bike,"New York, NY",US,5f984a0a6e5d5dcd16e0acb2f8cc8936,New York Ave & Hawthorne St,40.65794,-73.94735,10,8,18,2026-02-17 14:02:31.970576,2026-02-17 14:02:31.970577
citi-bike-nyc,Citi Bike,"New York, NY",US,5fb13bd78e9905a24940ea90c9e3b552,65 St & Otto Rd,40.70389,-73.89116,6,14,20,2026-02-17 14:02:31.970578,2026-02-17 14:02:31.970579
citi-bike-nyc,Citi Bike,"New York, NY",US,5fb450a30421027d1aa0578be6905b9f,Union St,40.7182113,-74.0836394,6,12,18,2026-02-17 14:02:31.970581,2026-02-17 14:02:31.970582
citi-bike-nyc,Citi Bike,"New York, NY",US,60167cbd394c8b8353532839bce28088,Colonial Rd & 89 St,40.62254,-74.03726,7,0,7,2026-02-17 14:02:31.970583,2026-02-17 14:02:31.970584
citi-bike-nyc,Citi Bike,"New York, NY",US,603896ec564262da4effd848030c4b0e,21 St & 4 Ave,40.662584,-73.995554,15,3,18,2026-02-17 14:02:31.970586,2026-02-17 14:02:31.970587
citi-bike-nyc,Citi Bike,"New York, NY",US,6058ae3608f93d02d578accaec8d3dc7,W 140 St & Riverside Dr,40.824013,-73.954743,2,19,21,2026-02-17 14:02:31.970588,2026-02-17 14:02:31.970589
citi-bike-nyc,Citi Bike,"New York, NY",US,606479082faed04d25cd15ea84c5e8e1,Greenpoint Ave & Monitor St,40.73224,-73.94383,8,12,20,2026-02-17 14:02:31.970594,2026-02-17 14:02:31.970595
citi-bike-nyc,Citi Bike,"New York, NY",US,609030c953ea4cfc352ad9bf22f199a5,Prospect Ave & Jennings St,40.831762,-73.896853,2,3,5,2026-02-17 14:02:31.970596,2026-02-17 14:02:31.970597
citi-bike-nyc,Citi Bike,"New York, NY",US,60ee3eb29d70e12693b75b01f3fe0b53,8 Ave & W 16 St,40.740983,-74.001702,26,7,33,2026-02-17 14:02:31.970598,2026-02-17 14:02:31.970599
citi-bike-nyc,Citi Bike,"New York, NY",US,611025b193a0e38535051d98a4e4edf9,Mt Morris Park W & W 120 St,40.804038,-73.945925,11,12,23,2026-02-17 14:02:31.970601,2026-02-17 14:02:31.970602
citi-bike-nyc,Citi Bike,"New York, NY",US,615576644adcb55cf824b9de1a59cd66,Jerome Ave & W 177 St,40.850121,-73.910765,24,4,28,2026-02-17 14:02:31.970603,2026-02-17 14:02:31.970604
citi-bike-nyc,Citi Bike,"New York, NY",US,615b584cc1445230f35d6affb99e259f,River St & 1 St,40.73721535335381,-74.02886540972803,20,1,21,2026-02-17 14:02:31.970606,2026-02-17 14:02:31.970607
citi-bike-nyc,Citi Bike,"New York, NY",US,6174d47f914c0a14fd92a1e50f754ebb,W 104 St & Amsterdam Ave,40.799041392882984,-73.96649479866028,1,41,42,2026-02-17 14:02:31.970611,2026-02-17 14:02:31.970612
citi-bike-nyc,Citi Bike,"New York, NY",US,61846d2d9353acc764a3a50337a070bd,Longfellow Ave & E 165 St,40.825322,-73.887729,1,16,17,2026-02-17 14:02:31.970613,2026-02-17 14:02:31.970614
citi-bike-nyc,Citi Bike,"New York, NY",US,6195d9f0fe4da2dda2bf547e69cd3e56,Hudson Blvd W & W 36 St,40.75676475086503,-73.99971440439913,17,21,38,2026-02-17 14:02:31.970616,2026-02-17 14:02:31.970617
citi-bike-nyc,Citi Bike,"New York, NY",US,619f53c5d6a9f7a579fc62bd8db70da0,Corona Ave & 98 St,40.74448,-73.86516,7,12,19,2026-02-17 14:02:31.970618,2026-02-17 14:02:31.970619
citi-bike-nyc,Citi Bike,"New York, NY",US,61a07f22f536e7639b557a76a1785ec4,Clarkson Ave & E 40 St,40.65592,-73.94068,28,1,29,2026-02-17 14:02:31.970621,2026-02-17 14:02:31.970622
citi-bike-nyc,Citi Bike,"New York, NY",US,61b7013e9bec1a33774e207f2b3e146b,Clermont Ave & Lafayette Ave,40.68764484,-73.96968902,15,32,47,2026-02-17 14:02:31.970623,2026-02-17 14:02:31.970624
citi-bike-nyc,Citi Bike,"New York, NY",US,61be8e7723f5361480a2be2698449a5d,30 St & 4 Ave,40.657743,-74.001141,16,2,18,2026-02-17 14:02:31.970628,2026-02-17 14:02:31.970629
citi-bike-nyc,Citi Bike,"New York, NY",US,61da18155d07e07fc1396f05021d5009,W Mosholu Pkwy S & Sedgwick Ave,40.88226,-73.88702,2,31,33,2026-02-17 14:02:31.970630,2026-02-17 14:02:31.970631
citi-bike-nyc,Citi Bike,"New York, NY",US,61e794eade90c690ba982ec6cf6e8b42,W 218 St & Broadway,40.87139,-73.914318,11,9,20,2026-02-17 14:02:31.970633,2026-02-17 14:02:31.970634
citi-bike-nyc,Citi Bike,"New York, NY",US,6206dc8b98001c37bf3fd43543d5280c,Amsterdam Ave & W 66 St,40.7746671,-73.98470567,0,25,25,2026-02-17 14:02:31.970635,2026-02-17 14:02:31.970636
citi-bike-nyc,Citi Bike,"New York, NY",US,621ec9ac66bd4c40dc362b44d951d3c3,E 2 St & 2 Ave,40.72502876,-73.99069656,50,14,64,2026-02-17 14:02:31.970637,2026-02-17 14:02:31.970638
citi-bike-nyc,Citi Bike,"New York, NY",US,623ddba93c3b645b4655cd79c2927d65,Gramercy Park N & Gramercy Park E,40.73795,-73.98509,6,38,44,2026-02-17 14:02:31.970640,2026-02-17 14:02:31.970641
citi-bike-nyc,Citi Bike,"New York, NY",US,626760d45a94db79b6d83a1a103c02ec,Bergen St & Flatbush Ave,40.680944723477296,-73.97567331790923,0,0,0,2026-02-17 14:02:31.970646,2026-02-17 14:02:31.970647
citi-bike-nyc,Citi Bike,"New York, NY",US,6273a28bccc67e99583c3890648a86d6,Albemarle Rd & E 21 St,40.64741,-73.95933,9,12,21,2026-02-17 14:02:31.970648,2026-02-17 14:02:31.970649
citi-bike-nyc,Citi Bike,"New York, NY",US,629618fa891dd70d001845e450ccf24d,Water St & Gouverneur Ln,40.70469667894968,-74.00803416967392,36,0,36,2026-02-17 14:02:31.970653,2026-02-17 14:02:31.970654
citi-bike-nyc,Citi Bike,"New York, NY",US,629ed816dffcdd52722edc82349ab102,Ferris Triangle Park,40.69877,-74.09216,0,11,11,2026-02-17 14:02:31.970656,2026-02-17 14:02:31.970657
citi-bike-nyc,Citi Bike,"New York, NY",US,62e25f278a66b895846e5da39db5c466,Park Pl & Utica Ave,40.67242,-73.93094,0,20,20,2026-02-17 14:02:31.970658,2026-02-17 14:02:31.970659
citi-bike-nyc,Citi Bike,"New York, NY",US,633f8d4351503abb87f7116a209cc11b,Willis Ave & E 143 St,40.812299,-73.92037,6,15,21,2026-02-17 14:02:31.970664,2026-02-17 14:02:31.970665
citi-bike-nyc,Citi Bike,"New York, NY",US,634027e15263805f99d312d271f1de0a,W 50 St & 10 Ave,40.764734200065185,-73.99194359779358,0,52,52,2026-02-17 14:02:31.970666,2026-02-17 14:02:31.970667
citi-bike-nyc,Citi Bike,"New York, NY",US,63bf84b2b0a1701aa1744fce5ba51690,Meserole Ave & Manhattan Ave,40.72708584,-73.95299117,24,3,27,2026-02-17 14:02:31.970669,2026-02-17 14:02:31.970670
citi-bike-nyc,Citi Bike,"New York, NY",US,63c510f35a3980b98097171ce6db7974,2 St & Park Ave,40.73915272763701,-74.0330819785595,13,1,14,2026-02-17 14:02:31.970671,2026-02-17 14:02:31.970672
citi-bike-nyc,Citi Bike,"New York, NY",US,642fb67c9b20d97f43143949bc8ec4e5,Featherbed Ln & Nelson Ave,40.846011,-73.919637,4,16,20,2026-02-17 14:02:31.970674,2026-02-17 14:02:31.970675
citi-bike-nyc,Citi Bike,"New York, NY",US,643481feab080c404e50347c60e541d7,E 5 St & Cooper Sq,40.72769,-73.990993,31,12,43,2026-02-17 14:02:31.970676,2026-02-17 14:02:31.970677
citi-bike-nyc,Citi Bike,"New York, NY",US,64462ee3ec7d472b51b1bd579450e353,E 84 St & Park Ave,40.77862688,-73.95772073,18,11,29,2026-02-17 14:02:31.970681,2026-02-17 14:02:31.970682
citi-bike-nyc,Citi Bike,"New York, NY",US,645295734b952f93d76354d08cba5d61,67 Ave & Fresh Pond Rd,40.70575,-73.89676,17,12,29,2026-02-17 14:02:31.970684,2026-02-17 14:02:31.970685
citi-bike-nyc,Citi Bike,"New York, NY",US,64553683eb94a5108d3be74ad04c83e9,Valentine Ave & E 183 St,40.856987,-73.898237,1,20,21,2026-02-17 14:02:31.970687,2026-02-17 14:02:31.970688
citi-bike-nyc,Citi Bike,"New York, NY",US,645bde44689ff52aad7ae3aa01c905d4,E 123 St & Lexington Ave,40.8029263,-73.9379,13,11,24,2026-02-17 14:02:31.970689,2026-02-17 14:02:31.970690
citi-bike-nyc,Citi Bike,"New York, NY",US,646898150c7c9c6acf5568bb00841a08,71 Ave & Myrtle Ave,40.70067,-73.89907,13,11,24,2026-02-17 14:02:31.970691,2026-02-17 14:02:31.970692
citi-bike-nyc,Citi Bike,"New York, NY",US,64a28a2c71b7707dbd658fb016f44d85,Crescent St & Broadway,40.7633589,-73.9286471,7,9,16,2026-02-17 14:02:31.970694,2026-02-17 14:02:31.970695
citi-bike-nyc,Citi Bike,"New York, NY",US,64b2482ac2148f6399695e20d72a4221,Anthony Ave & E 175 St,40.846465,-73.903869,2,15,17,2026-02-17 14:02:31.970699,2026-02-17 14:02:31.970700
citi-bike-nyc,Citi Bike,"New York, NY",US,64c75db9f81d0dc114ebce1f3e1b7ee7,53 St & Flushing Ave,40.71435,-73.91405,4,14,18,2026-02-17 14:02:31.970702,2026-02-17 14:02:31.970703
citi-bike-nyc,Citi Bike,"New York, NY",US,64ec8e07b9bf726c19a1b717726b7d70,Bedford Ave & Nassau Ave,40.72311651,-73.95212324,40,7,47,2026-02-17 14:02:31.970704,2026-02-17 14:02:31.970705
citi-bike-nyc,Citi Bike,"New York, NY",US,6563287f413683fd05df03545ae7dc07,E 33 St & 5 Ave,40.74765947,-73.98490707,26,30,56,2026-02-17 14:02:31.970707,2026-02-17 14:02:31.970708
citi-bike-nyc,Citi Bike,"New York, NY",US,65b858e0df194a6b378ec83c1e819b4f,62 St & 34 Ave,40.75201,-73.89986,12,8,20,2026-02-17 14:02:31.970709,2026-02-17 14:02:31.970710
citi-bike-nyc,Citi Bike,"New York, NY",US,65f4f7625a8a8a0c0954c6c446f2ed7a,Riverside Dr & W 72 St,40.78057799010334,-73.98562431335449,5,31,36,2026-02-17 14:02:31.970712,2026-02-17 14:02:31.970713
citi-bike-nyc,Citi Bike,"New York, NY",US,6601077befe2d6bcec1b9d6251d4c748,E 43 St & Madison Ave,40.75354681867074,-73.97896572947502,32,22,54,2026-02-17 14:02:31.970717,2026-02-17 14:02:31.970718
citi-bike-nyc,Citi Bike,"New York, NY",US,66106c98d0e56bbb0e4b738f22828e27,Hunts Point Ave & Bryant Ave,40.813991,-73.8855,3,15,18,2026-02-17 14:02:31.970720,2026-02-17 14:02:31.970721
citi-bike-nyc,Citi Bike,"New York, NY",US,663962dd5882cc2a3142fd1f4fc8fc9d,Bank St & Washington St,40.7361967,-74.00859207,3,19,22,2026-02-17 14:02:31.970722,2026-02-17 14:02:31.970723
citi-bike-nyc,Citi Bike,"New York, NY",US,663b76923438093d7e0d24cc5bee9da7,104 St & 32 Ave,40.75951,-73.86491,3,18,21,2026-02-17 14:02:31.970725,2026-02-17 14:02:31.970726
citi-bike-nyc,Citi Bike,"New York, NY",US,66431f1866580cace1080e99ad23a696,Sterling Pl & Classon Ave,40.6739411,-73.96026,1,26,27,2026-02-17 14:02:31.970727,2026-02-17 14:02:31.970728
citi-bike-nyc,Citi Bike,"New York, NY",US,66478891aa4bfcc9c0b73349fc123dab,Norman Ave & Leonard St,40.725819,-73.950815,25,2,27,2026-02-17 14:02:31.970730,2026-02-17 14:02:31.970731
citi-bike-nyc,Citi Bike,"New York, NY",US,66609f1af5e55cd6576062e9a237287e,Madison St & Montgomery St,40.713126,-73.984844,3,17,20,2026-02-17 14:02:31.970735,2026-02-17 14:02:31.970736
citi-bike-nyc,Citi Bike,"New York, NY",US,6676a7d395ad987ea762a8d492ab7215,43 St & 50 Ave,40.73787237950538,-73.92264068126678,4,14,18,2026-02-17 14:02:31.970738,2026-02-17 14:02:31.970739
citi-bike-nyc,Citi Bike,"New York, NY",US,66847153729ec159280b90832f8ba000,E 138 St & Park Ave,40.81263616769319,-73.92924964427948,5,13,18,2026-02-17 14:02:31.970740,2026-02-17 14:02:31.970741
citi-bike-nyc,Citi Bike,"New York, NY",US,668bd328d1337cb7e4d0910dd424d856,Lafayette Ave & St James Pl,40.68851534,-73.9647628,16,21,37,2026-02-17 14:02:31.970743,2026-02-17 14:02:31.970744
citi-bike-nyc,Citi Bike,"New York, NY",US,66ed159d446b3f27d92f76956d519fc0,Crotona Ave & E Fordham Rd,40.8579,-73.88147,14,6,20,2026-02-17 14:02:31.970745,2026-02-17 14:02:31.970746
citi-bike-nyc,Citi Bike,"New York, NY",US,66ff2790f8f8023b6c5d48282d481002,Arthur Ave & E Tremont Ave,40.84616,-73.89322,7,8,15,2026-02-17 14:02:31.970747,2026-02-17 14:02:31.970748
citi-bike-nyc,Citi Bike,"New York, NY",US,67020fb2089f278f309413afe8fbe779,4 Ave & E 12 St,40.732647,-73.99011,32,0,32,2026-02-17 14:02:31.970750,2026-02-17 14:02:31.970751
citi-bike-nyc,Citi Bike,"New York, NY",US,6710481b5675416844eaf426c84b58b7,Van Cortlandt Park S & Dickinson Ave,40.88435,-73.88781,4,21,25,2026-02-17 14:02:31.970755,2026-02-17 14:02:31.970756
citi-bike-nyc,Citi Bike,"New York, NY",US,671d9c0e7074209fe6baf467827c0331,Pulaski St & Marcus Garvey Blvd,40.6933982,-73.939877,1,17,18,2026-02-17 14:02:31.970758,2026-02-17 14:02:31.970759
citi-bike-nyc,Citi Bike,"New York, NY",US,67223efb37cac783e3b5fe662b90ef50,Clarkson Ave & Utica Ave,40.65666,-73.93109,19,1,20,2026-02-17 14:02:31.970760,2026-02-17 14:02:31.970761
citi-bike-nyc,Citi Bike,"New York, NY",US,6738dc0fa0de1a50ea7a023a3c28895a,Adam Clayton Powell Blvd & W 126 St,40.809495347779475,-73.94776493310928,21,7,28,2026-02-17 14:02:31.970762,2026-02-17 14:02:31.970763
citi-bike-nyc,Citi Bike,"New York, NY",US,67557ea7ca03eb5f7422565514ab0f4e,86 St & 37 Ave,40.75,-73.88062,1,20,21,2026-02-17 14:02:31.970765,2026-02-17 14:02:31.970766
citi-bike-nyc,Citi Bike,"New York, NY",US,6764f539ed7a4a3b088607a23d2d4cc6,43 St & Broadway,40.7577284,-73.9166368,8,16,24,2026-02-17 14:02:31.970767,2026-02-17 14:02:31.970768
citi-bike-nyc,Citi Bike,"New York, NY",US,677ee665169954ec141a7272b6b6a166,3 St & 7 Ave,40.6703837,-73.97839676,11,6,17,2026-02-17 14:02:31.970771,2026-02-17 14:02:31.970772
citi-bike-nyc,Citi Bike,"New York, NY",US,6787be179afb2f79fc6f27f08494d63d,Carroll St & Franklin Ave,40.6679411,-73.9588,0,19,19,2026-02-17 14:02:31.970774,2026-02-17 14:02:31.970775
citi-bike-nyc,Citi Bike,"New York, NY",US,678a6671e9652086377bc4a9701733fc,Broadway & W 142 St,40.824686,-73.951947,1,20,21,2026-02-17 14:02:31.970776,2026-02-17 14:02:31.970777
citi-bike-nyc,Citi Bike,"New York, NY",US,678da6832c78fef7d065ecc507dc2b31,Broadway & Furman Ave,40.68139,-73.90756,0,29,29,2026-02-17 14:02:31.970779,2026-02-17 14:02:31.970780
citi-bike-nyc,Citi Bike,"New York, NY",US,678fea3bb3afe05788a35750358db726,3 Ave & E 112 St,40.795508,-73.941606,8,12,20,2026-02-17 14:02:31.970781,2026-02-17 14:02:31.970782
citi-bike-nyc,Citi Bike,"New York, NY",US,679c972b0ac6aefc3cb1c665cfee00c9,River Ave & E 151 St,40.822217,-73.928939,16,9,25,2026-02-17 14:02:31.970784,2026-02-17 14:02:31.970785
citi-bike-nyc,Citi Bike,"New York, NY",US,67a7b7eb5a8861a5abbf2e0e23cd3ad5,72 St & Woodside Ave,40.74288,-73.89283,1,18,19,2026-02-17 14:02:31.970786,2026-02-17 14:02:31.970787
citi-bike-nyc,Citi Bike,"New York, NY",US,67d97b7e921fd2f623a682d281c9ab9a,32 Ave & 75 St,40.75704,-73.8924,16,2,18,2026-02-17 14:02:31.970791,2026-02-17 14:02:31.970792
citi-bike-nyc,Citi Bike,"New York, NY",US,67dddbc17f90e885993d06a72bd145e9,9 Ave & W 45 St,40.76019252,-73.9912551,1,23,24,2026-02-17 14:02:31.970793,2026-02-17 14:02:31.970794
citi-bike-nyc,Citi Bike,"New York, NY",US,67e262eda73516c33021103ce6ee1f15,Fairview Ave & Linden St,40.70694,-73.90632,3,15,18,2026-02-17 14:02:31.970796,2026-02-17 14:02:31.970797
citi-bike-nyc,Citi Bike,"New York, NY",US,67ebb9f937618bc51884b71342f2ff49,W 36 St & 7 Ave,40.752149,-73.989539,20,12,32,2026-02-17 14:02:31.970798,2026-02-17 14:02:31.970799
citi-bike-nyc,Citi Bike,"New York, NY",US,6830a43a6eb53ddd6d3b6ef8330031d7,E 53 St & 3 Ave,40.75763227739443,-73.96930575370789,30,7,37,2026-02-17 14:02:31.970801,2026-02-17 14:02:31.970802
citi-bike-nyc,Citi Bike,"New York, NY",US,689238a79db5c399d6d47f35d1f101e0,Prospect Ave & Longwood Ave,40.81899,-73.90202,5,20,25,2026-02-17 14:02:31.970803,2026-02-17 14:02:31.970804
citi-bike-nyc,Citi Bike,"New York, NY",US,68940ab808000399f04aa5d6453e5afc,Washington Ave & E 174 St,40.843079,-73.900216,2,15,17,2026-02-17 14:02:31.970808,2026-02-17 14:02:31.970809
citi-bike-nyc,Citi Bike,"New York, NY",US,68c2b5f6704c825aba6e0dff8519c841,White St & Johnson Ave,40.707174,-73.93581,22,0,22,2026-02-17 14:02:31.970811,2026-02-17 14:02:31.970812
citi-bike-nyc,Citi Bike,"New York, NY",US,68c50a9801f9242440803b6554ba3761,Vernon Blvd & 47 Rd,40.7449067,-73.9534573,21,5,26,2026-02-17 14:02:31.970813,2026-02-17 14:02:31.970814
citi-bike-nyc,Citi Bike,"New York, NY",US,68d2b9e52ce081a319bdad2514ea2463,Washington Pl & Broadway,40.72903917,-73.99404649,26,0,26,2026-02-17 14:02:31.970815,2026-02-17 14:02:31.970816
citi-bike-nyc,Citi Bike,"New York, NY",US,68ee8be6eea7dae1f98009df04af9bfc,Isham St & Broadway,40.86788,-73.919685,21,3,24,2026-02-17 14:02:31.970818,2026-02-17 14:02:31.970819
citi-bike-nyc,Citi Bike,"New York, NY",US,68fcda3c239cc8c15b8fdce5896deee1,Amsterdam Ave & W 156 St,40.832081,-73.942386,4,22,26,2026-02-17 14:02:31.970820,2026-02-17 14:02:31.970821
citi-bike-nyc,Citi Bike,"New York, NY",US,690892feeba5b15469cd9aff7b53edff,12 Ave & W 40 St,40.76087502,-74.00277668,0,67,67,2026-02-17 14:02:31.970826,2026-02-17 14:02:31.970827
citi-bike-nyc,Citi Bike,"New York, NY",US,693233030422adf1ba85ec07db467e9e,Pacific St & Thomas S. Boyland St,40.67568,-73.91396,5,15,20,2026-02-17 14:02:31.970828,2026-02-17 14:02:31.970829
citi-bike-nyc,Citi Bike,"New York, NY",US,6964e6ac85b7f9767894bf9750f6ba2d,W Broadway & W Houston St,40.726378,-74.000472,44,3,47,2026-02-17 14:02:31.970831,2026-02-17 14:02:31.970832
citi-bike-nyc,Citi Bike,"New York, NY",US,6979e078f2c3d207984abf80d6416e05,Eames Pl & Claflin Ave,40.8692,-73.90121,1,13,14,2026-02-17 14:02:31.970833,2026-02-17 14:02:31.970834
citi-bike-nyc,Citi Bike,"New York, NY",US,69862b0103737adc12edd8d8896bc38a,Skillman Ave & 54 St,40.745502,-73.909887,5,13,18,2026-02-17 14:02:31.970836,2026-02-17 14:02:31.970837
citi-bike-nyc,Citi Bike,"New York, NY",US,69891153fb372c88c0f38840f296641a,Brook Ave & E 157 St,40.820713,-73.911759,16,2,18,2026-02-17 14:02:31.970838,2026-02-17 14:02:31.970839
citi-bike-nyc,Citi Bike,"New York, NY",US,6992a33fd7c2545bc6caeaed5031e46b,34 Ave & Vernon Blvd,40.76535380385866,-73.93986314535141,16,12,28,2026-02-17 14:02:31.970840,2026-02-17 14:02:31.970841
citi-bike-nyc,Citi Bike,"New York, NY",US,69caf37786dd7c365883bc8090fa8021,46 St & 7 Ave,40.644743,-74.003754,3,17,20,2026-02-17 14:02:31.970844,2026-02-17 14:02:31.970845
citi-bike-nyc,Citi Bike,"New York, NY",US,69ee650a920ad5c80fe62b7f99f23861,45 Rd & 11 St,40.74708586,-73.94977234,23,0,23,2026-02-17 14:02:31.970846,2026-02-17 14:02:31.970847
citi-bike-nyc,Citi Bike,"New York, NY",US,69fa95145fd3c9c9e9a6c73884427595,Garfield Light Rail,40.710526,-74.070112,11,4,15,2026-02-17 14:02:31.970848,2026-02-17 14:02:31.970849
citi-bike-nyc,Citi Bike,"New York, NY",US,6a0f26c081b84a3e96badf00beed3938,Jerome Ave & W Fordham Rd,40.86294,-73.90108,8,13,21,2026-02-17 14:02:31.970851,2026-02-17 14:02:31.970852
citi-bike-nyc,Citi Bike,"New York, NY",US,6a16173deed2aa70b84ec3f9a2e87263,Rugby Rd & Beverley Rd,40.64435,-73.96591,18,4,22,2026-02-17 14:02:31.970853,2026-02-17 14:02:31.970854
citi-bike-nyc,Citi Bike,"New York, NY",US,6a54434581981eaf261cd6b5bf0b0c6e,Caven Point Recreation Fields,40.69222,-74.08025,8,6,14,2026-02-17 14:02:31.970855,2026-02-17 14:02:31.970856
citi-bike-nyc,Citi Bike,"New York, NY",US,6a6220bfd1d8bc708fc3dc778af7d0fc,Troy Ave & Park Pl,40.67251,-73.93642,16,5,21,2026-02-17 14:02:31.970858,2026-02-17 14:02:31.970859
citi-bike-nyc,Citi Bike,"New York, NY",US,6a7ecb3c0ee29676aecdad3156e37db1,Madison Ave & E 26 St,40.742684734875695,-73.98671329021454,70,1,71,2026-02-17 14:02:31.970862,2026-02-17 14:02:31.970863
citi-bike-nyc,Citi Bike,"New York, NY",US,6aaca47bf366f7c52e8881cb65be3f49,Adam Clayton Powell Blvd & W 118 St,40.804372,-73.951475,2,23,25,2026-02-17 14:02:31.970864,2026-02-17 14:02:31.970865
citi-bike-nyc,Citi Bike,"New York, NY",US,6abdcf6959566db2fc26a7fb5128afb1,University Ave & W Burnside Ave,40.85501,-73.910751,6,15,21,2026-02-17 14:02:31.970867,2026-02-17 14:02:31.970868
citi-bike-nyc,Citi Bike,"New York, NY",US,6ad83fd80e7705e67779021e1f729f23,W 31 St & 7 Ave,40.749156,-73.9916,8,67,75,2026-02-17 14:02:31.970869,2026-02-17 14:02:31.970870
citi-bike-nyc,Citi Bike,"New York, NY",US,6b232463b564156c5ec81905e71dcb3c,Arthur Ave & E 183 St,40.85307,-73.88953,5,19,24,2026-02-17 14:02:31.970872,2026-02-17 14:02:31.970873
citi-bike-nyc,Citi Bike,"New York, NY",US,6b30b3eb363292d29ea6c3a60d22a748,W 70 St & Amsterdam Ave,40.77748046,-73.98288594,0,37,37,2026-02-17 14:02:31.970878,2026-02-17 14:02:31.970879
citi-bike-nyc,Citi Bike,"New York, NY",US,6b7ec19312601525ed314a5b61a56ca3,Putnam Ave & Knickerbocker Ave,40.69545,-73.91164,1,26,27,2026-02-17 14:02:31.970881,2026-02-17 14:02:31.970882
citi-bike-nyc,Citi Bike,"New York, NY",US,6bc92f059fc37904ab3cca864e69696f,Broadway & W 238 St,40.88524,-73.90077,24,1,25,2026-02-17 14:02:31.970885,2026-02-17 14:02:31.970886
citi-bike-nyc,Citi Bike,"New York, NY",US,6bcf3efc085a5d063c382712adac7824,97 St & 57 Ave,40.73727,-73.86415,18,1,19,2026-02-17 14:02:31.970887,2026-02-17 14:02:31.970888
citi-bike-nyc,Citi Bike,"New York, NY",US,6bdbb70cd05682835b7d7de215a4d2e2,Macon St & Howard Ave,40.68452,-73.92011,0,20,20,2026-02-17 14:02:31.970890,2026-02-17 14:02:31.970891
citi-bike-nyc,Citi Bike,"New York, NY",US,6bf44bdc26e17928286dcc955f414fc1,Parkside Ave & Parade Pl,40.6532,-73.96639,12,8,20,2026-02-17 14:02:31.970896,2026-02-17 14:02:31.970897
citi-bike-nyc,Citi Bike,"New York, NY",US,6c19fbc5f03b332ab37bde5bb81e25c8,Cortelyou Rd & E 19 St,40.64269,-73.96099,18,1,19,2026-02-17 14:02:31.970898,2026-02-17 14:02:31.970899
citi-bike-nyc,Citi Bike,"New York, NY",US,6c2893481a7ff87d408519427b6e8a93,Hughes Ave & Oak Tree Pl,40.85079,-73.88945,1,18,19,2026-02-17 14:02:31.970900,2026-02-17 14:02:31.970901
citi-bike-nyc,Citi Bike,"New York, NY",US,6c7145d62d0462602990f72b030d69a8,Motorgate,40.7639089,-73.9477213,5,27,32,2026-02-17 14:02:31.970903,2026-02-17 14:02:31.970904
citi-bike-nyc,Citi Bike,"New York, NY",US,6c887dcf55f8129df5a3f0f29a0c4051,93 St & Northern Blvd,40.7564,-73.87504,2,17,19,2026-02-17 14:02:31.970905,2026-02-17 14:02:31.970906
citi-bike-nyc,Citi Bike,"New York, NY",US,6cbd841d8c3fcfd247e5687972f7ccbf,Sedgwick Ave & Hillman Ave,40.88224,-73.89136,16,7,23,2026-02-17 14:02:31.970908,2026-02-17 14:02:31.970909
citi-bike-nyc,Citi Bike,"New York, NY",US,6ccce8490105e62a769b29087750bd15,71 St & 37 Ave,40.7488,-73.89451,0,22,22,2026-02-17 14:02:31.970910,2026-02-17 14:02:31.970911
citi-bike-nyc,Citi Bike,"New York, NY",US,6cdf42019b067c47c2f9a649451ff266,St Marks Pl & 1 Ave,40.72779126,-73.98564945,28,37,65,2026-02-17 14:02:31.970913,2026-02-17 14:02:31.970914
citi-bike-nyc,Citi Bike,"New York, NY",US,6d0fc84b4203596051d64af3964525fd,Broadway & W 220 St,40.872412,-73.912807,13,5,18,2026-02-17 14:02:31.970916,2026-02-17 14:02:31.970917
citi-bike-nyc,Citi Bike,"New York, NY",US,6d13d9037c6875ffda7ad6d678f86f09,Huron St & Franklin St,40.73266,-73.95826,14,16,30,2026-02-17 14:02:31.970918,2026-02-17 14:02:31.970919
citi-bike-nyc,Citi Bike,"New York, NY",US,6d56d6028c19aec5f5db9756670c4e82,Lewis Ave & Decatur St,40.6814598,-73.934903,3,16,19,2026-02-17 14:02:31.970921,2026-02-17 14:02:31.970922
citi-bike-nyc,Citi Bike,"New York, NY",US,6d6387d6ec9ca7b89c0a7e46b57a80c4,E 3 St & 1 Ave,40.72467721,-73.98783413,27,21,48,2026-02-17 14:02:31.970923,2026-02-17 14:02:31.970924
citi-bike-nyc,Citi Bike,"New York, NY",US,6d6db91d6f03b43f47cd31f938bd2978,Bedford Ave & Montgomery St,40.665816,-73.956934,5,20,25,2026-02-17 14:02:31.970926,2026-02-17 14:02:31.970927
citi-bike-nyc,Citi Bike,"New York, NY",US,6da563b677620790a55b1dc055a984aa,W 145 St & Amsterdam Ave,40.825244,-73.947257,3,10,13,2026-02-17 14:02:31.970928,2026-02-17 14:02:31.970929
citi-bike-nyc,Citi Bike,"New York, NY",US,6dd3be1c42d2801224d36eed03539007,Park Ave & E 124 St,40.8045555,-73.9396861,31,1,32,2026-02-17 14:02:31.970931,2026-02-17 14:02:31.970932
citi-bike-nyc,Citi Bike,"New York, NY",US,6df961b3beae0aafbf0e1a83232398bf,Winthrop St & Nostrand Ave,40.65707,-73.95005,14,9,23,2026-02-17 14:02:31.970933,2026-02-17 14:02:31.970934
citi-bike-nyc,Citi Bike,"New York, NY",US,6e0c2694540338364e626e88c17a56e4,E 22 St & 2 Ave,40.73716919369882,-73.98122549057007,1,43,44,2026-02-17 14:02:31.970935,2026-02-17 14:02:31.970936
citi-bike-nyc,Citi Bike,"New York, NY",US,6e2f1d7f281609f393a9334e3c98e391,Boerum St & Broadway,40.70538077,-73.94976519,14,3,17,2026-02-17 14:02:31.970938,2026-02-17 14:02:31.970939
citi-bike-nyc,Citi Bike,"New York, NY",US,6e43cd37a571f8a9bff43fcea0b6d295,1 Ave & E 68 St,40.76500525,-73.95818491,16,44,60,2026-02-17 14:02:31.970943,2026-02-17 14:02:31.970944
citi-bike-nyc,Citi Bike,"New York, NY",US,6e5169f9d5f9300507feeb3bff4a9c7e,Grand Army Plaza & Plaza St West,40.6729679,-73.97087984,1,33,34,2026-02-17 14:02:31.970946,2026-02-17 14:02:31.970947
citi-bike-nyc,Citi Bike,"New York, NY",US,6e561bff612d054e7dc44fce08a106ca,Broadway & W 192 St,40.857994,-73.932173,9,11,20,2026-02-17 14:02:31.970948,2026-02-17 14:02:31.970949
citi-bike-nyc,Citi Bike,"New York, NY",US,6e6dc1ac2ba5cc446b87a2fd156bd2c8,4 Ave & 72 St,40.63283,-74.02439,2,12,14,2026-02-17 14:02:31.970951,2026-02-17 14:02:31.970952
citi-bike-nyc,Citi Bike,"New York, NY",US,6e8056e64a8e2649bc04a0aeebe680ea,34 St & 48 Ave,40.740821207823245,-73.93147185444832,7,16,23,2026-02-17 14:02:31.970953,2026-02-17 14:02:31.970954
citi-bike-nyc,Citi Bike,"New York, NY",US,6eb97762d76732891a35551d038df7c8,E 4 St & Ave B,40.723346832180155,-73.98265913128853,4,31,35,2026-02-17 14:02:31.970955,2026-02-17 14:02:31.970956
citi-bike-nyc,Citi Bike,"New York, NY",US,6eca369bc28792b4f9d7f078886649ee,E 14 St & 1 Ave,40.73139303364151,-73.98286700248718,2,27,29,2026-02-17 14:02:31.970961,2026-02-17 14:02:31.970962
citi-bike-nyc,Citi Bike,"New York, NY",US,6ed03cb98d815eea56556b77e032e54b,Pacific St & Sackman St,40.67522,-73.9061,8,10,18,2026-02-17 14:02:31.970963,2026-02-17 14:02:31.970964
citi-bike-nyc,Citi Bike,"New York, NY",US,6f2c155b62077a2eaffe707650aa88c2,31 Ave & 14 St,40.7682,-73.9322662,4,11,15,2026-02-17 14:02:31.970966,2026-02-17 14:02:31.970967
citi-bike-nyc,Citi Bike,"New York, NY",US,6f4fa3d8e34b6e7feb1251ebdaa34e58,Monroe St & Patchen Ave,40.68814,-73.92693,6,11,17,2026-02-17 14:02:31.970968,2026-02-17 14:02:31.970969
citi-bike-nyc,Citi Bike,"New York, NY",US,6f77887d623b0b94192a6cfac9feac00,Ditmars Blvd & 19 St,40.78145,-73.9183302,15,10,25,2026-02-17 14:02:31.970970,2026-02-17 14:02:31.970971
citi-bike-nyc,Citi Bike,"New York, NY",US,6fa236a63a0d369b63aec402ea5a439b,8 Ave & W 33 St,40.75156757136795,-73.99376901480953,34,29,63,2026-02-17 14:02:31.970973,2026-02-17 14:02:31.970974
citi-bike-nyc,Citi Bike,"New York, NY",US,6fc4673812e2a5824c3dbdba8648cabf,Edgecombe Ave & W 150 St,40.826881,-73.941427,0,19,19,2026-02-17 14:02:31.970978,2026-02-17 14:02:31.970979
citi-bike-nyc,Citi Bike,"New York, NY",US,6fd339c9f7f92b83b2e02cbfb93dd089,Brunswick St,40.7241765,-74.0506564,6,14,20,2026-02-17 14:02:31.970981,2026-02-17 14:02:31.970982
citi-bike-nyc,Citi Bike,"New York, NY",US,6fd81aa6010a5f3b426f7953c39b3d1a,Hoyt St & Warren St,40.6843549,-73.98901629,34,0,34,2026-02-17 14:02:31.970983,2026-02-17 14:02:31.970984
citi-bike-nyc,Citi Bike,"New York, NY",US,6fdce8dfa1d274e3ef602cf4ca73827d,79 St & Roosevelt Ave,40.74718,-73.88675,12,11,23,2026-02-17 14:02:31.970986,2026-02-17 14:02:31.970987
citi-bike-nyc,Citi Bike,"New York, NY",US,6fe711eb239f52c7bf6f0d0803b7de0c,Southern Blvd & Xavier Way,40.86149,-73.88103,4,24,28,2026-02-17 14:02:31.970988,2026-02-17 14:02:31.970989
citi-bike-nyc,Citi Bike,"New York, NY",US,6ff2b412d7131a60a2ec9accf04ae0e2,Matthews Ct & Coney Island Ave,40.64235,-73.96951,17,3,20,2026-02-17 14:02:31.970991,2026-02-17 14:02:31.970992
citi-bike-nyc,Citi Bike,"New York, NY",US,700ab1280403594412c894a20bedcb23,31 Ave & Steinway St,40.7611488,-73.9170071,7,17,24,2026-02-17 14:02:31.970996,2026-02-17 14:02:31.970997
citi-bike-nyc,Citi Bike,"New York, NY",US,70108733c7d19d9d03d622863aa20e0d,Bailey Ave & Sedgwick Ave,40.86571,-73.90857,6,14,20,2026-02-17 14:02:31.971000,2026-02-17 14:02:31.971001
citi-bike-nyc,Citi Bike,"New York, NY",US,7042d41b3dc50a69e50e1d4d2f7b412f,Sterling St & Bedford Ave,40.6627059,-73.9569115,12,5,17,2026-02-17 14:02:31.971003,2026-02-17 14:02:31.971004
citi-bike-nyc,Citi Bike,"New York, NY",US,704afa6435c783a945e9ba1ced51ef79,W 160 St & St Nicholas Ave,40.834468,-73.939865,1,22,23,2026-02-17 14:02:31.971005,2026-02-17 14:02:31.971006
citi-bike-nyc,Citi Bike,"New York, NY",US,70503d005dbfbbbbd19def75cabf17b2,Faile St & Garrison Ave,40.820578,-73.888271,1,16,17,2026-02-17 14:02:31.971008,2026-02-17 14:02:31.971009
citi-bike-nyc,Citi Bike,"New York, NY",US,70574df401e351180d95614207ad53a7,Hanson Pl & Ashland Pl,40.68506807308177,-73.97790759801863,20,17,37,2026-02-17 14:02:31.971010,2026-02-17 14:02:31.971011
citi-bike-nyc,Citi Bike,"New York, NY",US,70647d470dfad18e770464d485ea1124,E 48 St & 3 Ave,40.7546011026,-73.971878855,20,49,69,2026-02-17 14:02:31.971014,2026-02-17 14:02:31.971015
citi-bike-nyc,Citi Bike,"New York, NY",US,706b6be09ed0860a6f86154269c4dc25,33 St & Queens Blvd,40.7443653191867,-73.93172398209572,11,9,20,2026-02-17 14:02:31.971016,2026-02-17 14:02:31.971017
citi-bike-nyc,Citi Bike,"New York, NY",US,707500d1124ef5654f939818c9324f9c,Leonard St & Boerum St,40.70583339,-73.94644578,18,5,23,2026-02-17 14:02:31.971019,2026-02-17 14:02:31.971020
citi-bike-nyc,Citi Bike,"New York, NY",US,707f06d68130f07c41591c107a02ba36,E 6 St & Ave B,40.72453734,-73.98185424,13,74,87,2026-02-17 14:02:31.971022,2026-02-17 14:02:31.971023
citi-bike-nyc,Citi Bike,"New York, NY",US,709640e2e85e9a8ca705870653aecb3e,100 St & Lewis Ave,40.73988,-73.86012,11,8,19,2026-02-17 14:02:31.971025,2026-02-17 14:02:31.971026
citi-bike-nyc,Citi Bike,"New York, NY",US,70a340ea27e937e2d816647d828af95c,Anderson Ave & W 164 St,40.832057,-73.927421,0,18,18,2026-02-17 14:02:31.971030,2026-02-17 14:02:31.971031
citi-bike-nyc,Citi Bike,"New York, NY",US,70b919d8992a475d837bc10909dd51a2,48 St & 2 Ave,40.650176,-74.015606,18,1,19,2026-02-17 14:02:31.971032,2026-02-17 14:02:31.971033
citi-bike-nyc,Citi Bike,"New York, NY",US,70e976015d643dec7d92aa5ade89ffc3,W 20 St & 8 Ave,40.74345335,-74.00004031,51,28,79,2026-02-17 14:02:31.971035,2026-02-17 14:02:31.971036
citi-bike-nyc,Citi Bike,"New York, NY",US,70fd339ebc71f9b91cf1a793127bf811,Roebling St & N 4 St,40.71469,-73.95739,22,2,24,2026-02-17 14:02:31.971037,2026-02-17 14:02:31.971038
citi-bike-nyc,Citi Bike,"New York, NY",US,71027abe941922b1e018d70f6cfa222c,43 St & 23 Ave,40.769673,-73.906018,3,20,23,2026-02-17 14:02:31.971040,2026-02-17 14:02:31.971041
citi-bike-nyc,Citi Bike,"New York, NY",US,71166ca10620ead0519fc2c02470b9aa,Emerson Pl & Myrtle Ave,40.69363137,-73.96223558,19,40,59,2026-02-17 14:02:31.971042,2026-02-17 14:02:31.971043
citi-bike-nyc,Citi Bike,"New York, NY",US,713834e7e60e4aeffbb7e7bd1a003727,Henry St & W 9 St,40.6763744,-74.00324957,16,3,19,2026-02-17 14:02:31.971048,2026-02-17 14:02:31.971049
citi-bike-nyc,Citi Bike,"New York, NY",US,714bbbf701687599882521b80af208ed,90 St & 32 Ave,40.75836,-73.87824,8,10,18,2026-02-17 14:02:31.971050,2026-02-17 14:02:31.971051
citi-bike-nyc,Citi Bike,"New York, NY",US,7178a590a7182688f2210e7bf076f7b6,Eastern Pkwy & Schenectady Ave,40.66876,-73.93376,5,18,23,2026-02-17 14:02:31.971053,2026-02-17 14:02:31.971054
citi-bike-nyc,Citi Bike,"New York, NY",US,71839a8e7e10bcdf79dc184e025e7199,81 St & 24 Ave,40.76466,-73.88803,10,9,19,2026-02-17 14:02:31.971055,2026-02-17 14:02:31.971056
citi-bike-nyc,Citi Bike,"New York, NY",US,7189cc9b22b198e98e1a764bd1ae52be,E 51 St & 2 Ave,40.755293,-73.967641,0,58,58,2026-02-17 14:02:31.971058,2026-02-17 14:02:31.971059
citi-bike-nyc,Citi Bike,"New York, NY",US,71982964b0ec81031426583d20c6abc4,Ithaca St & Baxter Ave,40.74638,-73.88322,0,25,25,2026-02-17 14:02:31.971060,2026-02-17 14:02:31.971061
citi-bike-nyc,Citi Bike,"New York, NY",US,7206f7b15b5d0e07b243385e5f2b42a3,Shea Rd & Boat Basin Pl,40.75777,-73.84887,23,3,26,2026-02-17 14:02:31.971062,2026-02-17 14:02:31.971063
citi-bike-nyc,Citi Bike,"New York, NY",US,720b0ea544d681c69cd5caef2c0f246f,Jersey & 6th St,40.72528910781132,-74.04557168483734,2,12,14,2026-02-17 14:02:31.971065,2026-02-17 14:02:31.971066
citi-bike-nyc,Citi Bike,"New York, NY",US,722f02f052097217388234e5f1b98104,Fort Washington Ave & W 173 St,40.84522,-73.940493,0,23,23,2026-02-17 14:02:31.971068,2026-02-17 14:02:31.971069
citi-bike-nyc,Citi Bike,"New York, NY",US,72394bda9e3303d03667935bc0ecdc47,Madison St & Clinton St,40.71269042,-73.98776323,19,16,35,2026-02-17 14:02:31.971070,2026-02-17 14:02:31.971071
citi-bike-nyc,Citi Bike,"New York, NY",US,723bd1b30046f966525befd16df1276a,37 Ave & 35 St,40.7531106,-73.9279917,5,19,24,2026-02-17 14:02:31.971073,2026-02-17 14:02:31.971074
citi-bike-nyc,Citi Bike,"New York, NY",US,72433f0a18dfcd5eccebe86f2e26a347,Arion Pl & Broadway,40.697891,-73.936642,1,18,19,2026-02-17 14:02:31.971075,2026-02-17 14:02:31.971076
citi-bike-nyc,Citi Bike,"New York, NY",US,7246c9d4ac2c9ff0f583423e1960a5c1,28 St & 36 Ave,40.757186,-73.932719,15,12,27,2026-02-17 14:02:31.971078,2026-02-17 14:02:31.971079
citi-bike-nyc,Citi Bike,"New York, NY",US,726ad43c35065e99538191eb70b287fe,N 12 St & Bedford Ave,40.72079821,-73.95484712,39,1,40,2026-02-17 14:02:31.971082,2026-02-17 14:02:31.971083
citi-bike-nyc,Citi Bike,"New York, NY",US,726b24f490e20cc8901c27e4d81e4ff4,6 Ave & 78 St,40.62569,-74.02119,2,6,8,2026-02-17 14:02:31.971085,2026-02-17 14:02:31.971086
citi-bike-nyc,Citi Bike,"New York, NY",US,72848b662aae6385dd750ef7aa644ebf,9 St & 44 Rd,40.74966,-73.9521,30,3,33,2026-02-17 14:02:31.971087,2026-02-17 14:02:31.971088
citi-bike-nyc,Citi Bike,"New York, NY",US,729302ea246632b3566d1900b5cc5517,St Marks Ave & Thomas S. Boyland St,40.67313,-73.91387,10,10,20,2026-02-17 14:02:31.971090,2026-02-17 14:02:31.971091
citi-bike-nyc,Citi Bike,"New York, NY",US,72d67352f4ab1e7f41cd946ae901950c,Lewis Ave & Greene Ave,40.68995,-73.9365,0,22,22,2026-02-17 14:02:31.971092,2026-02-17 14:02:31.971093
citi-bike-nyc,Citi Bike,"New York, NY",US,72da7b1a8189002248d5f0f8f996cd34,West Side Ave & Stegman Pkwy,40.71087,-74.09368,9,9,18,2026-02-17 14:02:31.971094,2026-02-17 14:02:31.971095
citi-bike-nyc,Citi Bike,"New York, NY",US,72ea0ea7ad2533c3253c0e51e390ed88,E 178 St & Monterey Ave,40.84749,-73.89464,0,21,21,2026-02-17 14:02:31.971100,2026-02-17 14:02:31.971101
citi-bike-nyc,Citi Bike,"New York, NY",US,73298545aec11d957b3fe758e94eda45,Jerome Ave & E 198 St,40.87144520687118,-73.89289632439613,2,14,16,2026-02-17 14:02:31.971103,2026-02-17 14:02:31.971104
citi-bike-nyc,Citi Bike,"New York, NY",US,733f4db0daa75a17abc0545ee2f88799,Monroe St & Classon Ave,40.6845683,-73.95881081,3,14,17,2026-02-17 14:02:31.971105,2026-02-17 14:02:31.971106
citi-bike-nyc,Citi Bike,"New York, NY",US,735cb2b0c0f6ae28ca2f030d0d68bb14,5 Ave & E 87 St,40.78232260730881,-73.95987510681152,13,2,15,2026-02-17 14:02:31.971108,2026-02-17 14:02:31.971109
citi-bike-nyc,Citi Bike,"New York, NY",US,7368fa0be219ab5e151437c7a4cde330,4 Ave & 85 St,40.62354,-74.02817,6,5,11,2026-02-17 14:02:31.971110,2026-02-17 14:02:31.971111
citi-bike-nyc,Citi Bike,"New York, NY",US,737945b8e74609759a21c66899093956,Macon St & Lewis Ave,40.68282,-73.93488,1,17,18,2026-02-17 14:02:31.971114,2026-02-17 14:02:31.971115
citi-bike-nyc,Citi Bike,"New York, NY",US,737d15697cb438f444d975fc98ea42cf,Nelson Ave & W 172 St,40.843965,-73.920999,5,10,15,2026-02-17 14:02:31.971117,2026-02-17 14:02:31.971118
citi-bike-nyc,Citi Bike,"New York, NY",US,73ddcda037ae038159276eda5f6b42c5,W 82 St & Central Park W,40.78275,-73.97137,0,0,0,2026-02-17 14:02:31.971119,2026-02-17 14:02:31.971120
citi-bike-nyc,Citi Bike,"New York, NY",US,7401d9fb1eca0a45e11e1997a2fd9da8,3 Ave & E Tremont Ave,40.84649,-73.89616,15,10,25,2026-02-17 14:02:31.971122,2026-02-17 14:02:31.971123
citi-bike-nyc,Citi Bike,"New York, NY",US,740e0432ebbd35058d031ea7159445e1,E New York Ave & Troy Ave,40.66227,-73.93762,10,10,20,2026-02-17 14:02:31.971124,2026-02-17 14:02:31.971125
citi-bike-nyc,Citi Bike,"New York, NY",US,74181cfa0669cabb339792d84b2dccb9,E 11 St & Ave B,40.72746420692392,-73.97950418293476,7,56,63,2026-02-17 14:02:31.971127,2026-02-17 14:02:31.971128
citi-bike-nyc,Citi Bike,"New York, NY",US,7423bf5925c8db805ec8b22809c35e8d,99 St & 38 Ave,40.75055,-73.86725,0,26,26,2026-02-17 14:02:31.971129,2026-02-17 14:02:31.971130
citi-bike-nyc,Citi Bike,"New York, NY",US,743e20d43f56b3cf710087c4df73cb90,Steinway St & Broadway,40.75905795418586,-73.91897544264793,16,12,28,2026-02-17 14:02:31.971131,2026-02-17 14:02:31.971132
citi-bike-nyc,Citi Bike,"New York, NY",US,7448843186d5f3149d39dd7b7015238c,E 2 St & Ave A,40.72307749068673,-73.98583620786667,12,55,67,2026-02-17 14:02:31.971134,2026-02-17 14:02:31.971135
citi-bike-nyc,Citi Bike,"New York, NY",US,745d9941bfa35e63423c490e8f28a558,Myrtle Ave & Linden St,40.69943,-73.91337,13,10,23,2026-02-17 14:02:31.971137,2026-02-17 14:02:31.971138
citi-bike-nyc,Citi Bike,"New York, NY",US,7495e2fee85e566a5f111f92b018d578,Nostrand Ave & Rutland Rd,40.6595,-73.95041,4,16,20,2026-02-17 14:02:31.971139,2026-02-17 14:02:31.971140
citi-bike-nyc,Citi Bike,"New York, NY",US,74e9f1f6efda1055a20d72da7d934cd2,Park Pl & Vanderbilt Ave,40.6767,-73.969024,2,14,16,2026-02-17 14:02:31.971145,2026-02-17 14:02:31.971146
citi-bike-nyc,Citi Bike,"New York, NY",US,74fb17884ecf6fd5bc67c4a942d5918f,Van Cleef St & 108 St,40.74096,-73.85357,19,0,19,2026-02-17 14:02:31.971148,2026-02-17 14:02:31.971149
citi-bike-nyc,Citi Bike,"New York, NY",US,74fb47e0c3525704829daaf79450aa45,W 47 St & 10 Ave,40.76269882,-73.99301222,0,37,37,2026-02-17 14:02:31.971150,2026-02-17 14:02:31.971151
citi-bike-nyc,Citi Bike,"New York, NY",US,751012f449f2e3dd3ff3e518b3ef3e3e,Atlantic Ave & Furman St,40.69165183,-73.9999786,19,32,51,2026-02-17 14:02:31.971153,2026-02-17 14:02:31.971154
citi-bike-nyc,Citi Bike,"New York, NY",US,751a921c50096046b6ae86b02e5fe14c,28 Ave & 35 St,40.7671,-73.9169858,2,24,26,2026-02-17 14:02:31.971155,2026-02-17 14:02:31.971156
citi-bike-nyc,Citi Bike,"New York, NY",US,752e8ab8ea680288e2ff0869760ae51e,40 St & Queens Blvd,40.743540273428685,-73.92435193061829,2,18,20,2026-02-17 14:02:31.971158,2026-02-17 14:02:31.971158
citi-bike-nyc,Citi Bike,"New York, NY",US,752ec33e78908a379d322dbf8f9e5d04,1 Ave & E 38 St,40.746202,-73.971822,3,32,35,2026-02-17 14:02:31.971163,2026-02-17 14:02:31.971164
citi-bike-nyc,Citi Bike,"New York, NY",US,7539bc0643513d56fbfc717367cb239d,Prospect Pl & Howard Ave,40.67261,-73.91977,0,19,19,2026-02-17 14:02:31.971166,2026-02-17 14:02:31.971167
citi-bike-nyc,Citi Bike,"New York, NY",US,7575aa915fff164db3a86c7c01bf9e03,5 St & 51 Ave,40.7423737,-73.9566,18,3,21,2026-02-17 14:02:31.971168,2026-02-17 14:02:31.971169
citi-bike-nyc,Citi Bike,"New York, NY",US,7586cd1aec96a2844a5095a2398ae701,Putnam Ave & Nostrand Ave,40.68402,-73.94977,1,18,19,2026-02-17 14:02:31.971171,2026-02-17 14:02:31.971171
citi-bike-nyc,Citi Bike,"New York, NY",US,75893f554f4b758792ed01b9649d10f7,Sands St Gate,40.699569,-73.979827,17,0,17,2026-02-17 14:02:31.971173,2026-02-17 14:02:31.971174
citi-bike-nyc,Citi Bike,"New York, NY",US,75a634e2473d7e3abf789c09c44fdf26,28 St & 41 Ave,40.751047,-73.93797,14,10,24,2026-02-17 14:02:31.971175,2026-02-17 14:02:31.971176
citi-bike-nyc,Citi Bike,"New York, NY",US,75bc9a899c6aa8806a0a85b4bfb31f3f,Boston Rd & Prospect Ave,40.833246,-73.896599,0,18,18,2026-02-17 14:02:31.971181,2026-02-17 14:02:31.971182
citi-bike-nyc,Citi Bike,"New York, NY",US,75dde76b7fc0f4c42680d4ca74102584,41 Ave & 67 St,40.74446,-73.89764,4,15,19,2026-02-17 14:02:31.971183,2026-02-17 14:02:31.971184
citi-bike-nyc,Citi Bike,"New York, NY",US,75e865dc4ad12e249a0aad92dd6fec64,Roosevelt Ave & 104 St,40.74984,-73.86156,18,0,18,2026-02-17 14:02:31.971186,2026-02-17 14:02:31.971187
citi-bike-nyc,Citi Bike,"New York, NY",US,7621c7f870cdd96f3a909da9be523f39,Boston Rd & E 167 St,40.828199,-73.903719,4,16,20,2026-02-17 14:02:31.971188,2026-02-17 14:02:31.971189
citi-bike-nyc,Citi Bike,"New York, NY",US,763391f79cc86bc62782448b65dbdc60,Kingsland Ave & Nassau Ave,40.72577,-73.94173,13,12,25,2026-02-17 14:02:31.971191,2026-02-17 14:02:31.971192
citi-bike-nyc,Citi Bike,"New York, NY",US,763872414c94984a161b9f8891f1a59c,National St & 45 Ave,40.74582,-73.86433,6,15,21,2026-02-17 14:02:31.971193,2026-02-17 14:02:31.971194
citi-bike-nyc,Citi Bike,"New York, NY",US,7640134d9d17edceea685ed1aa28d8e9,Windsor Pl & 8 Ave,40.660906,-73.983074,12,6,18,2026-02-17 14:02:31.971198,2026-02-17 14:02:31.971199
citi-bike-nyc,Citi Bike,"New York, NY",US,76608a6af67660fb16e19990334ddef2,South Waterfront Walkway - Sinatra Dr & 1 St,40.73698221818716,-74.02778059244156,29,0,29,2026-02-17 14:02:31.971201,2026-02-17 14:02:31.971202
citi-bike-nyc,Citi Bike,"New York, NY",US,769bf53103af9a6e23094efc44b23bd0,63 St & Borden Ave,40.72655,-73.90321,20,1,21,2026-02-17 14:02:31.971203,2026-02-17 14:02:31.971204
citi-bike-nyc,Citi Bike,"New York, NY",US,76bd063656c96f0b178fab20d0ba38f6,Clark St & Henry St,40.69760127,-73.99344559,16,20,36,2026-02-17 14:02:31.971206,2026-02-17 14:02:31.971207
citi-bike-nyc,Citi Bike,"New York, NY",US,76c3edbb0321436e5fcab1e57763e3c2,31 St & 21 Ave,40.77813,-73.90842,4,23,27,2026-02-17 14:02:31.971208,2026-02-17 14:02:31.971209
citi-bike-nyc,Citi Bike,"New York, NY",US,76d654df0d9dc9702b7f64261c0a387e,Grand Concourse & E 156 St,40.823429,-73.924689,0,19,19,2026-02-17 14:02:31.971211,2026-02-17 14:02:31.971212
citi-bike-nyc,Citi Bike,"New York, NY",US,76d757256a6c85dabe0ea09054abb8b2,W 37 St & 5 Ave,40.75038009,-73.98338988,20,32,52,2026-02-17 14:02:31.971213,2026-02-17 14:02:31.971214
citi-bike-nyc,Citi Bike,"New York, NY",US,76d90ebcca4d0bf5c61394fded8fbc0e,3 Ave & E 169 St,40.832678,-73.905158,0,19,19,2026-02-17 14:02:31.971216,2026-02-17 14:02:31.971217
citi-bike-nyc,Citi Bike,"New York, NY",US,76e99ec8ae0548bd87f5cd0755963ea3,Old Broadway & W 133 St,40.818212,-73.955277,1,16,17,2026-02-17 14:02:31.971219,2026-02-17 14:02:31.971220
citi-bike-nyc,Citi Bike,"New York, NY",US,770c727bfe780ac70c193ea9e0623f22,Lafayette Ave & Stuyvesant Ave,40.6919925157634,-73.9325501024723,0,22,22,2026-02-17 14:02:31.971221,2026-02-17 14:02:31.971222
citi-bike-nyc,Citi Bike,"New York, NY",US,771a84cb1cec69ddf90181754191dffa,DeKalb Ave & Bedford Ave,40.690894,-73.955195,6,19,25,2026-02-17 14:02:31.971224,2026-02-17 14:02:31.971225
citi-bike-nyc,Citi Bike,"New York, NY",US,771f24ede2cb76c6278fdaffeb2ea23b,Brooklyn Ave & Prospect Pl,40.67412,-73.94447,9,16,25,2026-02-17 14:02:31.971230,2026-02-17 14:02:31.971231
citi-bike-nyc,Citi Bike,"New York, NY",US,774dd3553ce205986790f100fa79b9f0,65 Pl & 53 Ave,40.73145,-73.90022,14,4,18,2026-02-17 14:02:31.971235,2026-02-17 14:02:31.971236
citi-bike-nyc,Citi Bike,"New York, NY",US,7795459d7519c98af3162f9d21dea139,Ditmas Ave & McDonald Ave,40.63548,-73.97825,13,2,15,2026-02-17 14:02:31.971238,2026-02-17 14:02:31.971239
citi-bike-nyc,Citi Bike,"New York, NY",US,77bd72631dd4eba3e86c45bfe87000f3,73 St & Ridge Blvd,40.63349,-74.02976,10,5,15,2026-02-17 14:02:31.971241,2026-02-17 14:02:31.971242
citi-bike-nyc,Citi Bike,"New York, NY",US,77ed99654c513f9719b104bf7f380591,Kent Ave & Grand St,40.716425,-73.96594,44,0,44,2026-02-17 14:02:31.971243,2026-02-17 14:02:31.971244
citi-bike-nyc,Citi Bike,"New York, NY",US,7833417deedb5c94be0ced228355c5b2,Clinton St & Union St,40.6831164,-73.99785267,9,26,35,2026-02-17 14:02:31.971247,2026-02-17 14:02:31.971248
citi-bike-nyc,Citi Bike,"New York, NY",US,78355a529f94d36a85377d4683c0df08,5 Ave & W 139 St,40.815484,-73.935856,6,14,20,2026-02-17 14:02:31.971253,2026-02-17 14:02:31.971254
citi-bike-nyc,Citi Bike,"New York, NY",US,78466b7e0be084d30c6015c3e9b5374c,Lexington Ave & E 36 St,40.747573958954796,-73.9788007736206,1,22,23,2026-02-17 14:02:31.971255,2026-02-17 14:02:31.971256
citi-bike-nyc,Citi Bike,"New York, NY",US,784ee8309a8d2b3dc13b89f583a51f21,60 St & 37 Ave,40.74952,-73.90265,10,8,18,2026-02-17 14:02:31.971258,2026-02-17 14:02:31.971259
citi-bike-nyc,Citi Bike,"New York, NY",US,786615e9593e41d0620fef6c290b4387,25 Ave & 85 St,40.76328,-73.88404,12,6,18,2026-02-17 14:02:31.971260,2026-02-17 14:02:31.971261
citi-bike-nyc,Citi Bike,"New York, NY",US,786a631f21bac66d58ddc9b8ff014188,Pleasant Ave & E 116 St,40.79499,-73.93333,0,17,17,2026-02-17 14:02:31.971262,2026-02-17 14:02:31.971263
citi-bike-nyc,Citi Bike,"New York, NY",US,787a32661354ab25f073877c5036fa77,Fort Hamilton Pkwy & 95 St,40.61466,-74.02946,6,6,12,2026-02-17 14:02:31.971265,2026-02-17 14:02:31.971266
citi-bike-nyc,Citi Bike,"New York, NY",US,78880a5550c3d6235dbef7ccaec74073,Metropolitan Ave & Vandervoort Ave,40.71429,-73.93323,18,5,23,2026-02-17 14:02:31.971270,2026-02-17 14:02:31.971271
citi-bike-nyc,Citi Bike,"New York, NY",US,78a6d91d2c3e20e1bb788d63b076f92e,Concourse Village East & E 158 St,40.823732,-73.919379,6,22,28,2026-02-17 14:02:31.971273,2026-02-17 14:02:31.971274
citi-bike-nyc,Citi Bike,"New York, NY",US,78b742246a85a7199ba5598a862c15d6,Fort Hamilton Pkwy & 92 St,40.61717,-74.02744,9,0,9,2026-02-17 14:02:31.971275,2026-02-17 14:02:31.971276
citi-bike-nyc,Citi Bike,"New York, NY",US,78d9dc86c10730116ae9c00070ae8653,Palmetto St & Traffic Ave,40.70929,-73.89441,4,15,19,2026-02-17 14:02:31.971278,2026-02-17 14:02:31.971279
citi-bike-nyc,Citi Bike,"New York, NY",US,78fed721d32830d8ff20df0f3abae7cd,W 40 St & 7 Ave,40.754818,-73.988154,1,27,28,2026-02-17 14:02:31.971280,2026-02-17 14:02:31.971281
citi-bike-nyc,Citi Bike,"New York, NY",US,7904c5b866ef0c09101e84fdda91e11c,Irving Ave & Jefferson St,40.70538,-73.92535,13,5,18,2026-02-17 14:02:31.971282,2026-02-17 14:02:31.971283
citi-bike-nyc,Citi Bike,"New York, NY",US,7918cb1ce82710ef450dada38026551b,36 Ave & 31 St,40.756540051858984,-73.929555582706,15,11,26,2026-02-17 14:02:31.971285,2026-02-17 14:02:31.971286
citi-bike-nyc,Citi Bike,"New York, NY",US,794b949e0eaabb1243f48edcff37a2d6,W 160 St & Riverside Dr,40.83719,-73.9466,2,24,26,2026-02-17 14:02:31.971288,2026-02-17 14:02:31.971289
citi-bike-nyc,Citi Bike,"New York, NY",US,794d5d269c3cec97db767f747a12594f,E 51 St & Lexington Ave,40.75714758,-73.97207836,21,50,71,2026-02-17 14:02:31.971290,2026-02-17 14:02:31.971291
citi-bike-nyc,Citi Bike,"New York, NY",US,7955b48e5db293006bad9ca18e227832,Lafayette St & Grand St,40.72028,-73.99879,74,0,74,2026-02-17 14:02:31.971293,2026-02-17 14:02:31.971294
citi-bike-nyc,Citi Bike,"New York, NY",US,79a6bbc9b7d927212810c5cd37682aee,City Hall - Washington St & 1 St,40.73736,-74.03097,7,0,7,2026-02-17 14:02:31.971295,2026-02-17 14:02:31.971296
citi-bike-nyc,Citi Bike,"New York, NY",US,79b8f77472adc29b6061a7f2f8fea92a,E 138 St & 5 Ave,40.81449,-73.936153,3,18,21,2026-02-17 14:02:31.971298,2026-02-17 14:02:31.971299
citi-bike-nyc,Citi Bike,"New York, NY",US,79f8f9a85b0bff86b635e32b25a58e3d,Wyckoff St & 3 Ave,40.6827549,-73.98258555,16,6,22,2026-02-17 14:02:31.971300,2026-02-17 14:02:31.971301
citi-bike-nyc,Citi Bike,"New York, NY",US,7a27a03de8ac5e11512a189ae5a8a873,Wallabout St & Kent Ave,40.6991049,-73.960633406,3,18,21,2026-02-17 14:02:31.971306,2026-02-17 14:02:31.971306
citi-bike-nyc,Citi Bike,"New York, NY",US,7a36ceac525a608f6c5b45bc748af648,Caton Ave & E 7 St,40.647718,-73.973663,16,2,18,2026-02-17 14:02:31.971308,2026-02-17 14:02:31.971309
citi-bike-nyc,Citi Bike,"New York, NY",US,7a458f489ae2e3c4730a4c6c6b5e84f2,Grand Concourse & E Mosholu Pkwy S,40.877964,-73.8847550291,0,19,19,2026-02-17 14:02:31.971311,2026-02-17 14:02:31.971312
citi-bike-nyc,Citi Bike,"New York, NY",US,7a61e62dc1b7fa882c49042c5efb48fd,Sterling Pl & New York Ave,40.67234,-73.94763,0,22,22,2026-02-17 14:02:31.971313,2026-02-17 14:02:31.971314
citi-bike-nyc,Citi Bike,"New York, NY",US,7ab5cbbdac552febf45b928db5233652,Broadway & W 168 St,40.84089603193041,-73.93972098827362,7,22,29,2026-02-17 14:02:31.971316,2026-02-17 14:02:31.971317
citi-bike-nyc,Citi Bike,"New York, NY",US,7b66ac17087e125a981fa9b3e6add5b8,E 12 St & 3 Ave,40.73223272,-73.98889957,46,11,57,2026-02-17 14:02:31.971318,2026-02-17 14:02:31.971319
citi-bike-nyc,Citi Bike,"New York, NY",US,7b774e4fd9beeb6e0cb051ed48847db3,E 77 St & 1 Ave,40.77095553869235,-73.95356208096926,10,37,47,2026-02-17 14:02:31.971323,2026-02-17 14:02:31.971324
citi-bike-nyc,Citi Bike,"New York, NY",US,7b988366099969213f0ccfdd2c27bf3e,Cauldwell Ave & E 158 St,40.81989,-73.908351,2,15,17,2026-02-17 14:02:31.971325,2026-02-17 14:02:31.971326
citi-bike-nyc,Citi Bike,"New York, NY",US,7b99aacc4d53f9faca4c27a656db2a94,Decatur Ave & Oliver Pl,40.867,-73.8857764,3,20,23,2026-02-17 14:02:31.971327,2026-02-17 14:02:31.971328
citi-bike-nyc,Citi Bike,"New York, NY",US,7bab5a8e07664e983b6af16f90949ab5,Maiden Ln & Pearl St,40.70706456,-74.00731853,27,0,27,2026-02-17 14:02:31.971330,2026-02-17 14:02:31.971331
citi-bike-nyc,Citi Bike,"New York, NY",US,7bac3978dfbc605b5725455f30247623,Thomas S. Boyland St & Macon St,40.68491,-73.91493,0,21,21,2026-02-17 14:02:31.971332,2026-02-17 14:02:31.971333
citi-bike-nyc,Citi Bike,"New York, NY",US,7bb810f534a2b0e60c722c6a98bf3ba8,Leonard St & Nassau Ave,40.7239567849954,-73.94984364509583,29,2,31,2026-02-17 14:02:31.971335,2026-02-17 14:02:31.971336
citi-bike-nyc,Citi Bike,"New York, NY",US,7bcb8ed85ad181feaaef9bda82451f08,Plaza St East & Flatbush Ave,40.673134,-73.969106,0,63,63,2026-02-17 14:02:31.971341,2026-02-17 14:02:31.971342
citi-bike-nyc,Citi Bike,"New York, NY",US,7c3af52d2a97d546f0cac783221ca5a1,W Broadway & Watts St,40.72323,-74.00314,35,13,48,2026-02-17 14:02:31.971343,2026-02-17 14:02:31.971344
citi-bike-nyc,Citi Bike,"New York, NY",US,7c6d4b50e1ebac58bf2af1a05b1c7c1b,W 111 St & 5 Ave,40.797520781247556,-73.9489397406578,1,22,23,2026-02-17 14:02:31.971346,2026-02-17 14:02:31.971347
citi-bike-nyc,Citi Bike,"New York, NY",US,7c93b03fd9d5f0fa1ce93f210c710fa4,Lexington Ave & E 111 St,40.7954121,-73.9441232,5,20,25,2026-02-17 14:02:31.971350,2026-02-17 14:02:31.971351
citi-bike-nyc,Citi Bike,"New York, NY",US,7ca4ed0b4fba2b2fb259ba84bd43e2ad,8 Ave & W 31 St,40.7505853470215,-73.9946848154068,56,32,88,2026-02-17 14:02:31.971352,2026-02-17 14:02:31.971353
citi-bike-nyc,Citi Bike,"New York, NY",US,7cb8eee14a9ac82b366c7b714891cad0,E 141 St & Jackson Ave,40.806896,-73.911837,0,17,17,2026-02-17 14:02:31.971358,2026-02-17 14:02:31.971359
citi-bike-nyc,Citi Bike,"New York, NY",US,7cddd2f662d2678a9362fc5cde5911fe,Bushwick Ave & Harman St,40.69356,-73.92524,5,18,23,2026-02-17 14:02:31.971362,2026-02-17 14:02:31.971363
citi-bike-nyc,Citi Bike,"New York, NY",US,7cedeeefe499537f9b9453ec6b09c1ad,21 St & 23 Ave,40.778557,-73.919046,6,15,21,2026-02-17 14:02:31.971364,2026-02-17 14:02:31.971365
citi-bike-nyc,Citi Bike,"New York, NY",US,7d24d6c9fdd1d18f81a3b337b8976c0b,49 Ave & 21 St,40.74252,-73.948852,8,12,20,2026-02-17 14:02:31.971367,2026-02-17 14:02:31.971368
citi-bike-nyc,Citi Bike,"New York, NY",US,7d28b5b8250425d66e49310b4fe521ec,E 188 St & Hughes Ave,40.8561,-73.88625,1,19,20,2026-02-17 14:02:31.971369,2026-02-17 14:02:31.971370
citi-bike-nyc,Citi Bike,"New York, NY",US,7d28ffda6e5853fa016073299ea57f63,Newton Rd & 44 St,40.7595701,-73.9142678,3,15,18,2026-02-17 14:02:31.971375,2026-02-17 14:02:31.971376
citi-bike-nyc,Citi Bike,"New York, NY",US,7d31cb7ee879ab2d3fb85f469937a206,Melrose Ave & E 154 St,40.819609,-73.916071,16,2,18,2026-02-17 14:02:31.971378,2026-02-17 14:02:31.971379
citi-bike-nyc,Citi Bike,"New York, NY",US,7d35652b1509d18839b536c5fee5dd04,7 Ave S & Bleecker St,40.73213896287381,-74.00363802909851,62,22,84,2026-02-17 14:02:31.971380,2026-02-17 14:02:31.971381
citi-bike-nyc,Citi Bike,"New York, NY",US,7d53a3058ce8ff5f6d88166dabc1516f,Summerfield St & Cypress Ave,40.69662,-73.90056,15,1,16,2026-02-17 14:02:31.971383,2026-02-17 14:02:31.971384
citi-bike-nyc,Citi Bike,"New York, NY",US,7d5ea4fce2ab4cbf34dd4c7f33815401,Broadway & Madison St,40.68822,-73.91966,7,17,24,2026-02-17 14:02:31.971385,2026-02-17 14:02:31.971386
citi-bike-nyc,Citi Bike,"New York, NY",US,7d6535586d6b9f755ce9fbeb0abc57f4,E 169 St & Webster Ave,40.834015,-73.908863,17,2,19,2026-02-17 14:02:31.971388,2026-02-17 14:02:31.971389
citi-bike-nyc,Citi Bike,"New York, NY",US,7d74e16361e172fe307157ae66c8fcc8,Cypress Ave & George St,40.69812,-73.90271,9,9,18,2026-02-17 14:02:31.971393,2026-02-17 14:02:31.971394
citi-bike-nyc,Citi Bike,"New York, NY",US,7d7ebedb23b045751254b3267fd38d8b,Marion Ave & Mosholu Pkwy,40.8704956,-73.8818756582,2,17,19,2026-02-17 14:02:31.971396,2026-02-17 14:02:31.971397
citi-bike-nyc,Citi Bike,"New York, NY",US,7d96bf47b87370da4c1d7dd2b9cc0c2d,W 51 St & 6 Ave,40.7606597,-73.98042047,51,21,72,2026-02-17 14:02:31.971398,2026-02-17 14:02:31.971399
citi-bike-nyc,Citi Bike,"New York, NY",US,7daa96e67af75564ddd89c546c805331,Patchen Ave & Bainbridge St,40.68143,-73.92565,1,17,18,2026-02-17 14:02:31.971401,2026-02-17 14:02:31.971402
citi-bike-nyc,Citi Bike,"New York, NY",US,7db09527c0af2e0c1ec37ce27e6194bc,92 St & 35 Ave,40.7529,-73.87536,2,24,26,2026-02-17 14:02:31.971403,2026-02-17 14:02:31.971404
citi-bike-nyc,Citi Bike,"New York, NY",US,7db3ce3274524755b7488d98b0246e1a,1 Ave & E 6 St,40.72633085971696,-73.98616880178452,30,52,82,2026-02-17 14:02:31.971406,2026-02-17 14:02:31.971407
citi-bike-nyc,Citi Bike,"New York, NY",US,7db8c0920d706c1ee21c5d818cd70886,11 St & 44 Rd,40.749207,-73.949373,24,0,24,2026-02-17 14:02:31.971411,2026-02-17 14:02:31.971412
citi-bike-nyc,Citi Bike,"New York, NY",US,7dd9425138309f5df047eab5247f3e05,104 St & Northern Blvd,40.75755,-73.86454,1,20,21,2026-02-17 14:02:31.971414,2026-02-17 14:02:31.971415
citi-bike-nyc,Citi Bike,"New York, NY",US,7ded4e4cb0fbad814c96315ce39aac4d,Tyler Ave & Maurice Ave,40.73394,-73.90128,13,3,16,2026-02-17 14:02:31.971416,2026-02-17 14:02:31.971417
citi-bike-nyc,Citi Bike,"New York, NY",US,7e522fb02438902806be64161f519bcc,E New York Ave & Utica Ave,40.662686,-73.931755,22,0,22,2026-02-17 14:02:31.971418,2026-02-17 14:02:31.971419
citi-bike-nyc,Citi Bike,"New York, NY",US,7e56fffce820eecf8677eb5105c36ddf,11 Ave & Prospect Ave,40.65629,-73.977335,12,8,20,2026-02-17 14:02:31.971421,2026-02-17 14:02:31.971422
citi-bike-nyc,Citi Bike,"New York, NY",US,7e7caad593a93df5c5af60d1d7973796,Central Park W & W 97 St,40.79249519495111,-73.96417066463071,18,30,48,2026-02-17 14:02:31.971423,2026-02-17 14:02:31.971424
citi-bike-nyc,Citi Bike,"New York, NY",US,7e83b2fecd7af701012003899aca0fd0,Crescent Ave & Belmont Ave,40.85391,-73.8866,7,13,20,2026-02-17 14:02:31.971428,2026-02-17 14:02:31.971429
citi-bike-nyc,Citi Bike,"New York, NY",US,7e90a5491bea7bb00bb25036c44c0f29,Bronx Shore Comfort Station,40.80046,-73.92404,21,4,25,2026-02-17 14:02:31.971431,2026-02-17 14:02:31.971432
citi-bike-nyc,Citi Bike,"New York, NY",US,7e90c995b31039ca8d76eb029e79bd7b,Willoughby St & Fleet St,40.69196566,-73.9813018,34,26,60,2026-02-17 14:02:31.971433,2026-02-17 14:02:31.971434
citi-bike-nyc,Citi Bike,"New York, NY",US,7ea1472a1042c6d337c0e98e74fc8eb3,Nassau Ave & Newell St,40.724812564400175,-73.94752621650696,32,10,42,2026-02-17 14:02:31.971436,2026-02-17 14:02:31.971437
citi-bike-nyc,Citi Bike,"New York, NY",US,7eb38734b5e35fe8b9202889f8dcca96,Madison Ave & E 120 St,40.80295,-73.942954,5,24,29,2026-02-17 14:02:31.971438,2026-02-17 14:02:31.971439
citi-bike-nyc,Citi Bike,"New York, NY",US,7ebb39be2af4f90b1c00009d49f66d57,W 148 St & Amsterdam Ave,40.827075,-73.945909,0,23,23,2026-02-17 14:02:31.971441,2026-02-17 14:02:31.971442
citi-bike-nyc,Citi Bike,"New York, NY",US,7ec72ce92e5de74379ff48afbb45bc38,43 Ave & 111 St,40.74955,-73.85464,9,8,17,2026-02-17 14:02:31.971446,2026-02-17 14:02:31.971447
citi-bike-nyc,Citi Bike,"New York, NY",US,7ed8023ee32feb4c327bc62d3d598e68,DeKalb Ave & Hudson Ave,40.689888,-73.981013,73,0,73,2026-02-17 14:02:31.971448,2026-02-17 14:02:31.971449
citi-bike-nyc,Citi Bike,"New York, NY",US,7ee9ade04536f7f12ebab8054f46763a,St Johns Pl & Utica Ave,40.6705,-73.9308,1,16,17,2026-02-17 14:02:31.971451,2026-02-17 14:02:31.971452
citi-bike-nyc,Citi Bike,"New York, NY",US,7f1e0d4bd55a3d36902826327850c7f4,Verona Pl & Fulton St,40.6803560840434,-73.9476791024208,11,6,17,2026-02-17 14:02:31.971453,2026-02-17 14:02:31.971454
citi-bike-nyc,Citi Bike,"New York, NY",US,7f71de48a1ae570569fa1246d05f5a7a,Smith St & 3 St,40.6787242,-73.99599099,11,12,23,2026-02-17 14:02:31.971456,2026-02-17 14:02:31.971457
citi-bike-nyc,Citi Bike,"New York, NY",US,7f7a926b828a7307c98138b30b6cee01,34 Ave & 45 St,40.754795,-73.917014,3,19,22,2026-02-17 14:02:31.971458,2026-02-17 14:02:31.971459
citi-bike-nyc,Citi Bike,"New York, NY",US,7f7cdcc54c854a2ccda05bf9c06b45c3,5 St & 6 Ave,40.6704836,-73.98208968,6,14,20,2026-02-17 14:02:31.971460,2026-02-17 14:02:31.971461
citi-bike-nyc,Citi Bike,"New York, NY",US,7f8def6715fdbe7daaf8bf918bdaff75,Goble Pl & Macombs Rd,40.844075,-73.917256,14,2,16,2026-02-17 14:02:31.971464,2026-02-17 14:02:31.971465
citi-bike-nyc,Citi Bike,"New York, NY",US,7fa4e317d5c3f72ce313de3cf6ab1b44,W 186 St & St Nicholas Ave,40.852253,-73.931308,0,22,22,2026-02-17 14:02:31.971466,2026-02-17 14:02:31.971467
citi-bike-nyc,Citi Bike,"New York, NY",US,7ff9899a435f1e63357161fab1bd99e0,Albany Ave & Carroll St,40.6667,-73.93972,1,15,16,2026-02-17 14:02:31.971473,2026-02-17 14:02:31.971474
citi-bike-nyc,Citi Bike,"New York, NY",US,7ffa5452b1c3ad453b2cc42878b2d3a0,61 St & Borden Ave,40.72558,-73.90417,15,1,16,2026-02-17 14:02:31.971476,2026-02-17 14:02:31.971477
citi-bike-nyc,Citi Bike,"New York, NY",US,804e1019448b8f1928f97b6ca56f3d01,Metropolitan Ave & 65 Ln,40.71225,-73.89111,15,4,19,2026-02-17 14:02:31.971481,2026-02-17 14:02:31.971482
citi-bike-nyc,Citi Bike,"New York, NY",US,80552836ff0ee75931b02830bef50471,Jefferson Ave & Evergreen Ave,40.68989,-73.91458,2,12,14,2026-02-17 14:02:31.971483,2026-02-17 14:02:31.971484
citi-bike-nyc,Citi Bike,"New York, NY",US,806961c6e6a7cfb701edc188695de071,E 72 St & Park Ave,40.77118287540658,-73.96409422159195,22,17,39,2026-02-17 14:02:31.971486,2026-02-17 14:02:31.971487
citi-bike-nyc,Citi Bike,"New York, NY",US,80d3b056f2fbfc2c370112c80606fa82,University Ave & Morton Pl,40.85118155499655,-73.91465058978447,3,18,21,2026-02-17 14:02:31.971488,2026-02-17 14:02:31.971489
citi-bike-nyc,Citi Bike,"New York, NY",US,80f7d82d4ca4004e0dc0d5aafe89937e,Rogers Pl & E 165 St,40.82388366441761,-73.8974027708582,2,12,14,2026-02-17 14:02:31.971491,2026-02-17 14:02:31.971492
citi-bike-nyc,Citi Bike,"New York, NY",US,81086b8a7cf19759b4038a647e4921bf,Southern Blvd & E 149 St,40.811892,-73.904192,7,18,25,2026-02-17 14:02:31.971493,2026-02-17 14:02:31.971494
citi-bike-nyc,Citi Bike,"New York, NY",US,810be6dc6e1af5fd4e2c3853f9c5d7ed,St Johns Pl & Washington Ave,40.6737236,-73.9631611,0,28,28,2026-02-17 14:02:31.971499,2026-02-17 14:02:31.971500
citi-bike-nyc,Citi Bike,"New York, NY",US,810dc23919af68173dfd16361a217b07,Berry St & N 8 St,40.7190095,-73.95852515,23,0,23,2026-02-17 14:02:31.971501,2026-02-17 14:02:31.971502
citi-bike-nyc,Citi Bike,"New York, NY",US,8121dda5c07977ce90969b8acc1b8b21,College Ave & E 170 St,40.837576,-73.910489,5,18,23,2026-02-17 14:02:31.971504,2026-02-17 14:02:31.971505
citi-bike-nyc,Citi Bike,"New York, NY",US,81241ccaf5c459e5992254d50c14e43a,Steinway St & Ditmars Blvd,40.772717,-73.906127,4,17,21,2026-02-17 14:02:31.971506,2026-02-17 14:02:31.971507
citi-bike-nyc,Citi Bike,"New York, NY",US,8128189d0fd53b0aabca9b8c742e97e8,Amsterdam Ave & W 73 St,40.77966809007312,-73.98093044757842,0,52,52,2026-02-17 14:02:31.971508,2026-02-17 14:02:31.971509
citi-bike-nyc,Citi Bike,"New York, NY",US,813720e50f9eb5f6e76d92902e29bc25,Garfield Pl & 8 Ave,40.6711978,-73.97484126,3,21,24,2026-02-17 14:02:31.971511,2026-02-17 14:02:31.971512
citi-bike-nyc,Citi Bike,"New York, NY",US,8142897bbb63c97462c2ca8ade5db280,Richard St Light Rail,40.6990691577764,-74.07915010654774,6,9,15,2026-02-17 14:02:31.971513,2026-02-17 14:02:31.971514
citi-bike-nyc,Citi Bike,"New York, NY",US,815a2f73a587407d9324ef48d3cd20ea,W 133 St & 12 Ave,40.820003,-73.959089,7,11,18,2026-02-17 14:02:31.971517,2026-02-17 14:02:31.971518
citi-bike-nyc,Citi Bike,"New York, NY",US,815b6b1b25d68369bd34f150e6a3854c,E 163 St & Union Ave,40.822545,-73.901824,4,16,20,2026-02-17 14:02:31.971519,2026-02-17 14:02:31.971520
citi-bike-nyc,Citi Bike,"New York, NY",US,816cc1f49c7ee1fb736454f554421c5c,Caton Ave & Bedford Ave,40.65237,-73.95623,2,17,19,2026-02-17 14:02:31.971522,2026-02-17 14:02:31.971523
citi-bike-nyc,Citi Bike,"New York, NY",US,816ded3bc701ccc696a516eba5f09fae,Shakespeare Ave & W 169 St,40.839312,-73.922423,4,16,20,2026-02-17 14:02:31.971524,2026-02-17 14:02:31.971525
citi-bike-nyc,Citi Bike,"New York, NY",US,81872dcff5f0e5f1e042aafcc0bab6fd,7 Ave & Central Park South,40.7667405590595,-73.9790689945221,15,57,72,2026-02-17 14:02:31.971526,2026-02-17 14:02:31.971527
citi-bike-nyc,Citi Bike,"New York, NY",US,81ccea9171dd284be9614f2e2ed2876e,Carroll St & Utica Ave,40.66619,-73.93162,13,6,19,2026-02-17 14:02:31.971529,2026-02-17 14:02:31.971530
citi-bike-nyc,Citi Bike,"New York, NY",US,81d829831c9a9275c4181490c7152ae1,Thomas S. Boyland St & Fulton St,40.67854,-73.91367,1,23,24,2026-02-17 14:02:31.971534,2026-02-17 14:02:31.971535
citi-bike-nyc,Citi Bike,"New York, NY",US,81e48d201daa6b03d831a0162093bf50,Winthrop St & Albany Ave,40.6577,-73.9398,17,2,19,2026-02-17 14:02:31.971537,2026-02-17 14:02:31.971538
citi-bike-nyc,Citi Bike,"New York, NY",US,81f948b8d0003856865c70cc653d6994,Laight St & Hudson St,40.72185379,-74.00771779,61,26,87,2026-02-17 14:02:31.971539,2026-02-17 14:02:31.971540
citi-bike-nyc,Citi Bike,"New York, NY",US,822036fd56ec20279c7eb8c3e1d0a225,St James Pl & Oliver St,40.71307916,-73.99851193,36,4,40,2026-02-17 14:02:31.971542,2026-02-17 14:02:31.971543
citi-bike-nyc,Citi Bike,"New York, NY",US,8228063def7901d503c1345cee7e969b,50 St & Northern Blvd,40.753441,-73.912402,14,11,25,2026-02-17 14:02:31.971544,2026-02-17 14:02:31.971545
citi-bike-nyc,Citi Bike,"New York, NY",US,8291d2b08f6fe782b9f199211d990302,Degraw St & 3 Ave,40.67977,-73.9847,35,0,35,2026-02-17 14:02:31.971546,2026-02-17 14:02:31.971547
citi-bike-nyc,Citi Bike,"New York, NY",US,8292f60bf7170aad347cb61441d00f7f,Ditmars Blvd & 73 St,40.76817,-73.896293,15,3,18,2026-02-17 14:02:31.971552,2026-02-17 14:02:31.971553
citi-bike-nyc,Citi Bike,"New York, NY",US,82aa660ea5b4ac099cfd1039cf45adf5,W 238 St & Tibbett Ave,40.88602,-73.90232,9,8,17,2026-02-17 14:02:31.971554,2026-02-17 14:02:31.971555
citi-bike-nyc,Citi Bike,"New York, NY",US,82bb08635ec74b9a91459293aa1bd534,Ogden Ave & Merriam Ave,40.839142,-73.925961,2,15,17,2026-02-17 14:02:31.971557,2026-02-17 14:02:31.971558
citi-bike-nyc,Citi Bike,"New York, NY",US,82bea6c2ef7eaf0e5be215a485435073,23 Ave & 27 St,40.776165,-73.9153175,13,8,21,2026-02-17 14:02:31.971559,2026-02-17 14:02:31.971560
citi-bike-nyc,Citi Bike,"New York, NY",US,82c95fccd83d2b95126aebe558e4fffe,Lexington Ave & E 24 St,40.74025878,-73.98409214,17,48,65,2026-02-17 14:02:31.971561,2026-02-17 14:02:31.971562
citi-bike-nyc,Citi Bike,"New York, NY",US,832bea3175d9d41c33795a52a1e74647,Withers St & Kingsland Ave,40.71773,-73.94051,3,12,15,2026-02-17 14:02:31.971564,2026-02-17 14:02:31.971565
citi-bike-nyc,Citi Bike,"New York, NY",US,8331823ac8b1178fa272d49af0767784,Flatbush Ave & Fenimore St,40.65798,-73.96051,8,13,21,2026-02-17 14:02:31.971566,2026-02-17 14:02:31.971567
citi-bike-nyc,Citi Bike,"New York, NY",US,8350288432f1e6c3a1a1e425a84ffa86,30 Ave & 21 St,40.7703743,-73.9286078,2,11,13,2026-02-17 14:02:31.971569,2026-02-17 14:02:31.971570
citi-bike-nyc,Citi Bike,"New York, NY",US,8353969a6d50dc34d111e7af545257f2,E 25 St & 1 Ave,40.7381765,-73.97738662,4,27,31,2026-02-17 14:02:31.971572,2026-02-17 14:02:31.971573
citi-bike-nyc,Citi Bike,"New York, NY",US,8364b18e732765b3b1ff33e6dc940f27,Willis Ave & E 137 St,40.808384,-73.923604,1,19,20,2026-02-17 14:02:31.971574,2026-02-17 14:02:31.971575
citi-bike-nyc,Citi Bike,"New York, NY",US,8370764433ed6df9cc663f43d5f46d02,Green St & McGuinness Blvd,40.73396,-73.95204,7,12,19,2026-02-17 14:02:31.971577,2026-02-17 14:02:31.971578
citi-bike-nyc,Citi Bike,"New York, NY",US,837eb265b93da669fb661f0afbec13e2,Bedford Ave & Maple St,40.66035,-73.95679,17,3,20,2026-02-17 14:02:31.971579,2026-02-17 14:02:31.971580
citi-bike-nyc,Citi Bike,"New York, NY",US,83b084204592adafafbf698cafe8a88b,Bainbridge Ave & E 198 St,40.8684871,-73.8884559781,2,20,22,2026-02-17 14:02:31.971581,2026-02-17 14:02:31.971582
citi-bike-nyc,Citi Bike,"New York, NY",US,83c2507db0f43f9966e9251d1e3345f4,82 St & 30 Ave,40.76109,-73.88632,14,1,15,2026-02-17 14:02:31.971587,2026-02-17 14:02:31.971588
citi-bike-nyc,Citi Bike,"New York, NY",US,83d7597e2f9b469dc4f75de87fe5d1ca,Ave A & E 14 St,40.73031071000895,-73.98047178983688,0,36,36,2026-02-17 14:02:31.971590,2026-02-17 14:02:31.971591
citi-bike-nyc,Citi Bike,"New York, NY",US,83e5911178fa614f13ae70fef3c9531c,Carroll St & Rochester Ave,40.66598,-73.9284,6,14,20,2026-02-17 14:02:31.971592,2026-02-17 14:02:31.971593
citi-bike-nyc,Citi Bike,"New York, NY",US,83e63b926c9c990b6a7f5f474b281a41,Driggs Ave & N Henry St,40.72325,-73.94308,2,54,56,2026-02-17 14:02:31.971595,2026-02-17 14:02:31.971596
citi-bike-nyc,Citi Bike,"New York, NY",US,8404f4c189220e7ac2c3aa857b33178f,Washington Ave & E 163 St,40.824,-73.91089,8,11,19,2026-02-17 14:02:31.971597,2026-02-17 14:02:31.971598
citi-bike-nyc,Citi Bike,"New York, NY",US,84142b715e9baed1e9fd906355599cd6,W 106 St & Central Park W,40.7981856,-73.9605909006,1,54,55,2026-02-17 14:02:31.971599,2026-02-17 14:02:31.971600
citi-bike-nyc,Citi Bike,"New York, NY",US,841c6f919dd98ef44d64b8626be51cae,Vernon Blvd & 31 Ave,40.7692475,-73.9354504,5,17,22,2026-02-17 14:02:31.971605,2026-02-17 14:02:31.971606
citi-bike-nyc,Citi Bike,"New York, NY",US,84376db911464280ef575e4bee152655,Adam Clayton Powell Blvd & W 130 St,40.812346,-73.946168,2,18,20,2026-02-17 14:02:31.971608,2026-02-17 14:02:31.971609
citi-bike-nyc,Citi Bike,"New York, NY",US,8440002583cc377fd254fd1458abb347,43 Ave & 47 St,40.7448062877224,-73.91728967428207,1,31,32,2026-02-17 14:02:31.971610,2026-02-17 14:02:31.971611
citi-bike-nyc,Citi Bike,"New York, NY",US,84472575df839d62c561db14eb4cf8f6,Vesey Pl & River Terrace,40.7153379,-74.01658354,47,0,47,2026-02-17 14:02:31.971613,2026-02-17 14:02:31.971614
citi-bike-nyc,Citi Bike,"New York, NY",US,84655980ca8d7abb1405ec2cb7886da2,Snyder Ave & Schenectady Ave,40.65,-73.93296,14,3,17,2026-02-17 14:02:31.971615,2026-02-17 14:02:31.971616
citi-bike-nyc,Citi Bike,"New York, NY",US,846ba756efb2de95363ef0553f5c1caa,7 Ave & 40 St,40.648169,-74.000057,1,21,22,2026-02-17 14:02:31.971618,2026-02-17 14:02:31.971619
citi-bike-nyc,Citi Bike,"New York, NY",US,84826c61d32b56ee66b42da315b46361,Woodside Ave & Roosevelt Ave,40.74549,-73.90605,10,9,19,2026-02-17 14:02:31.971623,2026-02-17 14:02:31.971624
citi-bike-nyc,Citi Bike,"New York, NY",US,84b3a53612debeb461de4a703985747e,Plaza Dr & W 170 St,40.840484,-73.917946,7,20,27,2026-02-17 14:02:31.971626,2026-02-17 14:02:31.971627
citi-bike-nyc,Citi Bike,"New York, NY",US,84bc89e7baa8992bb2455bab121e5666,S 5 Pl & S 5 St,40.710451,-73.960876,18,18,36,2026-02-17 14:02:31.971628,2026-02-17 14:02:31.971629
citi-bike-nyc,Citi Bike,"New York, NY",US,84c3c57a3cb9ddb9a57d8c6ea64230a6,1 Ave & E 118 St,40.797459,-73.934499,5,13,18,2026-02-17 14:02:31.971631,2026-02-17 14:02:31.971632
citi-bike-nyc,Citi Bike,"New York, NY",US,84d3d54eee5ad5dd361843cfe103bf56,Broadway & Morris St,40.705945132708806,-74.01321887969969,59,2,61,2026-02-17 14:02:31.971633,2026-02-17 14:02:31.971634
citi-bike-nyc,Citi Bike,"New York, NY",US,84e8115ef6d6239b481d7a481ac38184,Aqueduct Ave & W 190 St,40.8649213,-73.9024238,4,12,16,2026-02-17 14:02:31.971636,2026-02-17 14:02:31.971637
citi-bike-nyc,Citi Bike,"New York, NY",US,84ff4c5b3008b022d8e97bbefb62ee51,Cedar Ave & W Fordham Rd,40.86156,-73.91219,22,1,23,2026-02-17 14:02:31.971641,2026-02-17 14:02:31.971642
citi-bike-nyc,Citi Bike,"New York, NY",US,851267ffa8105207e15235cda592e7aa,Grand Ave & Bergen St,40.678045,-73.962408,8,15,23,2026-02-17 14:02:31.971643,2026-02-17 14:02:31.971644
citi-bike-nyc,Citi Bike,"New York, NY",US,852a7d09ade16f3d44d873c0de5dcec8,Marin Light Rail,40.71458403535893,-74.04281705617905,7,17,24,2026-02-17 14:02:31.971646,2026-02-17 14:02:31.971647
citi-bike-nyc,Citi Bike,"New York, NY",US,8567878e4ae5f00b051fdc56f650c74a,Prospect Park SW & 16 St,40.657265,-73.974165,17,12,29,2026-02-17 14:02:31.971648,2026-02-17 14:02:31.971649
citi-bike-nyc,Citi Bike,"New York, NY",US,85785fd9f52d7d89cb83889ce6196812,Grand Ave & W 181 St,40.856302,-73.907302,3,15,18,2026-02-17 14:02:31.971651,2026-02-17 14:02:31.971652
citi-bike-nyc,Citi Bike,"New York, NY",US,8588da57fbff844a437bdc55f11f478e,E 133 St & Cypress Pl,40.80262,-73.9174,10,6,16,2026-02-17 14:02:31.971653,2026-02-17 14:02:31.971654
citi-bike-nyc,Citi Bike,"New York, NY",US,859cefe1951bdccdfcd1888edcc511bc,Louis Nine Blvd & Intervale Ave,40.831998,-73.892686,2,16,18,2026-02-17 14:02:31.971659,2026-02-17 14:02:31.971660
citi-bike-nyc,Citi Bike,"New York, NY",US,85aad630f9de37bd97b39e80dea115d3,Stevens - River Ter & 6 St,40.74313282710551,-74.02698867022991,11,6,17,2026-02-17 14:02:31.971661,2026-02-17 14:02:31.971662
citi-bike-nyc,Citi Bike,"New York, NY",US,85f8d556096d387b9c517789b4a72a96,Fort Hamilton Pkwy & E 5 St,40.649037,-73.97673,19,4,23,2026-02-17 14:02:31.971664,2026-02-17 14:02:31.971665
citi-bike-nyc,Citi Bike,"New York, NY",US,861172d57fe65cc958f1142e03b758e1,Berkeley Pl & 7 Ave,40.675146838709786,-73.97523209452629,7,16,23,2026-02-17 14:02:31.971666,2026-02-17 14:02:31.971667
citi-bike-nyc,Citi Bike,"New York, NY",US,861c6505d44e8be8fa08d297364b24c3,Queens Blvd & Broadway,40.73672,-73.87728,25,0,25,2026-02-17 14:02:31.971669,2026-02-17 14:02:31.971670
citi-bike-nyc,Citi Bike,"New York, NY",US,861ceb2bba4ca6a107f156402004a307,E 1 St & 1 Ave,40.72335597960796,-73.98864984512329,45,12,57,2026-02-17 14:02:31.971671,2026-02-17 14:02:31.971672
citi-bike-nyc,Citi Bike,"New York, NY",US,8626877ac7e23beb17e3139467234e8e,Carroll St & 6 Ave,40.6740886,-73.9787282,9,13,22,2026-02-17 14:02:31.971674,2026-02-17 14:02:31.971675
citi-bike-nyc,Citi Bike,"New York, NY",US,8649550b7a1b0bae8e3e7db8b6c8fddb,S 4 St & Roebling St,40.710709,-73.959724,30,8,38,2026-02-17 14:02:31.971678,2026-02-17 14:02:31.971679
citi-bike-nyc,Citi Bike,"New York, NY",US,865f1849802a70d35e78ef8b3d6c0fdf,West Farms Rd & Boone Ave,40.8301283948092,-73.88630211353302,6,10,16,2026-02-17 14:02:31.971681,2026-02-17 14:02:31.971682
citi-bike-nyc,Citi Bike,"New York, NY",US,866146a7dc10463093f731912350dea0,Washington Ave & E 167 St,40.829896,-73.907618,2,16,18,2026-02-17 14:02:31.971683,2026-02-17 14:02:31.971684
citi-bike-nyc,Citi Bike,"New York, NY",US,867565660402c4c853537f75c91f6482,Market St & Cherry St,40.71076228,-73.99400398,13,30,43,2026-02-17 14:02:31.971686,2026-02-17 14:02:31.971687
citi-bike-nyc,Citi Bike,"New York, NY",US,867f8f82cb432da3ebd0aec92530a23d,Duffield St & Willoughby St,40.69221589,-73.9842844,10,6,16,2026-02-17 14:02:31.971688,2026-02-17 14:02:31.971689
citi-bike-nyc,Citi Bike,"New York, NY",US,86dd1eaeed1d32999c175aeb9ac6c972,Franklin St & W Broadway,40.71911552,-74.00666661,23,2,25,2026-02-17 14:02:31.971691,2026-02-17 14:02:31.971692
citi-bike-nyc,Citi Bike,"New York, NY",US,8721a996a6901b59023c99fe1d0addea,W 54 St & 9 Ave,40.76604,-73.98737,0,17,17,2026-02-17 14:02:31.971696,2026-02-17 14:02:31.971697
citi-bike-nyc,Citi Bike,"New York, NY",US,872495b64a5ab190320d1fa329e40066,86 St & Ridge Blvd,40.62402,-74.03396,3,11,14,2026-02-17 14:02:31.971699,2026-02-17 14:02:31.971700
citi-bike-nyc,Citi Bike,"New York, NY",US,87398d0a3d90499cda3701b0f02708ab,Frederick Douglass Blvd & W 115 St,40.8038654,-73.9559308,4,22,26,2026-02-17 14:02:31.971701,2026-02-17 14:02:31.971702
citi-bike-nyc,Citi Bike,"New York, NY",US,874136b5df6d686a537d0a212bca5c7e,Sedgwick Ave & W 231 St,40.87512,-73.90126,1,17,18,2026-02-17 14:02:31.971705,2026-02-17 14:02:31.971706
citi-bike-nyc,Citi Bike,"New York, NY",US,874e3857f3d80394ca08517e44b2e5ed,E 97 St & 3 Ave,40.7859201,-73.94860294,17,9,26,2026-02-17 14:02:31.971708,2026-02-17 14:02:31.971709
citi-bike-nyc,Citi Bike,"New York, NY",US,8768e38b0c721ed174ce8fd5098741b8,Gerard Ave & E 165 St,40.83173,-73.922394,2,17,19,2026-02-17 14:02:31.971714,2026-02-17 14:02:31.971715
citi-bike-nyc,Citi Bike,"New York, NY",US,877ff2fd3e6a8a9c5c73a3bb235b7ce4,Bay St & Court St,40.671409,-74.001328,14,1,15,2026-02-17 14:02:31.971716,2026-02-17 14:02:31.971717
citi-bike-nyc,Citi Bike,"New York, NY",US,878047d82517abb1ad1964b4ab32b485,9 Ave & W 219 St,40.871094,-73.911503,7,8,15,2026-02-17 14:02:31.971719,2026-02-17 14:02:31.971720
citi-bike-nyc,Citi Bike,"New York, NY",US,8789a7c17e0124c5b5a262e87ce8f338,Cadman Plaza E & Red Cross Pl,40.69991755,-73.98971773,3,34,37,2026-02-17 14:02:31.971721,2026-02-17 14:02:31.971722
citi-bike-nyc,Citi Bike,"New York, NY",US,879dc5e4ca2bedf70eaaa5b12fc6ac66,36 St & 3 Ave,40.655716,-74.006664,21,6,27,2026-02-17 14:02:31.971723,2026-02-17 14:02:31.971724
citi-bike-nyc,Citi Bike,"New York, NY",US,87b7bd7efc387e7ae0198dd1424c1e32,Wythe Ave & N 13 St,40.722767,-73.957021,40,0,40,2026-02-17 14:02:31.971726,2026-02-17 14:02:31.971727
citi-bike-nyc,Citi Bike,"New York, NY",US,87dc0de20c2f33e2a74deae43b566bac,11 St & 43 Ave,40.75177,-73.94821,16,11,27,2026-02-17 14:02:31.971728,2026-02-17 14:02:31.971729
citi-bike-nyc,Citi Bike,"New York, NY",US,87f7dd4e0b69c08652758c65884204c4,Clinton St & Grand St,40.71573792143338,-73.98698994965027,4,11,15,2026-02-17 14:02:31.971731,2026-02-17 14:02:31.971732
citi-bike-nyc,Citi Bike,"New York, NY",US,88085e4bed59384f50a5a8d5f6a1c28d,Putnam Ave & Ralph Ave,40.68705,-73.92338,1,19,20,2026-02-17 14:02:31.971733,2026-02-17 14:02:31.971734
citi-bike-nyc,Citi Bike,"New York, NY",US,880e4752e5f516d7c5c7353552e92bfe,39 St & 47 Ave,40.74215636827728,-73.92662644386292,5,10,15,2026-02-17 14:02:31.971736,2026-02-17 14:02:31.971737
citi-bike-nyc,Citi Bike,"New York, NY",US,8815e671ad9c1a82caca7b18cbfa8f5a,Grand Concourse & E 205 St,40.875531,-73.8863864831,2,17,19,2026-02-17 14:02:31.971738,2026-02-17 14:02:31.971739
citi-bike-nyc,Citi Bike,"New York, NY",US,881cb266a3992ff4a2c687e42bca1ef1,Moffat St & Bushwick,40.68458,-73.90925,2,16,18,2026-02-17 14:02:31.971741,2026-02-17 14:02:31.971742
citi-bike-nyc,Citi Bike,"New York, NY",US,882e8d8102225cacefb18ee0d062ee9a,Schermerhorn St & Hoyt St,40.6886263,-73.9851911,17,31,48,2026-02-17 14:02:31.971743,2026-02-17 14:02:31.971744
citi-bike-nyc,Citi Bike,"New York, NY",US,883a8eddceac5b79d18964a2c93b4299,Stagg St & Union Ave,40.70877084,-73.95095259,5,28,33,2026-02-17 14:02:31.971748,2026-02-17 14:02:31.971749
citi-bike-nyc,Citi Bike,"New York, NY",US,8869e10070b8ef539511b73ad86e446b,41 Ave & 80 St,40.74586,-73.88539,0,25,25,2026-02-17 14:02:31.971750,2026-02-17 14:02:31.971751
citi-bike-nyc,Citi Bike,"New York, NY",US,887a1feb0f2629df90a9f89132c5d605,Park Ave & E 162 St,40.825716,-73.915585,12,1,13,2026-02-17 14:02:31.971753,2026-02-17 14:02:31.971754
citi-bike-nyc,Citi Bike,"New York, NY",US,887b2f869d833a30b109fa06a851c490,Southern Blvd & E 142 St,40.807347437082,-73.90809774398804,9,4,13,2026-02-17 14:02:31.971755,2026-02-17 14:02:31.971756
citi-bike-nyc,Citi Bike,"New York, NY",US,889c0cfdb9c9f8c94de5876beb6ed116,Albemarle Rd & McDonald Ave,40.645074,-73.979681,11,8,19,2026-02-17 14:02:31.971758,2026-02-17 14:02:31.971759
citi-bike-nyc,Citi Bike,"New York, NY",US,88b8d688ae6228304ece5c23138f46c3,Walton Ave & E 151 St,40.82090903827738,-73.92753845245076,13,16,29,2026-02-17 14:02:31.971760,2026-02-17 14:02:31.971761
citi-bike-nyc,Citi Bike,"New York, NY",US,88baf784aeeca189b3e6db060603a440,Stanton St & Chrystie St,40.72229346,-73.99147535,42,4,46,2026-02-17 14:02:31.971766,2026-02-17 14:02:31.971767
citi-bike-nyc,Citi Bike,"New York, NY",US,88c0b3f44427945e77e67491110d3405,Pike St & E Broadway,40.71406667,-73.99293911,18,10,28,2026-02-17 14:02:31.971769,2026-02-17 14:02:31.971770
citi-bike-nyc,Citi Bike,"New York, NY",US,88c476c8e0624d1991c2f4570d0ebdf3,Exchange Pl,40.71636596185077,-74.034343957901,22,6,28,2026-02-17 14:02:31.971771,2026-02-17 14:02:31.971772
citi-bike-nyc,Citi Bike,"New York, NY",US,88f1c034f2b7c250ea1a3ee8f2a5a54c,E 54 St & 1 Ave,40.756265,-73.964179,1,34,35,2026-02-17 14:02:31.971773,2026-02-17 14:02:31.971774
citi-bike-nyc,Citi Bike,"New York, NY",US,890062bf92e624b23d8d3e9db79149c5,South St & Pike St,40.70991806921533,-73.99161100387573,11,22,33,2026-02-17 14:02:31.971776,2026-02-17 14:02:31.971777
citi-bike-nyc,Citi Bike,"New York, NY",US,8902018d8d3bd83337c447004f3e7dc0,Riverside Dr & W 153 St,40.832164,-73.949702,1,20,21,2026-02-17 14:02:31.971778,2026-02-17 14:02:31.971779
citi-bike-nyc,Citi Bike,"New York, NY",US,8919c1823db9c1d3d236e94fe0450dd2,Sterling Pl & Schenectady Ave,40.6716,-73.93378,5,14,19,2026-02-17 14:02:31.971784,2026-02-17 14:02:31.971785
citi-bike-nyc,Citi Bike,"New York, NY",US,892717fce286df80cda6899bbd734fff,Central Park W & W 68 St,40.7734066,-73.97782542,0,40,40,2026-02-17 14:02:31.971786,2026-02-17 14:02:31.971787
citi-bike-nyc,Citi Bike,"New York, NY",US,8929a9df1311dcb6115fdbb228720952,E Burnside Ave & Ryer Ave,40.850535,-73.901318,18,2,20,2026-02-17 14:02:31.971788,2026-02-17 14:02:31.971789
citi-bike-nyc,Citi Bike,"New York, NY",US,89c8a5327c7bf25d87d8b2dd3598754e,Waterloo Pl & Crotona Park East,40.839194,-73.888587,1,17,18,2026-02-17 14:02:31.971791,2026-02-17 14:02:31.971792
citi-bike-nyc,Citi Bike,"New York, NY",US,89cc85d42f8f006bf14370ab8a8d79dc,Giles Pl & Fort Independence St,40.87869,-73.89862,1,17,18,2026-02-17 14:02:31.971793,2026-02-17 14:02:31.971794
citi-bike-nyc,Citi Bike,"New York, NY",US,8a0eb9aacf6916422dc13d1106ae732e,Jefferson Ave & Patchen Ave,40.68609,-73.92628,2,14,16,2026-02-17 14:02:31.971796,2026-02-17 14:02:31.971797
citi-bike-nyc,Citi Bike,"New York, NY",US,8a1d4b204452309a2c14557dca6784a5,Douglass St & 3 Ave,40.6802133,-73.98432695,32,1,33,2026-02-17 14:02:31.971801,2026-02-17 14:02:31.971802
citi-bike-nyc,Citi Bike,"New York, NY",US,8a4c865060b9126aab47d42dad9d99ba,Clinton St & Newark St,40.73743,-74.03571,12,0,12,2026-02-17 14:02:31.971804,2026-02-17 14:02:31.971805
citi-bike-nyc,Citi Bike,"New York, NY",US,8a54878b4b015f4757114201b354f0c7,101 St & Fort Hamilton Pkwy,40.61124,-74.03282,9,2,11,2026-02-17 14:02:31.971806,2026-02-17 14:02:31.971807
citi-bike-nyc,Citi Bike,"New York, NY",US,8a71728d7df325bf1df4be304f2fa619,E 187 St & 3 Ave,40.85724,-73.8909,2,9,11,2026-02-17 14:02:31.971808,2026-02-17 14:02:31.971809
citi-bike-nyc,Citi Bike,"New York, NY",US,8a85954c694fd5999d3385c743dcb667,Hancock St & Wyckoff Ave,40.6972,-73.90674,7,11,18,2026-02-17 14:02:31.971811,2026-02-17 14:02:31.971812
citi-bike-nyc,Citi Bike,"New York, NY",US,8a92ad592be7410f12a4f60622c1a384,Chauncey St & Howard Ave,40.68158,-73.91959,2,18,20,2026-02-17 14:02:31.971813,2026-02-17 14:02:31.971814
citi-bike-nyc,Citi Bike,"New York, NY",US,8a946f75e793c9cf4a1688163abb5209,Shore Rd & 80 St,40.63074,-74.03962,8,4,12,2026-02-17 14:02:31.971819,2026-02-17 14:02:31.971820
citi-bike-nyc,Citi Bike,"New York, NY",US,8abb3edb6f70e034992bcf0d6e462b50,W 25 St & 6 Ave,40.74395411,-73.99144871,42,0,42,2026-02-17 14:02:31.971823,2026-02-17 14:02:31.971824
citi-bike-nyc,Citi Bike,"New York, NY",US,8b09a12b4acd8ea899ad55328fd44d3e,Central Ave & Decatur St,40.6882,-73.90798,10,12,22,2026-02-17 14:02:31.971825,2026-02-17 14:02:31.971826
citi-bike-nyc,Citi Bike,"New York, NY",US,8b32d95745b60a44f57db5ff6d33b9fe,Beverley Rd & E 49 St,40.64621,-73.93067,10,12,22,2026-02-17 14:02:31.971827,2026-02-17 14:02:31.971828
citi-bike-nyc,Citi Bike,"New York, NY",US,8b6cff919c9d261cf78fca0348b0f1b4,Seigel St & Humboldt St,40.704613,-73.940865,30,12,42,2026-02-17 14:02:31.971830,2026-02-17 14:02:31.971831
citi-bike-nyc,Citi Bike,"New York, NY",US,8b74cb2b5141952572ebfd6524e83b90,Murray St & West St,40.71503,-74.01246,43,1,44,2026-02-17 14:02:31.971835,2026-02-17 14:02:31.971836
citi-bike-nyc,Citi Bike,"New York, NY",US,8b77f17dfb2ac67cae8dff01bfbc33cf,E 156 St & Courtlandt Ave,40.82123860172,-73.9173299074173,8,12,20,2026-02-17 14:02:31.971838,2026-02-17 14:02:31.971839
citi-bike-nyc,Citi Bike,"New York, NY",US,8b781376b712a32836a04aa8944f57f5,86 St & 35 Ave,40.7523,-73.88093,4,17,21,2026-02-17 14:02:31.971840,2026-02-17 14:02:31.971841
citi-bike-nyc,Citi Bike,"New York, NY",US,8ba7a0b17e8fcc4d9cf8c0cf31d240a2,W Tremont Ave & Grand Ave,40.850036,-73.912785,3,16,19,2026-02-17 14:02:31.971843,2026-02-17 14:02:31.971844
citi-bike-nyc,Citi Bike,"New York, NY",US,8ba96bcf1a77221bf02de11a8b9baba2,76 St & 45 Ave,40.7411,-73.88837,6,13,19,2026-02-17 14:02:31.971845,2026-02-17 14:02:31.971846
citi-bike-nyc,Citi Bike,"New York, NY",US,8bdb6b90df7c1d3232434ca321c1af1d,Washington St & W 10 St,40.7333,-74.00858,38,28,66,2026-02-17 14:02:31.971847,2026-02-17 14:02:31.971848
citi-bike-nyc,Citi Bike,"New York, NY",US,8c04d3a3a6d1c111bab5db559d401a7e,Crescent St & 35 Ave,40.7596276,-73.9321455,7,17,24,2026-02-17 14:02:31.971853,2026-02-17 14:02:31.971854
citi-bike-nyc,Citi Bike,"New York, NY",US,8c14a352a4195f30e1f1414ecd443798,99 St & Astoria Blvd,40.76196,-73.87042,13,10,23,2026-02-17 14:02:31.971856,2026-02-17 14:02:31.971857
citi-bike-nyc,Citi Bike,"New York, NY",US,8c272f8b59fc8e531c1c0b4881e54141,Van Vorst Park,40.71848892,-74.047726625,6,13,19,2026-02-17 14:02:31.971858,2026-02-17 14:02:31.971859
citi-bike-nyc,Citi Bike,"New York, NY",US,8c3b74f9dc3ad4b96966efcf949bdfd7,Hancock St & Bedford Ave,40.68216564,-73.95399026,8,15,23,2026-02-17 14:02:31.971863,2026-02-17 14:02:31.971863
citi-bike-nyc,Citi Bike,"New York, NY",US,8c5154bdaed616f4def90231f0e01c9f,W 54 St & 6 Ave,40.761865,-73.977242,25,35,60,2026-02-17 14:02:31.971865,2026-02-17 14:02:31.971866
citi-bike-nyc,Citi Bike,"New York, NY",US,8c6dcdad08fc4ef2bc8c98f99a7593f4,Division Ave & Marcy Ave,40.70708701,-73.95796783,6,27,33,2026-02-17 14:02:31.971871,2026-02-17 14:02:31.971872
citi-bike-nyc,Citi Bike,"New York, NY",US,8c9b19426b73be664fee96ed80225480,87 St & 30 Ave,40.76156,-73.88167,16,2,18,2026-02-17 14:02:31.971873,2026-02-17 14:02:31.971874
citi-bike-nyc,Citi Bike,"New York, NY",US,8d062740d90e8394831e0e099b86b6e4,84 St & Roosevelt Ave,40.74797,-73.88204,0,30,30,2026-02-17 14:02:31.971876,2026-02-17 14:02:31.971877
citi-bike-nyc,Citi Bike,"New York, NY",US,8d1406d6a6ba6e73bf1b2ceb41fc49e9,6 Ave & W 33 St,40.74901271,-73.98848395,2,70,72,2026-02-17 14:02:31.971878,2026-02-17 14:02:31.971879
citi-bike-nyc,Citi Bike,"New York, NY",US,8d22ef0f4169193bbac5f2f0a40d32d4,President St & 4 Ave,40.676757,-73.983262,24,4,28,2026-02-17 14:02:31.971881,2026-02-17 14:02:31.971881
citi-bike-nyc,Citi Bike,"New York, NY",US,8d29fc93242d0bf145cb74dd6963c4a6,Barclay St & Church St,40.71291224,-74.01020234,37,0,37,2026-02-17 14:02:31.971883,2026-02-17 14:02:31.971884
citi-bike-nyc,Citi Bike,"New York, NY",US,8d68c3d8ad8f84bb934367af7e04d72a,55 St & 7 Ave,40.639673,-74.008957,1,18,19,2026-02-17 14:02:31.971888,2026-02-17 14:02:31.971889
citi-bike-nyc,Citi Bike,"New York, NY",US,8dc9fa5c74441de11596123d808edf33,Park Ave & E 179 St,40.85014,-73.89818,15,7,22,2026-02-17 14:02:31.971891,2026-02-17 14:02:31.971892
citi-bike-nyc,Citi Bike,"New York, NY",US,8ddfa6df18ee02eb60a70acdfdff93dd,Prospect Park West & 8 St,40.66514681533792,-73.97637605667114,4,20,24,2026-02-17 14:02:31.971893,2026-02-17 14:02:31.971894
citi-bike-nyc,Citi Bike,"New York, NY",US,8de082de58b8cb683fab09c021acadf6,Lincoln Pl & Nostrand Ave,40.67077,-73.9507,2,21,23,2026-02-17 14:02:31.971896,2026-02-17 14:02:31.971897
citi-bike-nyc,Citi Bike,"New York, NY",US,8df1ef418c194c5969a7cab1033a9950,Danforth Ave & Sullivan Dr,40.70436,-74.09811,2,12,14,2026-02-17 14:02:31.971898,2026-02-17 14:02:31.971899
citi-bike-nyc,Citi Bike,"New York, NY",US,8e19fc4e34673b8c516bfdf0e152d890,New Utrecht Ave & 9 Ave,40.646249287052434,-73.99452600971485,2,9,11,2026-02-17 14:02:31.971901,2026-02-17 14:02:31.971902
citi-bike-nyc,Citi Bike,"New York, NY",US,8e1c7a8ee3b3e126ed4a56212eab0039,E 144 St & Brook Ave,40.811675,-73.917037,8,6,14,2026-02-17 14:02:31.971906,2026-02-17 14:02:31.971907
citi-bike-nyc,Citi Bike,"New York, NY",US,8e298272e74060b918db9e55ff293752,Bridge St & Front St,40.702969341552716,-73.98469090461731,41,2,43,2026-02-17 14:02:31.971909,2026-02-17 14:02:31.971910
citi-bike-nyc,Citi Bike,"New York, NY",US,8e4bda8f01fe262c2747a562489c8527,7 St & 5 Ave,40.6704922,-73.98541675,13,8,21,2026-02-17 14:02:31.971911,2026-02-17 14:02:31.971912
citi-bike-nyc,Citi Bike,"New York, NY",US,8e627581e0e60a938a49d11e381e9268,14 St & 5 Ave,40.666287,-73.98895053,8,10,18,2026-02-17 14:02:31.971914,2026-02-17 14:02:31.971915
citi-bike-nyc,Citi Bike,"New York, NY",US,8e6431abd6b16ec6184065f55ddde3dd,Eastern Pkwy & Ralph Ave,40.66852,-73.92284,11,9,20,2026-02-17 14:02:31.971916,2026-02-17 14:02:31.971917
citi-bike-nyc,Citi Bike,"New York, NY",US,8e8703fdcbc21e79d9d6ef988e0acb80,E 44 St & Lexington Ave,40.752643,-73.974996,30,15,45,2026-02-17 14:02:31.971918,2026-02-17 14:02:31.971919
citi-bike-nyc,Citi Bike,"New York, NY",US,8ea1a7fbe7d3a690babcf1c8f68de17a,10 St & 7 Ave,40.6662078,-73.98199886,13,7,20,2026-02-17 14:02:31.971924,2026-02-17 14:02:31.971925
citi-bike-nyc,Citi Bike,"New York, NY",US,8f1dd5054688ae4a26aec411780ae2d5,31 St & Hoyt Ave N,40.7711528,-73.9170074,13,17,30,2026-02-17 14:02:31.971926,2026-02-17 14:02:31.971927
citi-bike-nyc,Citi Bike,"New York, NY",US,8f81a0374645aedcaa6d258bab86b245,Brook Ave & E 148 St,40.814383,-73.915368,9,10,19,2026-02-17 14:02:31.971929,2026-02-17 14:02:31.971930
citi-bike-nyc,Citi Bike,"New York, NY",US,8f88c0ffb5a6fe8a0b361e578390f055,W 135 St & Lenox Terrace Pl,40.813619,-73.939336,6,21,27,2026-02-17 14:02:31.971931,2026-02-17 14:02:31.971932
citi-bike-nyc,Citi Bike,"New York, NY",US,8fca55f861cd1150b71d4ced1fd99ecc,E 95 St & 3 Ave,40.7849032,-73.950503,10,6,16,2026-02-17 14:02:31.971934,2026-02-17 14:02:31.971935
citi-bike-nyc,Citi Bike,"New York, NY",US,8feb6ad1db91ecc12810b154e10c2768,Webster Ave & Ford St,40.85556,-73.89615,19,0,19,2026-02-17 14:02:31.971936,2026-02-17 14:02:31.971937
citi-bike-nyc,Citi Bike,"New York, NY",US,8fff14299c355115875aad8a3c6d2679,Central Ave & Weirfield St,40.69055,-73.91181,1,19,20,2026-02-17 14:02:31.971942,2026-02-17 14:02:31.971943
citi-bike-nyc,Citi Bike,"New York, NY",US,9009763d6496a22bc2c997f814fcf045,E 68 St & 3 Ave,40.76712840349542,-73.96224617958069,7,27,34,2026-02-17 14:02:31.971945,2026-02-17 14:02:31.971946
citi-bike-nyc,Citi Bike,"New York, NY",US,902236f7c08be690cda3a4e4a48ea005,Centre St & Worth St,40.71494807,-74.00234482,104,11,115,2026-02-17 14:02:31.971948,2026-02-17 14:02:31.971949
citi-bike-nyc,Citi Bike,"New York, NY",US,903ebac2c492c86e0ab8edca7a98f535,Riverside Dr & W 78 St,40.78414472,-73.98362492,0,77,77,2026-02-17 14:02:31.971950,2026-02-17 14:02:31.971951
citi-bike-nyc,Citi Bike,"New York, NY",US,9075ebf1af9e8dcd5897e500e095b42f,12 Ave & 36 St,40.643546,-73.986418,13,6,19,2026-02-17 14:02:31.971953,2026-02-17 14:02:31.971954
citi-bike-nyc,Citi Bike,"New York, NY",US,90818a0f8138e896170905947d879a09,Webb Ave & W 190 St,40.8660052,-73.904254892,0,17,17,2026-02-17 14:02:31.971959,2026-02-17 14:02:31.971960
citi-bike-nyc,Citi Bike,"New York, NY",US,90ccb5697b8805be2db996b1743fb8ce,75 St & Northern Blvd,40.75473,-73.8918,6,12,18,2026-02-17 14:02:31.971962,2026-02-17 14:02:31.971963
citi-bike-nyc,Citi Bike,"New York, NY",US,90de5e4d1a85a839e644c5130c2a9997,27 Ave & 9 St,40.7739825,-73.9309134,5,33,38,2026-02-17 14:02:31.971964,2026-02-17 14:02:31.971965
citi-bike-nyc,Citi Bike,"New York, NY",US,90f71ca4d32c956c6804d16b1ce5805f,Commerce St & Van Brunt St,40.6812117,-74.00860912,12,5,17,2026-02-17 14:02:31.971967,2026-02-17 14:02:31.971968
citi-bike-nyc,Citi Bike,"New York, NY",US,91067aaf7deffebaf85ac9b9915449ae,Adams St & 12 St,40.751889392240685,-74.03329162748534,1,13,14,2026-02-17 14:02:31.971969,2026-02-17 14:02:31.971970
citi-bike-nyc,Citi Bike,"New York, NY",US,9143d01d7f45d28d74829ababf34390c,2 Ave & E 72 St,40.7687620293096,-73.95840793848038,5,45,50,2026-02-17 14:02:31.971971,2026-02-17 14:02:31.971972
citi-bike-nyc,Citi Bike,"New York, NY",US,9164f41a614be014bd67f16df7fa9f77,Riverside Dr & Broadway,40.865364,-73.92791,20,4,24,2026-02-17 14:02:31.971977,2026-02-17 14:02:31.971978
citi-bike-nyc,Citi Bike,"New York, NY",US,9190afca949ebaed2d792aa8b7f0eccc,Union Ave & Wallabout St,40.70029511,-73.95032283,5,25,30,2026-02-17 14:02:31.971980,2026-02-17 14:02:31.971981
citi-bike-nyc,Citi Bike,"New York, NY",US,91af89740b1c50290e92bae27bb25b99,Riverside Dr & W 104 St,40.8013434,-73.9711457439,7,49,56,2026-02-17 14:02:31.971982,2026-02-17 14:02:31.971983
citi-bike-nyc,Citi Bike,"New York, NY",US,91e510ea32dfbee99aa27395695b457d,5 Ave & E 78 St,40.77632142182271,-73.96427392959595,21,24,45,2026-02-17 14:02:31.971985,2026-02-17 14:02:31.971986
citi-bike-nyc,Citi Bike,"New York, NY",US,91ed89685e09628d36a5ede206393bf1,Underhill Ave & Pacific St,40.6804836,-73.9646795,3,21,24,2026-02-17 14:02:31.971987,2026-02-17 14:02:31.971988
citi-bike-nyc,Citi Bike,"New York, NY",US,9202b662523462531119634ecd5d1e83,E 149 St & Jackson Ave,40.813167759506804,-73.90923197581881,4,17,21,2026-02-17 14:02:31.971994,2026-02-17 14:02:31.971995
citi-bike-nyc,Citi Bike,"New York, NY",US,92044b4dd19a8490f5993eccb19079ec,3 Ave & E 100 St,40.7877214,-73.94728331,4,21,25,2026-02-17 14:02:31.971997,2026-02-17 14:02:31.971998
citi-bike-nyc,Citi Bike,"New York, NY",US,920d706f6e3c6da6f67868353b5434ae,Pitt St & Stanton St,40.71926081,-73.98178024,1,14,15,2026-02-17 14:02:31.971999,2026-02-17 14:02:31.972000
citi-bike-nyc,Citi Bike,"New York, NY",US,922f6d99007fad099868dac1a74ecc09,60 Ave & Otis Ave,40.73715,-73.85614,17,4,21,2026-02-17 14:02:31.972002,2026-02-17 14:02:31.972003
citi-bike-nyc,Citi Bike,"New York, NY",US,924c571dded5dd56bcacca64f621c966,47 Ave & 31 St,40.743,-73.93561,19,7,26,2026-02-17 14:02:31.972004,2026-02-17 14:02:31.972005
citi-bike-nyc,Citi Bike,"New York, NY",US,926e84ac8a0bdcbd908efcd90ebea59c,Pierrepont St & Monroe Pl,40.69535693320225,-73.99344027042389,6,9,15,2026-02-17 14:02:31.972012,2026-02-17 14:02:31.972013
citi-bike-nyc,Citi Bike,"New York, NY",US,928df8ae2bc6511e1316c7def3d695a0,E 30 St & Park Ave S,40.74444921,-73.98303529,9,40,49,2026-02-17 14:02:31.972014,2026-02-17 14:02:31.972015
citi-bike-nyc,Citi Bike,"New York, NY",US,92a5f13f25a001b167e6880615071a30,Amory Ct & Metropolitan Ave,40.71301,-73.90968,7,13,20,2026-02-17 14:02:31.972017,2026-02-17 14:02:31.972018
citi-bike-nyc,Citi Bike,"New York, NY",US,92a895b2dcc55db0aa8a325713a8ba0a,Plaza St West & Flatbush Ave,40.6750207,-73.97111473,0,49,49,2026-02-17 14:02:31.972019,2026-02-17 14:02:31.972020
citi-bike-nyc,Citi Bike,"New York, NY",US,92d3e381060346466cad7a70dc34dd91,Seaman Ave & Isham St,40.869898661940454,-73.92076313495636,6,7,13,2026-02-17 14:02:31.972021,2026-02-17 14:02:31.972022
citi-bike-nyc,Citi Bike,"New York, NY",US,9302d865d1214a8f96308e8172e40242,Audubon Ave & Fort George Ave,40.85715781391904,-73.92717361450195,1,21,22,2026-02-17 14:02:31.972024,2026-02-17 14:02:31.972025
citi-bike-nyc,Citi Bike,"New York, NY",US,932fd2c9d7a3eb994cc2adeffd053b90,Congress St & Clinton St,40.68825516598005,-73.99545192718506,18,21,39,2026-02-17 14:02:31.972029,2026-02-17 14:02:31.972030
citi-bike-nyc,Citi Bike,"New York, NY",US,936e40e5c8a1ed40d4f530a8331b0f7a,Albany Ave & Fulton St,40.6800105,-73.938475,3,24,27,2026-02-17 14:02:31.972032,2026-02-17 14:02:31.972033
citi-bike-nyc,Citi Bike,"New York, NY",US,937494e06feeb779553751805936f8d7,E 3 St & Cortelyou Rd,40.63828,-73.9765,10,2,12,2026-02-17 14:02:31.972034,2026-02-17 14:02:31.972035
citi-bike-nyc,Citi Bike,"New York, NY",US,9386b43640322bafb8df7a34436bbade,E 160 St & Tinton Ave,40.820302,-73.903944,4,14,18,2026-02-17 14:02:31.972036,2026-02-17 14:02:31.972037
citi-bike-nyc,Citi Bike,"New York, NY",US,93988655c73f2416ccb4c124d6505e98,103 St & Martense Ave,40.74046,-73.8565,12,5,17,2026-02-17 14:02:31.972039,2026-02-17 14:02:31.972040
citi-bike-nyc,Citi Bike,"New York, NY",US,93a0dfd06b4213296acfd49005c9083a,21 St & 43 Ave,40.75052534,-73.94594845,15,12,27,2026-02-17 14:02:31.972041,2026-02-17 14:02:31.972042
citi-bike-nyc,Citi Bike,"New York, NY",US,93fc1a7685f14c2e77c6b4531bab8049,31 St & Thomson Ave,40.74469738,-73.93540375,28,16,44,2026-02-17 14:02:31.972046,2026-02-17 14:02:31.972047
citi-bike-nyc,Citi Bike,"New York, NY",US,93fe7bcc68667cad0b1c60528e8e0dd3,31 Ave & 61 St,40.757525,-73.901614,10,10,20,2026-02-17 14:02:31.972048,2026-02-17 14:02:31.972049
citi-bike-nyc,Citi Bike,"New York, NY",US,94204c0ab199c78a16bb20ba363e223f,Broadway & 31 St,40.76194,-73.92513,12,19,31,2026-02-17 14:02:31.972051,2026-02-17 14:02:31.972052
citi-bike-nyc,Citi Bike,"New York, NY",US,945b0357dbf53d390c6c3854405f2ddb,Hoboken Terminal - Hudson St & Hudson Pl,40.73593758446329,-74.03030455112457,23,0,23,2026-02-17 14:02:31.972053,2026-02-17 14:02:31.972054
citi-bike-nyc,Citi Bike,"New York, NY",US,9464844530d8a3d2b0896d05934b9595,Broadway & W 133 St,40.8190344,-73.956156,1,20,21,2026-02-17 14:02:31.972056,2026-02-17 14:02:31.972057
citi-bike-nyc,Citi Bike,"New York, NY",US,9465e88f5eff7624d033f2c654345e32,Bleecker St & Crosby St,40.72615604980408,-73.99510189890862,57,0,57,2026-02-17 14:02:31.972058,2026-02-17 14:02:31.972059
citi-bike-nyc,Citi Bike,"New York, NY",US,946c9d2aa5511ee0a629011d55a7f8bd,Adam Clayton Powell Blvd & W 123 St,40.8078316,-73.949373,11,19,30,2026-02-17 14:02:31.972064,2026-02-17 14:02:31.972065
citi-bike-nyc,Citi Bike,"New York, NY",US,947979cb744cc6d243b9062cc571556e,Greene Ave & Throop Ave,40.6894932,-73.942061,1,16,17,2026-02-17 14:02:31.972066,2026-02-17 14:02:31.972067
citi-bike-nyc,Citi Bike,"New York, NY",US,9486080ee90c68b562daec1bcaa9c189,77 St & 31 Ave,40.75886,-73.89081,19,0,19,2026-02-17 14:02:31.972074,2026-02-17 14:02:31.972075
citi-bike-nyc,Citi Bike,"New York, NY",US,9496e690e196c6ac530a94feadc03005,Macombs Pl & W 152 St,40.826406,-73.937948,16,16,32,2026-02-17 14:02:31.972081,2026-02-17 14:02:31.972082
citi-bike-nyc,Citi Bike,"New York, NY",US,94c941584a396adf83c2a56d98b4631e,W 120 St & Claremont Ave,40.8109494,-73.9634,2,36,38,2026-02-17 14:02:31.972084,2026-02-17 14:02:31.972085
citi-bike-nyc,Citi Bike,"New York, NY",US,94dffaca21caebee5676a9ff04f4ec53,Kingston Ave & Park Pl,40.67308,-73.94191,2,16,18,2026-02-17 14:02:31.972086,2026-02-17 14:02:31.972087
citi-bike-nyc,Citi Bike,"New York, NY",US,94e681f1f00389434269b49f410ec7de,Jersey & 3rd,40.72333158646436,-74.04595255851744,5,7,12,2026-02-17 14:02:31.972089,2026-02-17 14:02:31.972090
citi-bike-nyc,Citi Bike,"New York, NY",US,95163f3d255453acee261c83077ea22f,Frost St & Meeker Ave,40.71766197083994,-73.94880026578903,27,11,38,2026-02-17 14:02:31.972091,2026-02-17 14:02:31.972092
citi-bike-nyc,Citi Bike,"New York, NY",US,953add1930049d97a3cad92b1610619f,E 47 St & Park Ave,40.75510267,-73.97498696,52,51,103,2026-02-17 14:02:31.972094,2026-02-17 14:02:31.972095
citi-bike-nyc,Citi Bike,"New York, NY",US,954fd419087ea9e0b272fae48c946fc8,Mott St & Prince St,40.72317958,-73.99480012,32,3,35,2026-02-17 14:02:31.972099,2026-02-17 14:02:31.972100
citi-bike-nyc,Citi Bike,"New York, NY",US,9557c45cfe5f2b8e9ed1bbb799407a12,Paulus Hook,40.7141454,-74.0335519,10,0,10,2026-02-17 14:02:31.972101,2026-02-17 14:02:31.972102
citi-bike-nyc,Citi Bike,"New York, NY",US,955c5f3727f4313d7c3fe28eb039f7b4,55 Ave & Center Blvd,40.740288,-73.960697,3,19,22,2026-02-17 14:02:31.972104,2026-02-17 14:02:31.972105
citi-bike-nyc,Citi Bike,"New York, NY",US,95835e4517555df24e4eb78b64856cde,Ovington Ave & 3 Ave,40.63487,-74.02625,3,10,13,2026-02-17 14:02:31.972106,2026-02-17 14:02:31.972107
citi-bike-nyc,Citi Bike,"New York, NY",US,959f93c69b6d9546a5e19320d99518cb,Perry St & Greenwich Ave,40.735918,-74.000939,46,3,49,2026-02-17 14:02:31.972109,2026-02-17 14:02:31.972110
citi-bike-nyc,Citi Bike,"New York, NY",US,95dcb5e099c2f8186c615f33bb9647bb,E 75 St & 3 Ave,40.77112927,-73.95772297,9,25,34,2026-02-17 14:02:31.972111,2026-02-17 14:02:31.972112
citi-bike-nyc,Citi Bike,"New York, NY",US,95f2a703d7b773e93e10874a0499869a,Jackson Mill Rd & 93 St,40.75874,-73.87535,8,11,19,2026-02-17 14:02:31.972116,2026-02-17 14:02:31.972117
citi-bike-nyc,Citi Bike,"New York, NY",US,9617afc29eb427d52f4ba796854f06e6,48 St & 37 Ave,40.751555,-73.915026,22,6,28,2026-02-17 14:02:31.972119,2026-02-17 14:02:31.972120
citi-bike-nyc,Citi Bike,"New York, NY",US,962c565fe2fe149bf5bdae5c9e2762d1,10 Ave & W 202 St,40.861281970750994,-73.921417593956,10,8,18,2026-02-17 14:02:31.972122,2026-02-17 14:02:31.972122
citi-bike-nyc,Citi Bike,"New York, NY",US,9644d13c5760231ad8d1deed3c02242a,70 St & Ridge Blvd,40.63596,-74.02908,4,2,6,2026-02-17 14:02:31.972124,2026-02-17 14:02:31.972125
citi-bike-nyc,Citi Bike,"New York, NY",US,965690663e72c599f0319a195c54b71e,88 St & Astoria Blvd,40.76424,-73.8812,19,0,19,2026-02-17 14:02:31.972126,2026-02-17 14:02:31.972127
citi-bike-nyc,Citi Bike,"New York, NY",US,96a8b18ab6280e13196b1fdf7fa83790,W 12 St & Hudson St,40.73752993301071,-74.00558933615685,16,22,38,2026-02-17 14:02:31.972129,2026-02-17 14:02:31.972130
citi-bike-nyc,Citi Bike,"New York, NY",US,96eca0713fa8dc5fca775d242efb7b57,Grand St & Greene St,40.72170005235607,-74.00238141417502,39,5,44,2026-02-17 14:02:31.972134,2026-02-17 14:02:31.972135
citi-bike-nyc,Citi Bike,"New York, NY",US,971835d129ea8951568e07707179d213,Heights Elevator,40.748715945380226,-74.04044330120087,5,10,15,2026-02-17 14:02:31.972137,2026-02-17 14:02:31.972138
citi-bike-nyc,Citi Bike,"New York, NY",US,972de958dc2eaf9fb0157f8a3706f4ce,Bond St & Fulton St,40.6896218879,-73.9830426872,18,9,27,2026-02-17 14:02:31.972139,2026-02-17 14:02:31.972140
citi-bike-nyc,Citi Bike,"New York, NY",US,97364afba60065b63a7c332b65f3dea1,E 13 St & Ave A,40.72966729392978,-73.98067966103554,0,81,81,2026-02-17 14:02:31.972142,2026-02-17 14:02:31.972143
citi-bike-nyc,Citi Bike,"New York, NY",US,977090f77c4ce81722de58666a390189,College Ave & E 169 St,40.835122799036405,-73.91196817159653,12,3,15,2026-02-17 14:02:31.972144,2026-02-17 14:02:31.972145
citi-bike-nyc,Citi Bike,"New York, NY",US,97b12d80c9ee17ad52a653cc0e57c5c1,5 Ave & E 63 St,40.766368,-73.971518,13,34,47,2026-02-17 14:02:31.972147,2026-02-17 14:02:31.972148
citi-bike-nyc,Citi Bike,"New York, NY",US,97c0dc2c2e58b06af60c2d5895e8030e,Eastern Pkwy & Kingston Ave,40.66959,-73.94237,0,0,0,2026-02-17 14:02:31.972151,2026-02-17 14:02:31.972152
citi-bike-nyc,Citi Bike,"New York, NY",US,97fa5a66185c2ec7bd1ce1ddcd55a511,Central Park North & Adam Clayton Powell Blvd,40.799484,-73.955613,1,28,29,2026-02-17 14:02:31.972154,2026-02-17 14:02:31.972155
citi-bike-nyc,Citi Bike,"New York, NY",US,97fc660d6d66919c79e17fd71e42e2c4,75 St & 35 Ave,40.75091,-73.89111,5,16,21,2026-02-17 14:02:31.972156,2026-02-17 14:02:31.972157
citi-bike-nyc,Citi Bike,"New York, NY",US,982705fafa8b33f9f04adef46002eced,Amsterdam Ave & W 125 St,40.813358,-73.956461,15,23,38,2026-02-17 14:02:31.972159,2026-02-17 14:02:31.972160
citi-bike-nyc,Citi Bike,"New York, NY",US,983a6d1f0dedd6e674d31dafe6ea67cd,Marble Hill Ave & W 227 St,40.87655,-73.90941,3,15,18,2026-02-17 14:02:31.972161,2026-02-17 14:02:31.972162
citi-bike-nyc,Citi Bike,"New York, NY",US,984ecf4c65024611cb39a1d36462ded5,Linden St & Knickerbocker Ave,40.69714,-73.91566,3,15,18,2026-02-17 14:02:31.972163,2026-02-17 14:02:31.972164
citi-bike-nyc,Citi Bike,"New York, NY",US,98536c02487732ec0ddf1e36d9fc153b,Broadway & W 41 St,40.75513557,-73.98658032,19,31,50,2026-02-17 14:02:31.972166,2026-02-17 14:02:31.972167
citi-bike-nyc,Citi Bike,"New York, NY",US,9899a8ef1a6ca5f2bad3c0fd66a9a9d8,20 Ave & Shore Blvd,40.785994,-73.915098,11,8,19,2026-02-17 14:02:31.972169,2026-02-17 14:02:31.972170
citi-bike-nyc,Citi Bike,"New York, NY",US,98b0f9c3ac20c54f9d7e34d1bda35919,Sterling Pl & Ralph Ave,40.67095,-73.92222,7,11,18,2026-02-17 14:02:31.972172,2026-02-17 14:02:31.972173
citi-bike-nyc,Citi Bike,"New York, NY",US,98bd85a891bb604d3f06d38dfc3637f6,W 116 St & Amsterdam Ave,40.8067581,-73.9607082,14,22,36,2026-02-17 14:02:31.972174,2026-02-17 14:02:31.972175
citi-bike-nyc,Citi Bike,"New York, NY",US,9901bed45d6a567441d9da5738cb195d,E 68 St & Madison Ave,40.7691572,-73.96703464,24,30,54,2026-02-17 14:02:31.972176,2026-02-17 14:02:31.972177
citi-bike-nyc,Citi Bike,"New York, NY",US,9912b90a6f86cf3fe2b06f6a4edaf128,17 St & 5 Ave,40.663493,-73.991007,9,12,21,2026-02-17 14:02:31.972179,2026-02-17 14:02:31.972180
citi-bike-nyc,Citi Bike,"New York, NY",US,993d570b0755915bcd569701ca9d5a1a,Vesey St & West St,40.714063,-74.014432,33,24,57,2026-02-17 14:02:31.972181,2026-02-17 14:02:31.972182
citi-bike-nyc,Citi Bike,"New York, NY",US,9969e525d7300c6f89a61c76cf939816,St Nicholas Ave & W 157 St,40.832314,-73.94102,0,18,18,2026-02-17 14:02:31.972186,2026-02-17 14:02:31.972187
citi-bike-nyc,Citi Bike,"New York, NY",US,99757deb29ac0c715fe37722b972405a,Broadway & E 19 St,40.73829,-73.99006,97,0,97,2026-02-17 14:02:31.972189,2026-02-17 14:02:31.972190
citi-bike-nyc,Citi Bike,"New York, NY",US,99769222b3bd7c01bede005f1fab5afb,Carteret Ave & Arlington Ave,40.709142,-74.074553,2,12,14,2026-02-17 14:02:31.972195,2026-02-17 14:02:31.972196
citi-bike-nyc,Citi Bike,"New York, NY",US,999662ff2fd1ba4ff04e0e9ce63d3a60,Aqueduct Ave & North St,40.8604787,-73.9057169936,0,17,17,2026-02-17 14:02:31.972198,2026-02-17 14:02:31.972199
citi-bike-nyc,Citi Bike,"New York, NY",US,99aa613528fc8cd3aa7e176fda4d7202,3 Ave & 17 St,40.666168,-73.995549,12,7,19,2026-02-17 14:02:31.972200,2026-02-17 14:02:31.972201
citi-bike-nyc,Citi Bike,"New York, NY",US,99adce3ee1368f9f9f20fa903ed47b10,Bridge St & York St,40.70133448066992,-73.98471236228943,53,1,54,2026-02-17 14:02:31.972205,2026-02-17 14:02:31.972206
citi-bike-nyc,Citi Bike,"New York, NY",US,99d158f384f298e3f6967b770b365a1c,E 48 St & Tilden Ave,40.64795,-73.93182,17,10,27,2026-02-17 14:02:31.972208,2026-02-17 14:02:31.972209
citi-bike-nyc,Citi Bike,"New York, NY",US,99d475ea66b8b08b44bfcf5c30b288c8,Halsey St & Tompkins Ave,40.6823687,-73.944118,10,10,20,2026-02-17 14:02:31.972210,2026-02-17 14:02:31.972211
citi-bike-nyc,Citi Bike,"New York, NY",US,9a0de06719740aa6e05120ab6a07e7d4,85 St & Northern Blvd,40.75601,-73.88266,3,17,20,2026-02-17 14:02:31.972213,2026-02-17 14:02:31.972214
citi-bike-nyc,Citi Bike,"New York, NY",US,9a2a6530394096a4678567324a52dd50,E 189 St & Bathgate Ave,40.85859,-73.88821,12,6,18,2026-02-17 14:02:31.972215,2026-02-17 14:02:31.972216
citi-bike-nyc,Citi Bike,"New York, NY",US,9a4e60e49cc1e970a571a73f47910096,10 Ave & W 215 St,40.86932465640094,-73.91519755125046,8,9,17,2026-02-17 14:02:31.972218,2026-02-17 14:02:31.972219
citi-bike-nyc,Citi Bike,"New York, NY",US,9a61d3df31abe28fecfb649c85590ff3,Lee Ave & Taylor St,40.706732,-73.961241,3,21,24,2026-02-17 14:02:31.972220,2026-02-17 14:02:31.972221
citi-bike-nyc,Citi Bike,"New York, NY",US,9a6e732a82cd264a76f3c79635f419c8,2 Ave & E 96 St,40.7839636,-73.9471673,35,4,39,2026-02-17 14:02:31.972223,2026-02-17 14:02:31.972224
citi-bike-nyc,Citi Bike,"New York, NY",US,9a89c50d230293995f62e01e96079ab5,Columbia Heights & Cranberry St,40.70037867,-73.99548059,8,27,35,2026-02-17 14:02:31.972226,2026-02-17 14:02:31.972227
citi-bike-nyc,Citi Bike,"New York, NY",US,9a8d2b588b89023dde9d5d833a86c107,Bergen St & Smith St,40.6867443,-73.99063168,41,5,46,2026-02-17 14:02:31.972228,2026-02-17 14:02:31.972229
citi-bike-nyc,Citi Bike,"New York, NY",US,9a936b4d3889107849a7516f20f89f99,E 46 St & Madison Ave,40.755393,-73.977601,45,5,50,2026-02-17 14:02:31.972230,2026-02-17 14:02:31.972231
citi-bike-nyc,Citi Bike,"New York, NY",US,9aa005d35c58dd7f69bcfd28a4eddfdc,44 St & 2 Ave,40.652502,-74.013587,18,1,19,2026-02-17 14:02:31.972233,2026-02-17 14:02:31.972234
citi-bike-nyc,Citi Bike,"New York, NY",US,9abfa54d7f7e796f5d2d2be8385f11a7,E 32 St & Park Ave,40.7457121,-73.98194829,11,38,49,2026-02-17 14:02:31.972235,2026-02-17 14:02:31.972236
citi-bike-nyc,Citi Bike,"New York, NY",US,9b0d034b69bb85e6e92e0bc81afd4e1a,West Drive & Prospect Park West,40.6610633719006,-73.97945255041122,16,6,22,2026-02-17 14:02:31.972241,2026-02-17 14:02:31.972242
citi-bike-nyc,Citi Bike,"New York, NY",US,9b1d40dd738e6341ec5b72cd32835a97,W 41 St & 8 Ave,40.75640548,-73.9900262,1,90,91,2026-02-17 14:02:31.972243,2026-02-17 14:02:31.972244
citi-bike-nyc,Citi Bike,"New York, NY",US,9b4e7e12bd315c709b8ec167392f73ef,Nagle Ave & Thayer St,40.861382,-73.925591,25,4,29,2026-02-17 14:02:31.972246,2026-02-17 14:02:31.972247
citi-bike-nyc,Citi Bike,"New York, NY",US,9b842edd915ea5ba2356debf55c16565,Broad St & Bridge St,40.70365182,-74.01167797,44,0,44,2026-02-17 14:02:31.972248,2026-02-17 14:02:31.972249
citi-bike-nyc,Citi Bike,"New York, NY",US,9bb00cab3aa0f8f0f0590ef64f2f1e1e,Bergen Ave,40.722103786686034,-74.07145500183105,0,9,9,2026-02-17 14:02:31.972251,2026-02-17 14:02:31.972252
citi-bike-nyc,Citi Bike,"New York, NY",US,9bd7d9dbc25cb501ac935096421a11c5,E 182 St & Belmont Ave,40.85089,-73.88793,1,20,21,2026-02-17 14:02:31.972253,2026-02-17 14:02:31.972254
citi-bike-nyc,Citi Bike,"New York, NY",US,9bec9112c65ff605e68a129501abe031,Monitor St & Meeker Ave,40.721226,-73.941845,2,19,21,2026-02-17 14:02:31.972259,2026-02-17 14:02:31.972260
citi-bike-nyc,Citi Bike,"New York, NY",US,9c0738b4900353c7778a4c928c13e498,25 Ave & 41 St,40.767666,-73.910963,6,17,23,2026-02-17 14:02:31.972261,2026-02-17 14:02:31.972262
citi-bike-nyc,Citi Bike,"New York, NY",US,9c0d8cf41fc9371bf4583e0a26773276,Claflin Ave & Reservoir Ave,40.87398,-73.89943,1,13,14,2026-02-17 14:02:31.972263,2026-02-17 14:02:31.972264
citi-bike-nyc,Citi Bike,"New York, NY",US,9c2aa78a9eca55f06a95733e8e2747e0,Roosevelt Island Tramway,40.757284,-73.9536,29,4,33,2026-02-17 14:02:31.972266,2026-02-17 14:02:31.972267
citi-bike-nyc,Citi Bike,"New York, NY",US,9c3c6869a6b193169d6927bca74182cf,McGinley Square,40.7253399253558,-74.06762212514877,0,20,20,2026-02-17 14:02:31.972268,2026-02-17 14:02:31.972269
citi-bike-nyc,Citi Bike,"New York, NY",US,9c47e8115817457c93c250b0ef0f971b,4 Ave & 9 St,40.6705135,-73.98876585,15,8,23,2026-02-17 14:02:31.972271,2026-02-17 14:02:31.972272
citi-bike-nyc,Citi Bike,"New York, NY",US,9c7d9fc15ea95bc1206dca488782e603,Morris Ave & E Burnside Ave,40.85322,-73.90546,8,12,20,2026-02-17 14:02:31.972276,2026-02-17 14:02:31.972277
citi-bike-nyc,Citi Bike,"New York, NY",US,9c9b60da23a98afcb51b05c5930f2b90,55 St & 5 Ave,40.642408,-74.013318,5,22,27,2026-02-17 14:02:31.972279,2026-02-17 14:02:31.972280
citi-bike-nyc,Citi Bike,"New York, NY",US,9cebffb43054320620dea45404182138,Liberty St & Nassau St,40.70858894,-74.00935482,31,1,32,2026-02-17 14:02:31.972281,2026-02-17 14:02:31.972282
citi-bike-nyc,Citi Bike,"New York, NY",US,9d2d232dfa930daa8d6d77c7dfc60f5c,30 Ave & 70 St,40.76013,-73.89741,17,2,19,2026-02-17 14:02:31.972283,2026-02-17 14:02:31.972284
citi-bike-nyc,Citi Bike,"New York, NY",US,9d2fc19d2f718782e4a7390455b7dcc4,Wyckoff Ave & Gates Ave,40.699871408829885,-73.91171872615814,30,3,33,2026-02-17 14:02:31.972286,2026-02-17 14:02:31.972287
citi-bike-nyc,Citi Bike,"New York, NY",US,9d617a294dc81385a7a84652e5dc34c4,President St & Henry St,40.6828003,-73.99990419,7,18,25,2026-02-17 14:02:31.972288,2026-02-17 14:02:31.972289
citi-bike-nyc,Citi Bike,"New York, NY",US,9d92f640e6d6c2fad56b323971956139,Division St & Bowery,40.71419,-73.99673,30,11,41,2026-02-17 14:02:31.972293,2026-02-17 14:02:31.972294
citi-bike-nyc,Citi Bike,"New York, NY",US,9d97bd7232762c8477bdfacf7165ddaf,57 Ave & 98 Pl,40.73802,-73.86103,22,1,23,2026-02-17 14:02:31.972295,2026-02-17 14:02:31.972296
citi-bike-nyc,Citi Bike,"New York, NY",US,9df6386d8677d42c8ba69a15548e61a7,Bank St & Hudson St,40.73652889,-74.00618026,16,11,27,2026-02-17 14:02:31.972298,2026-02-17 14:02:31.972299
citi-bike-nyc,Citi Bike,"New York, NY",US,9df9e5b12591766b02406ab3ff25d95e,Clinton St & 7 St,40.74542,-74.03332,1,15,16,2026-02-17 14:02:31.972300,2026-02-17 14:02:31.972301
citi-bike-nyc,Citi Bike,"New York, NY",US,9e022036f5d8d447923daff4387cae21,Corona Ave & 111 St,40.7408,-73.84978,17,3,20,2026-02-17 14:02:31.972303,2026-02-17 14:02:31.972304
citi-bike-nyc,Citi Bike,"New York, NY",US,9e0931e41a6d3d419a209cef1791debc,Bushwick Ave & Powers St,40.71247661,-73.94100005,6,25,31,2026-02-17 14:02:31.972305,2026-02-17 14:02:31.972306
citi-bike-nyc,Citi Bike,"New York, NY",US,9e64ee87bc3798cdbb3c57deb1d5362f,Wade St & MLK Dr,40.7017,-74.08952,1,12,13,2026-02-17 14:02:31.972312,2026-02-17 14:02:31.972313
citi-bike-nyc,Citi Bike,"New York, NY",US,9e7fb4bdbd7f01bd3f178959e8766dff,Chauncey St & Stuyvesant Ave,40.68012,-73.93168,14,8,22,2026-02-17 14:02:31.972314,2026-02-17 14:02:31.972315
citi-bike-nyc,Citi Bike,"New York, NY",US,9e9cf11fedfac34d788ec57c505058b0,41 Ave & 77 St,40.74557,-73.8882,7,16,23,2026-02-17 14:02:31.972317,2026-02-17 14:02:31.972318
citi-bike-nyc,Citi Bike,"New York, NY",US,9e9e6b1d0d2fb6354723803e47511b5f,Morningside Dr & Amsterdam Ave,40.81028506306003,-73.95736455917358,11,23,34,2026-02-17 14:02:31.972319,2026-02-17 14:02:31.972320
citi-bike-nyc,Citi Bike,"New York, NY",US,9ec33afe72f6a70dbf6ff6bae8e7d4f9,Kane St & Clinton St,40.6861758,-73.99645295,11,12,23,2026-02-17 14:02:31.972321,2026-02-17 14:02:31.972322
citi-bike-nyc,Citi Bike,"New York, NY",US,9ed956e80cc2ebeb676a2ae285799d7d,84 St & 3 Ave,40.62503,-74.03059,3,3,6,2026-02-17 14:02:31.972324,2026-02-17 14:02:31.972325
citi-bike-nyc,Citi Bike,"New York, NY",US,9ee0a62ece9660a7df6b131987482526,Centre St & Chambers St,40.71273266,-74.0046073,18,34,52,2026-02-17 14:02:31.972329,2026-02-17 14:02:31.972330
citi-bike-nyc,Citi Bike,"New York, NY",US,9eeca8aac99d0c966ba652db42405326,Fulton Ave & St Paul's Pl,40.83545,-73.90153,2,17,19,2026-02-17 14:02:31.972331,2026-02-17 14:02:31.972332
citi-bike-nyc,Citi Bike,"New York, NY",US,9ef94b24c342975106d5f4488e12d4cb,Clermont Ave & Park Ave,40.69573398,-73.97129668,4,9,13,2026-02-17 14:02:31.972333,2026-02-17 14:02:31.972334
citi-bike-nyc,Citi Bike,"New York, NY",US,9f0867501f55bac223b1f6bc6c38d80f,Broadway & Hancock St,40.68661064950837,-73.91683218964889,5,29,34,2026-02-17 14:02:31.972336,2026-02-17 14:02:31.972337
citi-bike-nyc,Citi Bike,"New York, NY",US,9f3deee117b836771cb8caa7e31877d1,91 St & 23 Ave,40.76768,-73.87899,13,6,19,2026-02-17 14:02:31.972338,2026-02-17 14:02:31.972339
citi-bike-nyc,Citi Bike,"New York, NY",US,9f41f0ead85c2844c6a2d13edb2c4397,Audubon Ave & W 192 St,40.85589030603889,-73.92708241939545,2,19,21,2026-02-17 14:02:31.972341,2026-02-17 14:02:31.972342
citi-bike-nyc,Citi Bike,"New York, NY",US,9f430d78baa49f7bdf3b1b149db18ebb,Queens Blvd & Albion Ave,40.73856,-73.88553,20,0,20,2026-02-17 14:02:31.972347,2026-02-17 14:02:31.972348
citi-bike-nyc,Citi Bike,"New York, NY",US,9f5c43f7461ccf903cd7403c2dcfc7a9,34 Ave & Junction Blvd,40.75502,-73.87285,18,5,23,2026-02-17 14:02:31.972349,2026-02-17 14:02:31.972350
citi-bike-nyc,Citi Bike,"New York, NY",US,9f96a9ed9ffe00c3ca83a3d527b926a6,Lefferts Ave & Schenectady Ave,40.66343,-73.93472,14,13,27,2026-02-17 14:02:31.972352,2026-02-17 14:02:31.972353
citi-bike-nyc,Citi Bike,"New York, NY",US,9fb7ddbf2bc23aacc066478cc7a23484,Nassau St & Navy St,40.69839895,-73.98068914,45,11,56,2026-02-17 14:02:31.972354,2026-02-17 14:02:31.972355
citi-bike-nyc,Citi Bike,"New York, NY",US,9fbb743331fb0ce6a96388e4849725f6,14 St & 7 Ave,40.663779,-73.98396846,0,22,22,2026-02-17 14:02:31.972356,2026-02-17 14:02:31.972357
citi-bike-nyc,Citi Bike,"New York, NY",US,9fe8696b7ddddc8cbbf4d1c1865c2aa3,Marcus Garvey Blvd & Macon St,40.682601,-73.938037,12,3,15,2026-02-17 14:02:31.972359,2026-02-17 14:02:31.972360
citi-bike-nyc,Citi Bike,"New York, NY",US,9ffb41a32c6f8b0d0aa5cd9d9c47b366,St Nicholas Ave & W 137 St,40.818477,-73.947568,2,15,17,2026-02-17 14:02:31.972364,2026-02-17 14:02:31.972365
citi-bike-nyc,Citi Bike,"New York, NY",US,9ffcd62c25d46a8e6288c61b9fa5ed7e,Crotona Park East & E 173 St,40.837037,-73.890413,3,14,17,2026-02-17 14:02:31.972367,2026-02-17 14:02:31.972368
citi-bike-nyc,Citi Bike,"New York, NY",US,a03f1915d9663980a23e084a7beedc01,34 St & 35 Ave,40.7569332,-73.9262231,5,14,19,2026-02-17 14:02:31.972369,2026-02-17 14:02:31.972370
citi-bike-nyc,Citi Bike,"New York, NY",US,a04e82762b1631a432ba8448a3a50730,Brooklyn Ave & Snyder Ave,40.64915,-73.94368,10,12,22,2026-02-17 14:02:31.972372,2026-02-17 14:02:31.972373
citi-bike-nyc,Citi Bike,"New York, NY",US,a06b99ac87462db69b003c5599dfd3d0,E 40 St & 5 Ave,40.752062307,-73.9816324043,50,37,87,2026-02-17 14:02:31.972374,2026-02-17 14:02:31.972375
citi-bike-nyc,Citi Bike,"New York, NY",US,a0b499fb144a8df9294bee3c2f58fca8,37 Ave & 63 St,40.74893,-73.89981,9,14,23,2026-02-17 14:02:31.972378,2026-02-17 14:02:31.972379
citi-bike-nyc,Citi Bike,"New York, NY",US,a0be6b649e1121969456189b0a525f95,4 St & Grand St,40.7422579775645,-74.03511106967926,3,15,18,2026-02-17 14:02:31.972380,2026-02-17 14:02:31.972381
citi-bike-nyc,Citi Bike,"New York, NY",US,a0dfdc0153fb5a8043d617976bf821de,Harlem River Dr & W 155 St,40.830476,-73.939929,0,24,24,2026-02-17 14:02:31.972383,2026-02-17 14:02:31.972384
citi-bike-nyc,Citi Bike,"New York, NY",US,a0efd92793a29910b2f603347e2c58c4,W 43 St & 10 Ave,40.76009437,-73.99461843,1,112,113,2026-02-17 14:02:31.972385,2026-02-17 14:02:31.972386
citi-bike-nyc,Citi Bike,"New York, NY",US,a10c0b63b9fe3c5d7297244c5dfa2f2d,West Side Ave Light Rail,40.714964,-74.08829,18,3,21,2026-02-17 14:02:31.972387,2026-02-17 14:02:31.972388
citi-bike-nyc,Citi Bike,"New York, NY",US,a10c827b5eb7654444849ec0df0a0141,50 St & Barnett Ave,40.750097682094825,-73.91349703073502,6,18,24,2026-02-17 14:02:31.972390,2026-02-17 14:02:31.972391
citi-bike-nyc,Citi Bike,"New York, NY",US,a11ee63cf83d652bc356ae6907b49e3a,4 Ave & 87 St,40.62184,-74.02863,16,1,17,2026-02-17 14:02:31.972395,2026-02-17 14:02:31.972396
citi-bike-nyc,Citi Bike,"New York, NY",US,a12de637ee42eaeaa7070b1aefb6da64,W 52 St & 11 Ave,40.76727216,-73.99392888,3,52,55,2026-02-17 14:02:31.972398,2026-02-17 14:02:31.972399
citi-bike-nyc,Citi Bike,"New York, NY",US,a13ad0e112e6c5a91b129d8e70a1d148,6 St & Grand St,40.744397833095604,-74.03450086712837,4,14,18,2026-02-17 14:02:31.972400,2026-02-17 14:02:31.972401
citi-bike-nyc,Citi Bike,"New York, NY",US,a15a0e1027599de90c102ef39677a836,4 Ave & 17 St,40.665507,-73.993037,21,1,22,2026-02-17 14:02:31.972403,2026-02-17 14:02:31.972404
citi-bike-nyc,Citi Bike,"New York, NY",US,a1625de29c6b12c7290b64b60b9b3f98,Fort Hamilton Pkwy & E 2 St,40.648005,-73.979342,10,8,18,2026-02-17 14:02:31.972405,2026-02-17 14:02:31.972406
citi-bike-nyc,Citi Bike,"New York, NY",US,a1ad1ac3be7f33a2cc2f64ca6201d296,Montrose Ave & Bushwick Ave,40.70767788,-73.94016171,34,6,40,2026-02-17 14:02:31.972407,2026-02-17 14:02:31.972408
citi-bike-nyc,Citi Bike,"New York, NY",US,a1e1474e726a9e1e8ca6b818faf25b39,Montague St & Clinton St,40.6942715,-73.9923272,6,37,43,2026-02-17 14:02:31.972413,2026-02-17 14:02:31.972414
citi-bike-nyc,Citi Bike,"New York, NY",US,a1e9b8cc62a5df9d6295b1dd3381ea6e,Willoughby Ave & Myrtle Ave,40.69757,-73.93098,2,15,17,2026-02-17 14:02:31.972415,2026-02-17 14:02:31.972416
citi-bike-nyc,Citi Bike,"New York, NY",US,a1f23edb96370a27313e114bb8bd69db,Wadsworth Ave & W 175 St,40.846052,-73.937648,2,21,23,2026-02-17 14:02:31.972418,2026-02-17 14:02:31.972419
citi-bike-nyc,Citi Bike,"New York, NY",US,a20facca52198267c8f202336b8e485e,Sedgwick Ave & Hall of Fame Terrace,40.859532,-73.913303,0,18,18,2026-02-17 14:02:31.972420,2026-02-17 14:02:31.972421
citi-bike-nyc,Citi Bike,"New York, NY",US,a2185e8994620b0287bd7bcc20322b85,98 St & 25 Ave,40.76454,-73.87171,2,16,18,2026-02-17 14:02:31.972422,2026-02-17 14:02:31.972423
citi-bike-nyc,Citi Bike,"New York, NY",US,a22253439cde1f4f3086877287f3d2fd,Park Ave & E 41 St,40.751581,-73.97791,86,20,106,2026-02-17 14:02:31.972430,2026-02-17 14:02:31.972431
citi-bike-nyc,Citi Bike,"New York, NY",US,a24eb2d540f94678f38225cf3115fbac,Jerome Ave & E 181 St,40.855653,-73.905528,6,9,15,2026-02-17 14:02:31.972433,2026-02-17 14:02:31.972434
citi-bike-nyc,Citi Bike,"New York, NY",US,a2762f79b31de6531e68f5b66613f14c,MacDonough St & Malcolm X Blvd,40.68273,-73.92926,4,15,19,2026-02-17 14:02:31.972435,2026-02-17 14:02:31.972436
citi-bike-nyc,Citi Bike,"New York, NY",US,a2853cbefb35e9223e2a1454fb4d3984,Kent Ave & Division Ave,40.706563674670925,-73.9683187007904,31,8,39,2026-02-17 14:02:31.972438,2026-02-17 14:02:31.972439
citi-bike-nyc,Citi Bike,"New York, NY",US,a28fea1a6f76ca2703fb1cc33c1c6167,Bailey Ave & W 234 St,40.88066,-73.90076,12,4,16,2026-02-17 14:02:31.972440,2026-02-17 14:02:31.972441
citi-bike-nyc,Citi Bike,"New York, NY",US,a2acfc021a2fdec0238af6110389dcc9,58 St & Pier 4,40.646475,-74.026081,25,1,26,2026-02-17 14:02:31.972443,2026-02-17 14:02:31.972444
citi-bike-nyc,Citi Bike,"New York, NY",US,a2edeb611fa10e38da57a31076320ba9,Rockaway Ave & Bainbridge St,40.68319988172761,-73.91166642308235,0,24,24,2026-02-17 14:02:31.972448,2026-02-17 14:02:31.972449
citi-bike-nyc,Citi Bike,"New York, NY",US,a32a0bc81efa81710c122341a7a4c643,Benham St & Roosevelt Ave,40.74841,-73.8751,0,23,23,2026-02-17 14:02:31.972451,2026-02-17 14:02:31.972452
citi-bike-nyc,Citi Bike,"New York, NY",US,a3318f733d174581f9a7417cc66cb16f,Naples Terrace & Godwin Terrace,40.87995,-73.90536,10,13,23,2026-02-17 14:02:31.972453,2026-02-17 14:02:31.972454
citi-bike-nyc,Citi Bike,"New York, NY",US,a350375466cc6ca0ebb140916c3a2257,Cherry St,40.71219906,-73.97948148,1,32,33,2026-02-17 14:02:31.972456,2026-02-17 14:02:31.972457
citi-bike-nyc,Citi Bike,"New York, NY",US,a37bc28d646bcc5ace87c0910a49eb06,73 St & 25 Ave,40.76205,-73.895,14,2,16,2026-02-17 14:02:31.972458,2026-02-17 14:02:31.972459
citi-bike-nyc,Citi Bike,"New York, NY",US,a3975184411300f349c9cbb50f0f4563,Lexington Ave & Classon Ave,40.68676793,-73.95928168,4,9,13,2026-02-17 14:02:31.972460,2026-02-17 14:02:31.972461
citi-bike-nyc,Citi Bike,"New York, NY",US,a39ac6e360688d2c2679ba2d7fe1f586,2 Ave & E 31 St,40.74299,-73.97711,0,68,68,2026-02-17 14:02:31.972466,2026-02-17 14:02:31.972467
citi-bike-nyc,Citi Bike,"New York, NY",US,a3faeb9d744abaae65d341c4f1a42d24,Broadway & W 38 St,40.7529728216068,-73.98734897375107,53,9,62,2026-02-17 14:02:31.972469,2026-02-17 14:02:31.972470
citi-bike-nyc,Citi Bike,"New York, NY",US,a417d116cf1e21cedc561c22015132ad,Bainbridge Ave & E 193 St,40.86415477605928,-73.892452880543,6,20,26,2026-02-17 14:02:31.972471,2026-02-17 14:02:31.972472
citi-bike-nyc,Citi Bike,"New York, NY",US,a422db3d02bdb9ce4208318f5e16c17b,Norfolk St & Broome St,40.7172274,-73.98802084,44,11,55,2026-02-17 14:02:31.972474,2026-02-17 14:02:31.972475
citi-bike-nyc,Citi Bike,"New York, NY",US,a44c13e0e8fba7b26df8ab766fe8f74d,34 Ave & 21 St,40.7628138,-73.9342862,3,20,23,2026-02-17 14:02:31.972476,2026-02-17 14:02:31.972477
citi-bike-nyc,Citi Bike,"New York, NY",US,a45f60a4044e4c110072dac59e6d5a75,Central Park W & W 76 St,40.77896784,-73.97374737,1,35,36,2026-02-17 14:02:31.972479,2026-02-17 14:02:31.972480
citi-bike-nyc,Citi Bike,"New York, NY",US,a46dcdf6da315eefa8af89effb2a9043,Park Pl & Thomas S. Boyland St,40.67154,-73.91433,9,13,22,2026-02-17 14:02:31.972481,2026-02-17 14:02:31.972482
citi-bike-nyc,Citi Bike,"New York, NY",US,a4ad57e547b1676336afb77d042a471e,Coffey St & Ferris St,40.67818387977647,-74.0170168876648,15,8,23,2026-02-17 14:02:31.972484,2026-02-17 14:02:31.972485
citi-bike-nyc,Citi Bike,"New York, NY",US,a4f1fa5b8dccf79237d5934c89b5f90b,100 St & Humphreys St,40.76574,-73.87012,5,18,23,2026-02-17 14:02:31.972486,2026-02-17 14:02:31.972487
citi-bike-nyc,Citi Bike,"New York, NY",US,a506b769f792329094cf33580e355f46,8 St & Astoria Blvd,40.7725996921817,-73.93266275525093,1,16,17,2026-02-17 14:02:31.972489,2026-02-17 14:02:31.972490
citi-bike-nyc,Citi Bike,"New York, NY",US,a50d93bc901a78bda3ca0b378b168fa7,Jackson Mill Rd & 24 Ave,40.76619,-73.87561,3,15,18,2026-02-17 14:02:31.972491,2026-02-17 14:02:31.972492
citi-bike-nyc,Citi Bike,"New York, NY",US,a51071afa04ac7a5eb1157951a7c94da,Nostrand Ave & Myrtle Ave,40.69527008,-73.95238108,7,15,22,2026-02-17 14:02:31.972496,2026-02-17 14:02:31.972497
citi-bike-nyc,Citi Bike,"New York, NY",US,a5725b6c30947559d2ecc49a28db3a54,Jerome Ave & Ogden Ave,40.829797,-73.931015,5,13,18,2026-02-17 14:02:31.972499,2026-02-17 14:02:31.972500
citi-bike-nyc,Citi Bike,"New York, NY",US,a579c6a8097904660dd5d2894abf4af4,Walton Ave & E 171 St,40.840683,-73.915073,2,14,16,2026-02-17 14:02:31.972502,2026-02-17 14:02:31.972503
citi-bike-nyc,Citi Bike,"New York, NY",US,a5a5842efcea2b33b02e27b494f60467,Van Brunt St & Van Dyke St,40.6758329439129,-74.01472628116608,17,0,17,2026-02-17 14:02:31.972504,2026-02-17 14:02:31.972505
citi-bike-nyc,Citi Bike,"New York, NY",US,a5c4f1fcc7d877dbfe8b983ad6648b81,7 Ave & Park Pl,40.6776147,-73.97324283,22,1,23,2026-02-17 14:02:31.972507,2026-02-17 14:02:31.972508
citi-bike-nyc,Citi Bike,"New York, NY",US,a5cdce2d8e4ea72cbe632d5d42995830,25 Ave & 96 St,40.76447,-73.87369,1,17,18,2026-02-17 14:02:31.972509,2026-02-17 14:02:31.972510
citi-bike-nyc,Citi Bike,"New York, NY",US,a5d2f365f79f4fa1fdaa94abadbc506c,Grand Concourse & E 161 St,40.82713380423556,-73.9227358996868,6,18,24,2026-02-17 14:02:31.972515,2026-02-17 14:02:31.972516
citi-bike-nyc,Citi Bike,"New York, NY",US,a5f13a5bce682c0f0520849b8d419912,W 37 St & 10 Ave,40.75660359,-73.9979009,8,19,27,2026-02-17 14:02:31.972517,2026-02-17 14:02:31.972518
citi-bike-nyc,Citi Bike,"New York, NY",US,a61251a4dea3b6107f49d62c21594096,St James Ave & 51 Ave,40.73813,-73.88104,20,0,20,2026-02-17 14:02:31.972520,2026-02-17 14:02:31.972521
citi-bike-nyc,Citi Bike,"New York, NY",US,a6284a38e5eb20898a1bf2d344979818,Lexington Ave & E 120 St,40.8013066,-73.9398167,11,17,28,2026-02-17 14:02:31.972522,2026-02-17 14:02:31.972523
citi-bike-nyc,Citi Bike,"New York, NY",US,a6295b3b3150ca31d0c3dbf6ca88d66f,Washington Pl & 6 Ave,40.73224119,-74.00026394,57,15,72,2026-02-17 14:02:31.972525,2026-02-17 14:02:31.972525
citi-bike-nyc,Citi Bike,"New York, NY",US,a6469932279f9109e72fb5f39387b9c6,E 155 St & Courtlandt Ave,40.82057,-73.917579,8,10,18,2026-02-17 14:02:31.972527,2026-02-17 14:02:31.972528
citi-bike-nyc,Citi Bike,"New York, NY",US,a6a9bb9a61be9e8cfb6013168fe2b250,Lenox Ave & W 130 St,40.8107922,-73.9430681,1,23,24,2026-02-17 14:02:31.972532,2026-02-17 14:02:31.972533
citi-bike-nyc,Citi Bike,"New York, NY",US,a6bbb46a7371b58bb8ccd9aca6f2083f,Water St & Fletcher St,40.706410755236135,-74.00559738278389,73,1,74,2026-02-17 14:02:31.972535,2026-02-17 14:02:31.972536
citi-bike-nyc,Citi Bike,"New York, NY",US,a6bd36bf42380d5e638614ab9ed4e1c8,W 163 St & Riverside Dr,40.839278,-73.945446,0,15,15,2026-02-17 14:02:31.972537,2026-02-17 14:02:31.972538
citi-bike-nyc,Citi Bike,"New York, NY",US,a6be0087b146f6b9c34595b460a327fe,Rogers Ave & Lincoln Rd,40.66127,-73.95352,8,11,19,2026-02-17 14:02:31.972540,2026-02-17 14:02:31.972541
citi-bike-nyc,Citi Bike,"New York, NY",US,a6c8e3397cd3c058c11ef1dda5380361,Kingston Ave & Herkimer St,40.67890679,-73.94142771,1,23,24,2026-02-17 14:02:31.972542,2026-02-17 14:02:31.972543
citi-bike-nyc,Citi Bike,"New York, NY",US,a6e6733c9cba6b297ee477d6031fcd05,Broadway & W 58 St,40.76695317,-73.98169333,23,52,75,2026-02-17 14:02:31.972550,2026-02-17 14:02:31.972551
citi-bike-nyc,Citi Bike,"New York, NY",US,a71ac277c068151817eea703b2286b83,11 Ave & W 41 St,40.76030096,-73.99884222,1,52,53,2026-02-17 14:02:31.972553,2026-02-17 14:02:31.972554
citi-bike-nyc,Citi Bike,"New York, NY",US,a72d9675f303811f4e8614c4b03b41d1,35 St & 23 Ave,40.77301508291382,-73.91119033098221,6,20,26,2026-02-17 14:02:31.972555,2026-02-17 14:02:31.972556
citi-bike-nyc,Citi Bike,"New York, NY",US,a74c4716aa7689b6812fd98dd5d7315d,Freeman St & Southern Blvd,40.830051,-73.892103,6,16,22,2026-02-17 14:02:31.972558,2026-02-17 14:02:31.972559
citi-bike-nyc,Citi Bike,"New York, NY",US,a7638c15dde84c27b842458a7aa12d6a,Underhill Ave & Lincoln Pl,40.6740123,-73.9671457,0,24,24,2026-02-17 14:02:31.972560,2026-02-17 14:02:31.972561
citi-bike-nyc,Citi Bike,"New York, NY",US,a76ab19c4509311cc751980108132140,Lexington Ave & E 127 St,40.805726,-73.936322,12,20,32,2026-02-17 14:02:31.972562,2026-02-17 14:02:31.972563
citi-bike-nyc,Citi Bike,"New York, NY",US,a7c64cef4d4206349f0caf0dcb6f5b3e,S 2 St & Kent Ave,40.714731,-73.966612,34,7,41,2026-02-17 14:02:31.972568,2026-02-17 14:02:31.972569
citi-bike-nyc,Citi Bike,"New York, NY",US,a7c8abafe4a9f624e51955acb4629e24,Seaman Ave & Beak St,40.867505,-73.926363,16,5,21,2026-02-17 14:02:31.972570,2026-02-17 14:02:31.972571
citi-bike-nyc,Citi Bike,"New York, NY",US,a7df126dc423385450b5a626993a1f1b,E 97 St & Madison Ave,40.787801,-73.953559,20,17,37,2026-02-17 14:02:31.972573,2026-02-17 14:02:31.972574
citi-bike-nyc,Citi Bike,"New York, NY",US,a7ee9ceb3e592d5336abd381333378e7,W 94 St & Central Park W,40.790431,-73.965894,2,39,41,2026-02-17 14:02:31.972575,2026-02-17 14:02:31.972576
citi-bike-nyc,Citi Bike,"New York, NY",US,a7f2fc9277b0a1366bd3cc1c9e6230da,Audubon Ave & W 179 St,40.847305,-73.933291,3,19,22,2026-02-17 14:02:31.972578,2026-02-17 14:02:31.972579
citi-bike-nyc,Citi Bike,"New York, NY",US,a827a3fefc743bbddf1f07d726f47992,Maple St & Albany Ave,40.66155,-73.93974,12,7,19,2026-02-17 14:02:31.972580,2026-02-17 14:02:31.972581
citi-bike-nyc,Citi Bike,"New York, NY",US,a8323c66237c000e5d1b78aada539ff2,Rugby Rd & Albemarle Rd,40.64672,-73.96637,8,6,14,2026-02-17 14:02:31.972583,2026-02-17 14:02:31.972584
citi-bike-nyc,Citi Bike,"New York, NY",US,a861c73bc7384f5e57f12c7c627e69ee,Carlton Ave & Greene Ave,40.685957,-73.971468,0,23,23,2026-02-17 14:02:31.972589,2026-02-17 14:02:31.972590
citi-bike-nyc,Citi Bike,"New York, NY",US,a89444bce544fefc23b7dc8d1bcc576f,Cypress Ave & St Felix Ave,40.69559,-73.89927,8,13,21,2026-02-17 14:02:31.972591,2026-02-17 14:02:31.972592
citi-bike-nyc,Citi Bike,"New York, NY",US,a8bd2f5a9e2dcd7966cd7b61499705be,Bleecker St & Forest Ave,40.7107,-73.90525,0,18,18,2026-02-17 14:02:31.972594,2026-02-17 14:02:31.972595
citi-bike-nyc,Citi Bike,"New York, NY",US,a8dee20d016ad4ee4c77c06885012ebc,Stanton St & Norfolk St,40.720747,-73.986274,24,19,43,2026-02-17 14:02:31.972596,2026-02-17 14:02:31.972597
citi-bike-nyc,Citi Bike,"New York, NY",US,a8e4749c71546b114fdd015fbdcb9279,Flushing Ave & Vanderbilt Ave,40.697950315695444,-73.97077560424805,12,13,25,2026-02-17 14:02:31.972599,2026-02-17 14:02:31.972600
citi-bike-nyc,Citi Bike,"New York, NY",US,a8e4f53caa637ea159141c4a55b7fa19,Jackson Square,40.71113,-74.0789,2,16,18,2026-02-17 14:02:31.972601,2026-02-17 14:02:31.972602
citi-bike-nyc,Citi Bike,"New York, NY",US,a8e4f5927117033cc82f2d9342c65fb0,W 15 St & 7 Ave,40.73935542,-73.99931783,47,17,64,2026-02-17 14:02:31.972607,2026-02-17 14:02:31.972608
citi-bike-nyc,Citi Bike,"New York, NY",US,a8e605c89489f9e84e9d454cb3c558ec,48 Ave & 37 St,40.74034668087185,-73.92886072397232,5,13,18,2026-02-17 14:02:31.972609,2026-02-17 14:02:31.972610
citi-bike-nyc,Citi Bike,"New York, NY",US,a8ea19aecda4dc5d5876f7cff807a6cd,Great Jones St,40.72743423,-73.99379025,16,1,17,2026-02-17 14:02:31.972611,2026-02-17 14:02:31.972613
citi-bike-nyc,Citi Bike,"New York, NY",US,a8f1b617368964ed2279c87ba55a5aa5,E 47 St & 2 Ave,40.75323098,-73.97032517,8,89,97,2026-02-17 14:02:31.972614,2026-02-17 14:02:31.972615
citi-bike-nyc,Citi Bike,"New York, NY",US,a9356db4b7061e9eba7362f7b1c8ec6f,Ocean Ave & Tennis Ct,40.64873,-73.96084,6,16,22,2026-02-17 14:02:31.972616,2026-02-17 14:02:31.972617
citi-bike-nyc,Citi Bike,"New York, NY",US,a93a18471a76622ed038d58f74c7984f,W 42 St & 8 Ave,40.7575699,-73.99098507,0,36,36,2026-02-17 14:02:31.972619,2026-02-17 14:02:31.972620
citi-bike-nyc,Citi Bike,"New York, NY",US,a978eea05ac18471df9fcfa1d85b0d35,MLK Dr & Bayview Ave,40.7071,-74.08335,0,15,15,2026-02-17 14:02:31.972624,2026-02-17 14:02:31.972625
citi-bike-nyc,Citi Bike,"New York, NY",US,a999dd9a65258568ccf72f79cf50f419,2 Ave & 36 St,40.65708866668485,-74.00870203971863,41,1,42,2026-02-17 14:02:31.972627,2026-02-17 14:02:31.972628
citi-bike-nyc,Citi Bike,"New York, NY",US,a9f9c3b031cea077a4497ff68c3a3722,W 44 St & 5 Ave,40.75500254,-73.98014437,60,2,62,2026-02-17 14:02:31.972629,2026-02-17 14:02:31.972630
citi-bike-nyc,Citi Bike,"New York, NY",US,aa043bff109abb8d571bdc1c6b7f1cfd,99 St & 50 Ave,40.74278,-73.86226,14,3,17,2026-02-17 14:02:31.972631,2026-02-17 14:02:31.972632
citi-bike-nyc,Citi Bike,"New York, NY",US,aa176b2a52937d4b34f64f618f26b36b,W 43 St & 6 Ave,40.75527307,-73.98316936,53,3,56,2026-02-17 14:02:31.972634,2026-02-17 14:02:31.972635
citi-bike-nyc,Citi Bike,"New York, NY",US,aa2c491ef78811c53a6bc53a2bfee1de,48 St & 50 Ave,40.73737,-73.91803,3,16,19,2026-02-17 14:02:31.972636,2026-02-17 14:02:31.972637
citi-bike-nyc,Citi Bike,"New York, NY",US,aa4320adaddb6fc9942641da37b25da3,Eastern Pkwy & Franklin Ave (SW Corner),40.670529,-73.958222,7,20,27,2026-02-17 14:02:31.972639,2026-02-17 14:02:31.972640
citi-bike-nyc,Citi Bike,"New York, NY",US,aa47f8edfa95a23dce371831a4fc2ec5,39 Ave & 45 St,40.749478221834764,-73.91826465725897,3,16,19,2026-02-17 14:02:31.972641,2026-02-17 14:02:31.972642
citi-bike-nyc,Citi Bike,"New York, NY",US,aa49e51183b5dfbeec64a2fa2efa2d14,34 St & 5 Ave,40.654098,-74.001131,15,2,17,2026-02-17 14:02:31.972644,2026-02-17 14:02:31.972645
citi-bike-nyc,Citi Bike,"New York, NY",US,aa51f178f636cc6e855d1743bc473681,E 4 St & 2 Ave,40.7262807,-73.98978041,36,18,54,2026-02-17 14:02:31.972646,2026-02-17 14:02:31.972647
citi-bike-nyc,Citi Bike,"New York, NY",US,aa6cc3b190e448daa1e02f1dcb1ff178,W Tremont Ave & Montgomery Ave,40.851788,-73.916418,7,13,20,2026-02-17 14:02:31.972648,2026-02-17 14:02:31.972649
citi-bike-nyc,Citi Bike,"New York, NY",US,aa73ebfa86ea839206e8f03315b42fc1,8 Ave & W 49 St,40.76171227910671,-73.98655101656914,38,15,53,2026-02-17 14:02:31.972651,2026-02-17 14:02:31.972652
citi-bike-nyc,Citi Bike,"New York, NY",US,aa9b9cd5f292a35a1a262c55cc472617,W 63 St & Broadway,40.77163851,-73.98261428,1,24,25,2026-02-17 14:02:31.972653,2026-02-17 14:02:31.972654
citi-bike-nyc,Citi Bike,"New York, NY",US,aaa0cc45f368c4eaec35dd98b85bb1c7,Madison St & 1 St,40.73879,-74.0393,3,18,21,2026-02-17 14:02:31.972659,2026-02-17 14:02:31.972660
citi-bike-nyc,Citi Bike,"New York, NY",US,ab01d973c0064b0da854c1c319f94bf6,Amsterdam Ave & W 162 St,40.83618,-73.939789,1,25,26,2026-02-17 14:02:31.972661,2026-02-17 14:02:31.972662
citi-bike-nyc,Citi Bike,"New York, NY",US,ab1dffd4d35e54e71933173187a69957,27 St & Hunter St,40.7485,-73.941275,21,12,33,2026-02-17 14:02:31.972666,2026-02-17 14:02:31.972667
citi-bike-nyc,Citi Bike,"New York, NY",US,aba78092b2557ebf2711c2422c8bfe1f,Madison Ave & E 51 St,40.75863,-73.97513,35,5,40,2026-02-17 14:02:31.972669,2026-02-17 14:02:31.972670
citi-bike-nyc,Citi Bike,"New York, NY",US,abc69ed93b17d3f2c7afa573c83f0057,Franklin Ave & Myrtle Ave,40.694546087246025,-73.95801365375519,6,20,26,2026-02-17 14:02:31.972671,2026-02-17 14:02:31.972672
citi-bike-nyc,Citi Bike,"New York, NY",US,abd23b6813ef9dc3a05be7382a4722c5,Halsey St & Ralph Ave,40.68494,-73.92299,2,17,19,2026-02-17 14:02:31.972676,2026-02-17 14:02:31.972677
citi-bike-nyc,Citi Bike,"New York, NY",US,abdbdefbbbba15c5980f2a3bd7f60e7a,34 Ave & 71 St,40.75257,-73.89538,12,10,22,2026-02-17 14:02:31.972679,2026-02-17 14:02:31.972680
citi-bike-nyc,Citi Bike,"New York, NY",US,abdcdbcf1151ca310c2178cca9324b94,W 54 St & 11 Ave,40.768333,-73.992573,4,52,56,2026-02-17 14:02:31.972681,2026-02-17 14:02:31.972682
citi-bike-nyc,Citi Bike,"New York, NY",US,ac0d0837f4506fca99ebcccce3bd6bd5,Union Ave & E 169 St,40.82995,-73.898802,1,17,18,2026-02-17 14:02:31.972684,2026-02-17 14:02:31.972685
citi-bike-nyc,Citi Bike,"New York, NY",US,ac46c485cfd7845ecbf66e45bd49e798,Pacific St & Nostrand Ave,40.6776,-73.94963,1,20,21,2026-02-17 14:02:31.972686,2026-02-17 14:02:31.972687
citi-bike-nyc,Citi Bike,"New York, NY",US,ac5b196873c4e9c2c080b16800ab6938,Newport Pkwy,40.7287448,-74.0321082,9,5,14,2026-02-17 14:02:31.972689,2026-02-17 14:02:31.972690
citi-bike-nyc,Citi Bike,"New York, NY",US,ac5c956abf7f95a75627664be5d7c200,Rivington St & Ridge St,40.71850211,-73.98329859,0,52,52,2026-02-17 14:02:31.972694,2026-02-17 14:02:31.972695
citi-bike-nyc,Citi Bike,"New York, NY",US,ac68dfa4207a1958a7813228fc89bb66,Stuyvesant Ave & Hart St,40.69465,-73.9343,7,19,26,2026-02-17 14:02:31.972697,2026-02-17 14:02:31.972698
citi-bike-nyc,Citi Bike,"New York, NY",US,acd2cd01340fd3fe767a77fb47f769ce,W 24 St & 7 Ave,40.74487634,-73.99529885,48,27,75,2026-02-17 14:02:31.972699,2026-02-17 14:02:31.972700
citi-bike-nyc,Citi Bike,"New York, NY",US,ad2075c2c33090fafd71673079fe6237,E 132 St & Madison Ave,40.810224,-73.937195,6,9,15,2026-02-17 14:02:31.972702,2026-02-17 14:02:31.972703
citi-bike-nyc,Citi Bike,"New York, NY",US,ad2ba3c3a144a2b962b4e90e976bcfd8,44 St & Greenpoint Ave,40.741119944681465,-73.92103672027588,1,23,24,2026-02-17 14:02:31.972704,2026-02-17 14:02:31.972705
citi-bike-nyc,Citi Bike,"New York, NY",US,ad4c20d69edd53cfe5ca4c03712b3584,31 Ave & 57 St,40.757357,-73.904726,2,21,23,2026-02-17 14:02:31.972706,2026-02-17 14:02:31.972707
citi-bike-nyc,Citi Bike,"New York, NY",US,ad585a32dc386834a7aa729363e8bcbe,E 53 St & Lexington Ave,40.75828065,-73.97069431,37,19,56,2026-02-17 14:02:31.972712,2026-02-17 14:02:31.972713
citi-bike-nyc,Citi Bike,"New York, NY",US,ad7dddd91d47826edfcbdcd82aa782bb,6 Ave & 74 St,40.629233,-74.019864,6,1,7,2026-02-17 14:02:31.972715,2026-02-17 14:02:31.972716
citi-bike-nyc,Citi Bike,"New York, NY",US,adf1220581da814b47eab6ddfcbed460,Duane St & Hudson St,40.71703,-74.00925,33,5,38,2026-02-17 14:02:31.972717,2026-02-17 14:02:31.972718
citi-bike-nyc,Citi Bike,"New York, NY",US,ae10e2c8fa433f8ca3265d344881c2aa,E Tremont Ave & E 176 St,40.847798,-73.901883,8,10,18,2026-02-17 14:02:31.972720,2026-02-17 14:02:31.972721
citi-bike-nyc,Citi Bike,"New York, NY",US,ae1bdd20f83eb7da803704a29dc044b5,E 102 St & Park Ave,40.7904828,-73.95033068,26,5,31,2026-02-17 14:02:31.972722,2026-02-17 14:02:31.972723
citi-bike-nyc,Citi Bike,"New York, NY",US,ae24ee4f57686e255f3357e47f1cfb3d,Henry St & Bay St,40.6725058,-74.00494695,14,2,16,2026-02-17 14:02:31.972725,2026-02-17 14:02:31.972726
citi-bike-nyc,Citi Bike,"New York, NY",US,ae38bc4a7c769240f65fe7245c049896,Crotona Ave & E 183 St,40.85157,-73.88475,4,19,23,2026-02-17 14:02:31.972727,2026-02-17 14:02:31.972728
citi-bike-nyc,Citi Bike,"New York, NY",US,ae3ef3ff55ba82b000d83c052e422265,Schenectady Ave & Pacific St,40.67686,-73.93327,1,16,17,2026-02-17 14:02:31.972730,2026-02-17 14:02:31.972731
citi-bike-nyc,Citi Bike,"New York, NY",US,ae5a91525ce119431f170f5b00ccfc8d,E 56 St & Madison Ave,40.761573,-73.972628,27,0,27,2026-02-17 14:02:31.972732,2026-02-17 14:02:31.972733
citi-bike-nyc,Citi Bike,"New York, NY",US,ae5c78ea6721e3f382ae62a113d398c7,W 155 St & Frederick Douglass Blvd,40.82923,-73.936996,8,22,30,2026-02-17 14:02:31.972735,2026-02-17 14:02:31.972736
citi-bike-nyc,Citi Bike,"New York, NY",US,ae609a555d5675e799a3b582a07444aa,Icahn Stadium Plaza,40.79322,-73.92396,16,2,18,2026-02-17 14:02:31.972737,2026-02-17 14:02:31.972738
citi-bike-nyc,Citi Bike,"New York, NY",US,ae7fd6bb8eef6409db0878a24c0cd0f9,Monroe St & 11 St,40.7501091128573,-74.036636745998,14,6,20,2026-02-17 14:02:31.972740,2026-02-17 14:02:31.972741
citi-bike-nyc,Citi Bike,"New York, NY",US,ae9a9c4ce9623b172f0ca91825aa0825,Greenwich St & W Houston St,40.728846,-74.008591,63,10,73,2026-02-17 14:02:31.972742,2026-02-17 14:02:31.972743
citi-bike-nyc,Citi Bike,"New York, NY",US,aea47cc4942c5b3137f63e2af874dbaf,Columbia St & Rivington St,40.71739973,-73.98016555,10,30,40,2026-02-17 14:02:31.972745,2026-02-17 14:02:31.972746
citi-bike-nyc,Citi Bike,"New York, NY",US,aeb93a8d57d43e2dce17f91be57d0b4a,DeKalb Ave & S Portland Ave,40.68967018552252,-73.97527355121376,8,14,22,2026-02-17 14:02:31.972747,2026-02-17 14:02:31.972748
citi-bike-nyc,Citi Bike,"New York, NY",US,aece94aba5628d18ff397efd44cd1b83,Catherine St & Monroe St,40.71117444,-73.99682619,24,8,32,2026-02-17 14:02:31.972749,2026-02-17 14:02:31.972750
citi-bike-nyc,Citi Bike,"New York, NY",US,af27aebf6963cb5b2a4227a43cfd5712,Cliff St & Fulton St,40.70838,-74.00495,63,1,64,2026-02-17 14:02:31.972752,2026-02-17 14:02:31.972753
citi-bike-nyc,Citi Bike,"New York, NY",US,af52b2ea7e80a75630f16894572f9b6c,Fairmount Ave,40.72572613742557,-74.07195925712585,1,17,18,2026-02-17 14:02:31.972755,2026-02-17 14:02:31.972756
citi-bike-nyc,Citi Bike,"New York, NY",US,af95427f31778f6ebe2a240ee2d462d9,Suffolk St & Stanton St,40.72066442,-73.98517977,10,67,77,2026-02-17 14:02:31.972758,2026-02-17 14:02:31.972759
citi-bike-nyc,Citi Bike,"New York, NY",US,afa1b93169dfb48785bafbfaf57049e3,E Mosholu Pkwy & Van Cortlandt Ave E,40.87656,-73.88366,7,13,20,2026-02-17 14:02:31.972760,2026-02-17 14:02:31.972761
citi-bike-nyc,Citi Bike,"New York, NY",US,afff19d6092a6f1e335cd9a5d488fe93,E 147 St & Bergen Ave,40.814673,-73.91839,6,18,24,2026-02-17 14:02:31.972764,2026-02-17 14:02:31.972765
citi-bike-nyc,Citi Bike,"New York, NY",US,b00507358ec59a22b26cb9cb58211b12,E 138 St & Grand Concourse,40.813224,-73.930605,16,3,19,2026-02-17 14:02:31.972766,2026-02-17 14:02:31.972767
citi-bike-nyc,Citi Bike,"New York, NY",US,b0121f78921cea05c41afc050cdbfb11,46 St & 6 Ave,40.645921,-74.005708,3,16,19,2026-02-17 14:02:31.972769,2026-02-17 14:02:31.972770
citi-bike-nyc,Citi Bike,"New York, NY",US,b0803dea97b16a61cf0f15e2ddf8a11e,St Ann's Ave & E 144 St,40.811112,-73.914932,11,7,18,2026-02-17 14:02:31.972772,2026-02-17 14:02:31.972773
citi-bike-nyc,Citi Bike,"New York, NY",US,b0bb2cbe5196725e0445efc70c2c2bab,31 St & Northern Blvd,40.75186951421875,-73.93349289894103,12,22,34,2026-02-17 14:02:31.972775,2026-02-17 14:02:31.972776
citi-bike-nyc,Citi Bike,"New York, NY",US,b1172011d4194e5367dbe8a186c1b7db,Riverside Dr & W 91 St,40.79313480986663,-73.97700369358063,8,50,58,2026-02-17 14:02:31.972779,2026-02-17 14:02:31.972780
citi-bike-nyc,Citi Bike,"New York, NY",US,b1174251eded1f916a7f507ead116fc5,Christopher St & Greenwich St,40.73291553,-74.00711384,2,63,65,2026-02-17 14:02:31.972781,2026-02-17 14:02:31.972782
citi-bike-nyc,Citi Bike,"New York, NY",US,b11756ef9fa4419757a59d7d832d0875,Washington Pl & Greene St,40.72980619180496,-73.99546380915461,43,0,43,2026-02-17 14:02:31.972784,2026-02-17 14:02:31.972785
citi-bike-nyc,Citi Bike,"New York, NY",US,b14edc1ece9991f3a55c449c06603703,E 170 St & Clay Ave,40.837213,-73.908345,2,22,24,2026-02-17 14:02:31.972789,2026-02-17 14:02:31.972790
citi-bike-nyc,Citi Bike,"New York, NY",US,b18df89bcbe5daae576244c034034e3f,Gerard Ave & E 146 St,40.817755,-73.92965,7,7,14,2026-02-17 14:02:31.972792,2026-02-17 14:02:31.972793
citi-bike-nyc,Citi Bike,"New York, NY",US,b18e9ea315e1d5f6847ed907a7e50563,Dixon Mills,40.721630142638354,-74.04996782541275,7,8,15,2026-02-17 14:02:31.972795,2026-02-17 14:02:31.972796
citi-bike-nyc,Citi Bike,"New York, NY",US,b1b27b23c3eefe90e781026f7819d5ad,5 Ave & 3 St,40.6728155,-73.98352355,10,16,26,2026-02-17 14:02:31.972797,2026-02-17 14:02:31.972798
citi-bike-nyc,Citi Bike,"New York, NY",US,b1b6dafb46758c95e85037ddb30c4787,Woodward Ave & Harman St,40.70793,-73.91092,1,18,19,2026-02-17 14:02:31.972800,2026-02-17 14:02:31.972801
citi-bike-nyc,Citi Bike,"New York, NY",US,b1d0b09288c4e1a95e7ad57a127e4c5a,Grove St & Fresh Pond Rd,40.71032,-73.89955,0,17,17,2026-02-17 14:02:31.972802,2026-02-17 14:02:31.972803
citi-bike-nyc,Citi Bike,"New York, NY",US,b1e442f406e0d21507d12cf52c2b1466,N 5 St & Wythe Ave,40.718389,-73.961501,36,1,37,2026-02-17 14:02:31.972807,2026-02-17 14:02:31.972808
citi-bike-nyc,Citi Bike,"New York, NY",US,b1e9612ff834ff526c3b54562c4e9ef9,Columbia St & W 9 St,40.6769993,-74.00647134,19,2,21,2026-02-17 14:02:31.972810,2026-02-17 14:02:31.972811
citi-bike-nyc,Citi Bike,"New York, NY",US,b208a0cc0d98553ac4d98441bd0080a9,Columbia St & Degraw St,40.6859296,-74.00242364,10,8,18,2026-02-17 14:02:31.972812,2026-02-17 14:02:31.972813
citi-bike-nyc,Citi Bike,"New York, NY",US,b20b28529e5a4f53f3854c34f903fd3d,Clay Ave & Claremont Pkwy,40.83999,-73.90549,4,16,20,2026-02-17 14:02:31.972815,2026-02-17 14:02:31.972816
citi-bike-nyc,Citi Bike,"New York, NY",US,b21117016c7231dac03f524390e2e8db,Madison Ave & E 99 St,40.78948541553215,-73.95242929458618,0,0,0,2026-02-17 14:02:31.972817,2026-02-17 14:02:31.972818
citi-bike-nyc,Citi Bike,"New York, NY",US,b21bbe51d3f2d4bcf1e4279932a11c08,Washington St & Gansevoort St,40.739323,-74.008119,19,28,47,2026-02-17 14:02:31.972820,2026-02-17 14:02:31.972821
citi-bike-nyc,Citi Bike,"New York, NY",US,b21e633356b3d8ae185b2a1dc4eb18a6,St Marks Pl & 2 Ave,40.7284186,-73.98713956,49,21,70,2026-02-17 14:02:31.972826,2026-02-17 14:02:31.972827
citi-bike-nyc,Citi Bike,"New York, NY",US,b298d4e026b8cace01b5c031c9c0a8bd,Lincoln Pl & Classon Ave,40.6721683,-73.9609,2,23,25,2026-02-17 14:02:31.972828,2026-02-17 14:02:31.972829
citi-bike-nyc,Citi Bike,"New York, NY",US,b2d1b57b5ff9537e93498bfcafb1e7db,Keegan Rd & 2 Ave,40.64243139706092,-74.0255355834961,33,0,33,2026-02-17 14:02:31.972831,2026-02-17 14:02:31.972832
citi-bike-nyc,Citi Bike,"New York, NY",US,b2da7dc686ff209a4e9e067067ab6537,Lexington Ave & E 26 St,40.741459,-73.983293,29,47,76,2026-02-17 14:02:31.972833,2026-02-17 14:02:31.972834
citi-bike-nyc,Citi Bike,"New York, NY",US,b30d056e88bffed29b2838d41cba4dde,Broadway & W 185 St,40.852538,-73.93441,1,20,21,2026-02-17 14:02:31.972836,2026-02-17 14:02:31.972837
citi-bike-nyc,Citi Bike,"New York, NY",US,b32f389015b6433063f2639767b4a1c5,Lenox Ave & W 133 St,40.81296,-73.941878,2,20,22,2026-02-17 14:02:31.972838,2026-02-17 14:02:31.972839
citi-bike-nyc,Citi Bike,"New York, NY",US,b33008606a044d56a407b48f3341d25e,Bergen St & Troy Ave,40.67524,-73.93596,3,19,22,2026-02-17 14:02:31.972844,2026-02-17 14:02:31.972845
citi-bike-nyc,Citi Bike,"New York, NY",US,b34976c728b08c32118a701422920d23,Atlantic Ave & Fort Greene Pl,40.68382604,-73.97632328,46,13,59,2026-02-17 14:02:31.972847,2026-02-17 14:02:31.972848
citi-bike-nyc,Citi Bike,"New York, NY",US,b3e44987e035133008966ca283c70214,E 128 St & 3 Ave,40.805631,-73.934077,10,7,17,2026-02-17 14:02:31.972849,2026-02-17 14:02:31.972850
citi-bike-nyc,Citi Bike,"New York, NY",US,b3eaf11b7cc0a60501fbf8d5eace7e33,St Nicholas Ave & W 134 St,40.816234,-73.948222,4,21,25,2026-02-17 14:02:31.972851,2026-02-17 14:02:31.972852
citi-bike-nyc,Citi Bike,"New York, NY",US,b403bf73c64da4222ff782e461c685ea,E 106 St & Madison Ave,40.7934337,-73.94945003,7,18,25,2026-02-17 14:02:31.972854,2026-02-17 14:02:31.972855
citi-bike-nyc,Citi Bike,"New York, NY",US,b41b2fbef248257985d2e69d3cd81925,Lafayette Park,40.71346382669195,-74.06285852193832,2,11,13,2026-02-17 14:02:31.972856,2026-02-17 14:02:31.972857
citi-bike-nyc,Citi Bike,"New York, NY",US,b42034a8598d01c97d2fcc957369fe8f,Lincoln Ave & E 134 St,40.808484,-73.928803,11,5,16,2026-02-17 14:02:31.972861,2026-02-17 14:02:31.972862
citi-bike-nyc,Citi Bike,"New York, NY",US,b42c6731e2904fd95fdabe51cc3a7a71,Intervale Ave & Kelly St,40.827301,-73.896372,1,14,15,2026-02-17 14:02:31.972863,2026-02-17 14:02:31.972864
citi-bike-nyc,Citi Bike,"New York, NY",US,b44b1c8964417a901021e3e88934ce0f,3 Ave & E 71 St,40.76879,-73.9614,22,20,42,2026-02-17 14:02:31.972866,2026-02-17 14:02:31.972867
citi-bike-nyc,Citi Bike,"New York, NY",US,b46ff49d0e1e8b6e4c6adb77da2f6e72,53 St & 4 Ave,40.644862,-74.014531,2,22,24,2026-02-17 14:02:31.972868,2026-02-17 14:02:31.972869
citi-bike-nyc,Citi Bike,"New York, NY",US,b49a8857cb598fc8b1d1f168f537ee64,10 Ave & W 28 St,40.75066386,-74.00176802,18,29,47,2026-02-17 14:02:31.972871,2026-02-17 14:02:31.972872
citi-bike-nyc,Citi Bike,"New York, NY",US,b4a9262dabad6a99667376394c5bb459,Goulden Ave & Bedford Park Blvd,40.87387,-73.89533,1,15,16,2026-02-17 14:02:31.972873,2026-02-17 14:02:31.972874
citi-bike-nyc,Citi Bike,"New York, NY",US,b4b6c2f152fb4249dbcf77bde1539acd,Bushwick Ave & Dekalb Ave,40.69502,-73.92825,9,17,26,2026-02-17 14:02:31.972879,2026-02-17 14:02:31.972880
citi-bike-nyc,Citi Bike,"New York, NY",US,b4d730fd6a9238ffa183bd5e7efcc807,West Thames St,40.70834698,-74.01713445,45,25,70,2026-02-17 14:02:31.972882,2026-02-17 14:02:31.972883
citi-bike-nyc,Citi Bike,"New York, NY",US,b4e7ad7574adbfb9ae6f6303c3e51ab7,Allen St & Stanton St,40.722055,-73.989111,38,11,49,2026-02-17 14:02:31.972884,2026-02-17 14:02:31.972885
citi-bike-nyc,Citi Bike,"New York, NY",US,b514523a295a23616e434d2b7fcd308d,W 21 St & 6 Ave,40.74173969,-73.99415556,65,1,66,2026-02-17 14:02:31.972886,2026-02-17 14:02:31.972887
citi-bike-nyc,Citi Bike,"New York, NY",US,b5237f73f14d31cd67a37c5524f91a65,E 63 St & 3 Ave,40.763954,-73.9646,3,24,27,2026-02-17 14:02:31.972889,2026-02-17 14:02:31.972890
citi-bike-nyc,Citi Bike,"New York, NY",US,b52b86808db0abf773e96072cec022fb,Grand Concourse & E 192 St,40.86448,-73.89522,0,15,15,2026-02-17 14:02:31.972891,2026-02-17 14:02:31.972892
citi-bike-nyc,Citi Bike,"New York, NY",US,b52f8bdc65abcaa1d8fa00d4dfd42058,Skillman Ave & 43 Ave,40.74653761978055,-73.93215849995613,3,14,17,2026-02-17 14:02:31.972897,2026-02-17 14:02:31.972898
citi-bike-nyc,Citi Bike,"New York, NY",US,b56a8b44d4bc6a3a3fc6de0e5d599001,Ogden Ave & W 164 St,40.832812,-73.929372,2,16,18,2026-02-17 14:02:31.972901,2026-02-17 14:02:31.972902
citi-bike-nyc,Citi Bike,"New York, NY",US,b581212d8e409d274396846351f39cf6,30 Ave & 80 St,40.76109,-73.88838,11,8,19,2026-02-17 14:02:31.972903,2026-02-17 14:02:31.972904
citi-bike-nyc,Citi Bike,"New York, NY",US,b5af08d02717e2d41a6433db456bf30d,E 14 St & Ave B,40.72938685,-73.97772429,1,25,26,2026-02-17 14:02:31.972906,2026-02-17 14:02:31.972907
citi-bike-nyc,Citi Bike,"New York, NY",US,b5b45297e6220215795f1845c6e96d2a,34 Ave & 31 St,40.759604471387945,-73.92714411020279,2,16,18,2026-02-17 14:02:31.972908,2026-02-17 14:02:31.972909
citi-bike-nyc,Citi Bike,"New York, NY",US,b5c4ad1cbac234b67785a1ab920eb044,Jefferson St & Cypress Ave,40.70907,-73.92157,21,3,24,2026-02-17 14:02:31.972915,2026-02-17 14:02:31.972916
citi-bike-nyc,Citi Bike,"New York, NY",US,b5d84937701887fb44b939b2253877f4,93 St & Roosevelt Ave,40.74888,-73.87368,6,18,24,2026-02-17 14:02:31.972917,2026-02-17 14:02:31.972918
citi-bike-nyc,Citi Bike,"New York, NY",US,b5fd6d0db94ef14f6632e46f6fcf25db,E 5 St & Ave A,40.72479007746337,-73.98430064320564,14,33,47,2026-02-17 14:02:31.972920,2026-02-17 14:02:31.972921
citi-bike-nyc,Citi Bike,"New York, NY",US,b5fd87082aec618e7ec1dc820970d2e6,111 St & 53 Ave,40.74336,-73.85129,14,9,23,2026-02-17 14:02:31.972922,2026-02-17 14:02:31.972923
citi-bike-nyc,Citi Bike,"New York, NY",US,b5ff383e304fe0ef6022e0e3279bcb5d,Irving Ave & Halsey St,40.69467,-73.90663,6,11,17,2026-02-17 14:02:31.972925,2026-02-17 14:02:31.972926
citi-bike-nyc,Citi Bike,"New York, NY",US,b61167d0bbfad45be37a06681b244715,Intervale Ave & Westchester Ave,40.821967,-73.896752,21,0,21,2026-02-17 14:02:31.972927,2026-02-17 14:02:31.972928
citi-bike-nyc,Citi Bike,"New York, NY",US,b6215630c1a91b0ba85a9b74d286c1b9,Gansevoort St & Hudson St,40.73937600789778,-74.00520807425661,62,56,118,2026-02-17 14:02:31.972930,2026-02-17 14:02:31.972931
citi-bike-nyc,Citi Bike,"New York, NY",US,b63b2c04615217e09b73b5c4638757b6,34 Ave & 113 St,40.75696,-73.85612,5,15,20,2026-02-17 14:02:31.972932,2026-02-17 14:02:31.972933
citi-bike-nyc,Citi Bike,"New York, NY",US,b63e43049eb6092cb15ed0bd21a66a9c,45 Ave & 21 St,40.74737075646803,-73.94777297973631,17,0,17,2026-02-17 14:02:31.972935,2026-02-17 14:02:31.972936
citi-bike-nyc,Citi Bike,"New York, NY",US,b652cc4639ba4ac12b23a522b7d76a63,Onderdonk Ave & Dekalb Ave,40.70863,-73.91497,7,10,17,2026-02-17 14:02:31.972937,2026-02-17 14:02:31.972938
citi-bike-nyc,Citi Bike,"New York, NY",US,b67f23cbe278f9942e01debc56f75c7c,W 168 St & Fort Washington Ave,40.84210236102173,-73.9422395825386,5,38,43,2026-02-17 14:02:31.972940,2026-02-17 14:02:31.972941
citi-bike-nyc,Citi Bike,"New York, NY",US,b68c744b2e58fd81abcc95dcab0bde15,Center Blvd & 51 Ave,40.743366080270214,-73.95960688591003,7,13,20,2026-02-17 14:02:31.972945,2026-02-17 14:02:31.972946
citi-bike-nyc,Citi Bike,"New York, NY",US,b69d830a701a1fceb2a474097d48c449,Myrtle Ave & Marcy Ave,40.69539817,-73.94954908,9,13,22,2026-02-17 14:02:31.972947,2026-02-17 14:02:31.972948
citi-bike-nyc,Citi Bike,"New York, NY",US,b6b4bf03053d00d53671225b4b510c9f,E 167 St & Clay Ave,40.83094,-73.91125,15,9,24,2026-02-17 14:02:31.972950,2026-02-17 14:02:31.972951
citi-bike-nyc,Citi Bike,"New York, NY",US,b6cbe2eb5694558fd79d29205796a3b0,79 St & 37 Ave,40.74937,-73.88714,4,15,19,2026-02-17 14:02:31.972952,2026-02-17 14:02:31.972953
citi-bike-nyc,Citi Bike,"New York, NY",US,b6d8f527e18cf6480eee00936e1b6e82,Reade St & Broadway,40.71450451,-74.00562789,49,9,58,2026-02-17 14:02:31.972955,2026-02-17 14:02:31.972968
citi-bike-nyc,Citi Bike,"New York, NY",US,b6dae1e4b20577397c08d443dd0951fe,Crotona Ave & E 179 St,40.84666,-73.88991,4,15,19,2026-02-17 14:02:31.972979,2026-02-17 14:02:31.972981
citi-bike-nyc,Citi Bike,"New York, NY",US,b6ebab5f699da667395ee8532ba94ee5,Nevins St & Schermerhorn St,40.68737247650719,-73.98176059126854,17,10,27,2026-02-17 14:02:31.972983,2026-02-17 14:02:31.972984
citi-bike-nyc,Citi Bike,"New York, NY",US,b6ee6304909745cc378ed04acddccaa1,Menahan St & Seneca Ave,40.70461,-73.91054,2,12,14,2026-02-17 14:02:31.972986,2026-02-17 14:02:31.972987
citi-bike-nyc,Citi Bike,"New York, NY",US,b6f86fef55c3dcd7a078eb0e1dbd2ed1,Park Ave & E Tremont Ave,40.84731,-73.89981,19,2,21,2026-02-17 14:02:31.972989,2026-02-17 14:02:31.972990
citi-bike-nyc,Citi Bike,"New York, NY",US,b710b61e8a2c5f12b4f87a88e6700767,60 St & 60 Rd,40.71592232709503,-73.90601366758347,11,6,17,2026-02-17 14:02:31.972991,2026-02-17 14:02:31.972992
citi-bike-nyc,Citi Bike,"New York, NY",US,b7127025dcc121da9f50c33c77e3b8b6,Adam Clayton Powell Blvd & W 151 St,40.825289,-73.936232,9,9,18,2026-02-17 14:02:31.972994,2026-02-17 14:02:31.972995
citi-bike-nyc,Citi Bike,"New York, NY",US,b722d25a52ba0a6abb59e544312d155f,Allen St & Hester St,40.71606,-73.99191,67,42,109,2026-02-17 14:02:31.972996,2026-02-17 14:02:31.972997
citi-bike-nyc,Citi Bike,"New York, NY",US,b784c81c2bad68ffb7141fc673054068,Carlton Ave & Dean St,40.6809741,-73.9710097,5,25,30,2026-02-17 14:02:31.972999,2026-02-17 14:02:31.973000
citi-bike-nyc,Citi Bike,"New York, NY",US,b7f021000bb8a526b055a18436da1402,Lincoln Rd & Ocean Ave,40.6605,-73.9626,15,4,19,2026-02-17 14:02:31.973002,2026-02-17 14:02:31.973003
citi-bike-nyc,Citi Bike,"New York, NY",US,b7f0ddf33c64476f859253778189bc66,Fresh Pond Rd & Eliot Ave,40.71442,-73.90097,16,3,19,2026-02-17 14:02:31.973004,2026-02-17 14:02:31.973005
citi-bike-nyc,Citi Bike,"New York, NY",US,b81797e6378c04d7b753489b5032d4fb,Broadway & Van Cortlandt Park S,40.8863,-73.8997,25,8,33,2026-02-17 14:02:31.973007,2026-02-17 14:02:31.973008
citi-bike-nyc,Citi Bike,"New York, NY",US,b8235d3025c1626351d5291f4f5e14b3,E 98 St & Park Ave,40.78813,-73.95206,12,11,23,2026-02-17 14:02:31.973009,2026-02-17 14:02:31.973010
citi-bike-nyc,Citi Bike,"New York, NY",US,b836b664ab3ad75720121abf2b8b6e10,Lincoln Park,40.7246050998869,-74.07840594649315,16,2,18,2026-02-17 14:02:31.973011,2026-02-17 14:02:31.973012
citi-bike-nyc,Citi Bike,"New York, NY",US,b866fd12963441fdd7d7175f4f0ecb06,Stanhope St & Fairview Ave,40.70998,-73.91116,2,15,17,2026-02-17 14:02:31.973014,2026-02-17 14:02:31.973015
citi-bike-nyc,Citi Bike,"New York, NY",US,b8a38fda3dec483de10f763b4bfff1fd,Westchester Ave & Longwood Ave,40.819701,-73.901311,4,19,23,2026-02-17 14:02:31.973016,2026-02-17 14:02:31.973017
citi-bike-nyc,Citi Bike,"New York, NY",US,b8f8ebf2786573a65dd5c0703e7e956c,Dean St & Hoyt St,40.6864442,-73.98759104,58,16,74,2026-02-17 14:02:31.973021,2026-02-17 14:02:31.973022
citi-bike-nyc,Citi Bike,"New York, NY",US,b8f948658256ecfa0c2c9b01e5ebd279,3 Ave & 81 St,40.627,-74.02948,2,12,14,2026-02-17 14:02:31.973023,2026-02-17 14:02:31.973024
citi-bike-nyc,Citi Bike,"New York, NY",US,b8fc17ab81835be5d08462f1cb95d49b,Pearl St & York St,40.70140463410644,-73.98768022656441,52,0,52,2026-02-17 14:02:31.973026,2026-02-17 14:02:31.973027
citi-bike-nyc,Citi Bike,"New York, NY",US,b901640e86c42dacd4cbddaf182c3a2b,W 34 St & Hudson Blvd E,40.75516719072139,-74.00059908628464,19,15,34,2026-02-17 14:02:31.973029,2026-02-17 14:02:31.973030
citi-bike-nyc,Citi Bike,"New York, NY",US,b94215d7a541d7ddbc09320a31acc292,W 48 St &  Rockefeller Plaza,40.75776935448309,-73.97929430007935,17,34,51,2026-02-17 14:02:31.973031,2026-02-17 14:02:31.973032
citi-bike-nyc,Citi Bike,"New York, NY",US,b952c5211a765ab28d62a76358a79987,E 3 St & Church Ave,40.643817,-73.977433,18,2,20,2026-02-17 14:02:31.973037,2026-02-17 14:02:31.973038
citi-bike-nyc,Citi Bike,"New York, NY",US,b97c016089ba943f65ec8fdc3a2ee98f,72 St & 41 Ave,40.7448,-73.89377,6,20,26,2026-02-17 14:02:31.973040,2026-02-17 14:02:31.973041
citi-bike-nyc,Citi Bike,"New York, NY",US,b9aa21463944fa7cff78f632b429d24f,Willoughby St & Ashland Pl,40.69178,-73.97877,11,19,30,2026-02-17 14:02:31.973042,2026-02-17 14:02:31.973043
citi-bike-nyc,Citi Bike,"New York, NY",US,b9c8166717f634adb7edbb93b3eb2fc1,4 St & River St,40.7408139,-74.0274062,12,1,13,2026-02-17 14:02:31.973045,2026-02-17 14:02:31.973046
citi-bike-nyc,Citi Bike,"New York, NY",US,b9f517fa47b93c30fb8a21816db17b4a,Goulden Ave & W 197 St,40.87156,-73.89714,3,12,15,2026-02-17 14:02:31.973047,2026-02-17 14:02:31.973048
citi-bike-nyc,Citi Bike,"New York, NY",US,ba0e3100fb75454fedddd495bf68203d,34 Ave & 89 St,40.75437,-73.87833,1,20,21,2026-02-17 14:02:31.973054,2026-02-17 14:02:31.973055
citi-bike-nyc,Citi Bike,"New York, NY",US,ba3c3ac33c72af41778efdd7fb21098d,56 St & Arnold Ave,40.71484,-73.909,8,4,12,2026-02-17 14:02:31.973056,2026-02-17 14:02:31.973057
citi-bike-nyc,Citi Bike,"New York, NY",US,ba3fe4ed5af308a4c0f9426bcfbff46f,55 Ave & 97 Pl,40.73892,-73.86367,15,1,16,2026-02-17 14:02:31.973058,2026-02-17 14:02:31.973059
citi-bike-nyc,Citi Bike,"New York, NY",US,ba40eb4b37cbb1c6b33a1ca08851d900,43 St & 37 Ave,40.750181,-73.919998,3,16,19,2026-02-17 14:02:31.973061,2026-02-17 14:02:31.973062
citi-bike-nyc,Citi Bike,"New York, NY",US,ba7e6eb2ffeb0ca94c6ec9fa58496c91,34 Ave & 38 St,40.75717,-73.92175,20,10,30,2026-02-17 14:02:31.973063,2026-02-17 14:02:31.973064
citi-bike-nyc,Citi Bike,"New York, NY",US,ba9372b3d7fe782a613a5a2b770d0638,Greene St & Prince St,40.72511734422387,-73.99930492043495,20,3,23,2026-02-17 14:02:31.973066,2026-02-17 14:02:31.973067
citi-bike-nyc,Citi Bike,"New York, NY",US,bac1c32078c7cdf156001da137163267,Grand Concourse & E 184 St,40.85941,-73.8985,3,20,23,2026-02-17 14:02:31.973071,2026-02-17 14:02:31.973072
citi-bike-nyc,Citi Bike,"New York, NY",US,bae8eb536a15b565e28d44a2db10bc9a,29 St & 5 Ave,40.656986,-73.998194,17,1,18,2026-02-17 14:02:31.973074,2026-02-17 14:02:31.973075
citi-bike-nyc,Citi Bike,"New York, NY",US,bb15b2aed3271ec69b6134dd3d355a31,12 Ave & W 125 St,40.818299,-73.960405,20,15,35,2026-02-17 14:02:31.973076,2026-02-17 14:02:31.973077
citi-bike-nyc,Citi Bike,"New York, NY",US,bb24afbebd5d2bef22459dd3f7222574,E 85 St & 3 Ave,40.77801203,-73.95407149,22,7,29,2026-02-17 14:02:31.973079,2026-02-17 14:02:31.973080
citi-bike-nyc,Citi Bike,"New York, NY",US,bb6f04a6011f167df66a6562278f776c,St Nicholas Ave & W 126 St,40.8114323,-73.9518776,7,37,44,2026-02-17 14:02:31.973081,2026-02-17 14:02:31.973082
citi-bike-nyc,Citi Bike,"New York, NY",US,bb86d66400807bfca682ab36742ad889,Sedgwick Ave & Giles Pl,40.88111,-73.8965,2,15,17,2026-02-17 14:02:31.973084,2026-02-17 14:02:31.973085
citi-bike-nyc,Citi Bike,"New York, NY",US,bb94f958fc33b15d49086acc744f59e0,9 St HBLR - Jackson St & 8 St,40.74790720968899,-74.03841152787209,11,7,18,2026-02-17 14:02:31.973086,2026-02-17 14:02:31.973087
citi-bike-nyc,Citi Bike,"New York, NY",US,bb9e5d1bb0fbd2c884eac8170a93c04f,St Marks Pl & 4 Ave,40.68197,-73.98034,5,6,11,2026-02-17 14:02:31.973089,2026-02-17 14:02:31.973090
citi-bike-nyc,Citi Bike,"New York, NY",US,bbd241a691b0736801b4a59ba16ee4fd,Fulton St & Waverly Ave,40.683238654603414,-73.96599590778351,1,29,30,2026-02-17 14:02:31.973091,2026-02-17 14:02:31.973092
citi-bike-nyc,Citi Bike,"New York, NY",US,bbe7cb590904449921a5172bd866d907,24 St & 41 Ave,40.7527085,-73.9397405,5,11,16,2026-02-17 14:02:31.973094,2026-02-17 14:02:31.973095
citi-bike-nyc,Citi Bike,"New York, NY",US,bc05be112e18306e55314b793b6b162c,Jerome Ave & E 164 St,40.831444,-73.926226,9,9,18,2026-02-17 14:02:31.973096,2026-02-17 14:02:31.973097
citi-bike-nyc,Citi Bike,"New York, NY",US,bc1319b1d95ef9e86d3bf0734c4c6170,Bayard St & Baxter St,40.71602118,-73.99974372,38,2,40,2026-02-17 14:02:31.973102,2026-02-17 14:02:31.973103
citi-bike-nyc,Citi Bike,"New York, NY",US,bc26b2c08c620b869754cac769cf1678,7 Ave & 41 St,40.647379,-74.000911,5,19,24,2026-02-17 14:02:31.973105,2026-02-17 14:02:31.973106
citi-bike-nyc,Citi Bike,"New York, NY",US,bc3dae8b674de808c865fd48d1175fc2,Broadway & W 122 St,40.8120562,-73.9612547,4,22,26,2026-02-17 14:02:31.973107,2026-02-17 14:02:31.973108
citi-bike-nyc,Citi Bike,"New York, NY",US,bc41ba851a1022db37e479b603e523a8,Cambridge Pl & Gates Ave,40.68488,-73.96304,4,14,18,2026-02-17 14:02:31.973110,2026-02-17 14:02:31.973111
citi-bike-nyc,Citi Bike,"New York, NY",US,bc44c6dddf536ce229f56341cfa4fc51,Adam Clayton Powell Blvd & W 138 St,40.81695971032464,-73.9422959089279,0,23,23,2026-02-17 14:02:31.973112,2026-02-17 14:02:31.973113
citi-bike-nyc,Citi Bike,"New York, NY",US,bc65132d10c4e088c7831f1826fe0fa7,99 St & 32 Ave,40.75896,-73.86976,4,14,18,2026-02-17 14:02:31.973115,2026-02-17 14:02:31.973116
citi-bike-nyc,Citi Bike,"New York, NY",US,bc6a96b994374cca3921806451cfd480,Decatur St & Saratoga Ave,40.68332,-73.91711,0,19,19,2026-02-17 14:02:31.973120,2026-02-17 14:02:31.973121
citi-bike-nyc,Citi Bike,"New York, NY",US,bc8e818e7286792822fa2fa2e4c6b398,96 St & Marine Ave,40.61699,-74.03568,7,5,12,2026-02-17 14:02:31.973123,2026-02-17 14:02:31.973124
citi-bike-nyc,Citi Bike,"New York, NY",US,bc9445f85b7a0f62a6028a0f58c7f3a7,Lefferts Ave & Albany Ave,40.66288,-73.94019,8,15,23,2026-02-17 14:02:31.973125,2026-02-17 14:02:31.973126
citi-bike-nyc,Citi Bike,"New York, NY",US,bc9e2a3345f6477f8cc7041c9b7b3c46,4 Ave & 3 St,40.673746,-73.985649,19,18,37,2026-02-17 14:02:31.973128,2026-02-17 14:02:31.973129
citi-bike-nyc,Citi Bike,"New York, NY",US,bcafca112111fa18fc1b4ba8e5a85ef6,Hull Ave & E 209 St,40.87689,-73.87444,0,13,13,2026-02-17 14:02:31.973130,2026-02-17 14:02:31.973131
citi-bike-nyc,Citi Bike,"New York, NY",US,bcc1d502fa8e45a1a04dc5d53b2924f7,W 84 St & Amsterdam Ave,40.78621,-73.9756,1,61,62,2026-02-17 14:02:31.973133,2026-02-17 14:02:31.973134
citi-bike-nyc,Citi Bike,"New York, NY",US,bcc6925828e062deb1be8df10545a6bb,University Ave & W 168 St,40.838706,-73.927034,0,14,14,2026-02-17 14:02:31.973138,2026-02-17 14:02:31.973139
citi-bike-nyc,Citi Bike,"New York, NY",US,bcd56c1753bd56710334a2846084cc5f,Beck St & Leggett Ave,40.815077,-73.899939,0,19,19,2026-02-17 14:02:31.973141,2026-02-17 14:02:31.973142
citi-bike-nyc,Citi Bike,"New York, NY",US,bcdc5deed20831f20d826060dba81182,31 Pl & Hunters Point Ave,40.74021356884924,-73.93537044525146,11,8,19,2026-02-17 14:02:31.973143,2026-02-17 14:02:31.973144
citi-bike-nyc,Citi Bike,"New York, NY",US,bcfab22be47d8a8883eeb6474ee28557,3 Ave & Franklin Ave,40.82696,-73.907451,5,12,17,2026-02-17 14:02:31.973146,2026-02-17 14:02:31.973147
citi-bike-nyc,Citi Bike,"New York, NY",US,bd0561d1e65dfd7fe17e02cf3d09d387,E Tremont Ave & Jerome Ave,40.851747,-73.908964,16,3,19,2026-02-17 14:02:31.973148,2026-02-17 14:02:31.973149
citi-bike-nyc,Citi Bike,"New York, NY",US,bd0737c8122b1219d2f595b9050d1c64,Cabrini Blvd & W 177 St,40.848282,-73.941343,2,19,21,2026-02-17 14:02:31.973151,2026-02-17 14:02:31.973152
citi-bike-nyc,Citi Bike,"New York, NY",US,bd1754ba9dedbd223267279820b5d367,Flatbush Ave & Eastern Pkwy,40.668757,-73.966438,1,28,29,2026-02-17 14:02:31.973155,2026-02-17 14:02:31.973156
citi-bike-nyc,Citi Bike,"New York, NY",US,bd19161058cb9f95e61a05708d0f83f8,E 11 St & 1 Ave,40.72953837,-73.98426726,5,54,59,2026-02-17 14:02:31.973158,2026-02-17 14:02:31.973159
citi-bike-nyc,Citi Bike,"New York, NY",US,bd5f65798878be60ee862326bed73a5f,Hope St & Union Ave,40.71167351,-73.95141312,14,12,26,2026-02-17 14:02:31.973160,2026-02-17 14:02:31.973161
citi-bike-nyc,Citi Bike,"New York, NY",US,bd794eb1a774746b9980debee598bb9c,Lawrence St & Willoughby St,40.69236178,-73.98631746,21,12,33,2026-02-17 14:02:31.973162,2026-02-17 14:02:31.973163
citi-bike-nyc,Citi Bike,"New York, NY",US,bd8cf438e1f526716e091477a292e7e7,Ave C & McDonald Ave,40.6403436,-73.9791522,13,2,15,2026-02-17 14:02:31.973168,2026-02-17 14:02:31.973169
citi-bike-nyc,Citi Bike,"New York, NY",US,bda2dae43b73bf568622fa9b26a73c42,Bergen Ave & Stegman St,40.70657545063453,-74.0867006778717,15,4,19,2026-02-17 14:02:31.973171,2026-02-17 14:02:31.973171
citi-bike-nyc,Citi Bike,"New York, NY",US,bdd0c1953106e6464ac372f3d19eb99d,W 35 St & 8 Ave,40.752762088742045,-73.99280458705107,6,32,38,2026-02-17 14:02:31.973173,2026-02-17 14:02:31.973174
citi-bike-nyc,Citi Bike,"New York, NY",US,bdd2037aae386a28fa1f925d7995e6c2,Colonial Rd & Wakeman Pl,40.64067,-74.0294,16,1,17,2026-02-17 14:02:31.973176,2026-02-17 14:02:31.973177
citi-bike-nyc,Citi Bike,"New York, NY",US,bdfe9a943ba9750d7b24a4fd5eaf7180,Prospect Ave & Greenwood Ave,40.651745,-73.975988,13,6,19,2026-02-17 14:02:31.973178,2026-02-17 14:02:31.973179
citi-bike-nyc,Citi Bike,"New York, NY",US,be1aac9d5063710c670bbce97cdedd66,Morris Ave & E 153 St,40.820036,-73.921411,4,15,19,2026-02-17 14:02:31.973181,2026-02-17 14:02:31.973182
citi-bike-nyc,Citi Bike,"New York, NY",US,be6fba25bc1960fc13d29a60f4a02815,Review Ave & Greenpoint Ave,40.734246796135544,-73.93776814411713,16,0,16,2026-02-17 14:02:31.973186,2026-02-17 14:02:31.973187
citi-bike-nyc,Citi Bike,"New York, NY",US,be83b855aa9f1662cc6fed1c8ce74604,India St Pier,40.731734785883454,-73.9612390102593,30,19,49,2026-02-17 14:02:31.973188,2026-02-17 14:02:31.973189
citi-bike-nyc,Citi Bike,"New York, NY",US,be981361f27f544964784cf3e17be822,Adam Clayton Powell Blvd & W 141 St,40.819241,-73.941057,0,24,24,2026-02-17 14:02:31.973191,2026-02-17 14:02:31.973192
citi-bike-nyc,Citi Bike,"New York, NY",US,bea44dea26d7f76775aa38a5d1a399f6,Dock St & Front St,40.702709,-73.99253,1,0,1,2026-02-17 14:02:31.973193,2026-02-17 14:02:31.973194
citi-bike-nyc,Citi Bike,"New York, NY",US,bedac6557c0da4deb38404544f83c382,E 20 St & Park Ave,40.73827428,-73.98751968,15,24,39,2026-02-17 14:02:31.973196,2026-02-17 14:02:31.973197
citi-bike-nyc,Citi Bike,"New York, NY",US,bf0a94f1c7ad3ca22ecd82255ab4f6f0,Pearl St & Whitehall St,40.703144,-74.013178,40,0,40,2026-02-17 14:02:31.973198,2026-02-17 14:02:31.973199
citi-bike-nyc,Citi Bike,"New York, NY",US,bf11b21496ebaa630a88801695a02b82,E 118 St & 3 Ave,40.799139,-73.9389152,8,21,29,2026-02-17 14:02:31.973201,2026-02-17 14:02:31.973202
citi-bike-nyc,Citi Bike,"New York, NY",US,bf1454b09e74b0f2c8c795693c9e5e12,Winthrop St & Rogers Ave,40.65686,-73.95331,3,17,20,2026-02-17 14:02:31.973204,2026-02-17 14:02:31.973205
citi-bike-nyc,Citi Bike,"New York, NY",US,bf15eefc998dc8bf6d95dc4d4aeb330e,34 Ave & 13 St,40.7638753,-73.9364848,3,15,18,2026-02-17 14:02:31.973206,2026-02-17 14:02:31.973207
citi-bike-nyc,Citi Bike,"New York, NY",US,bf18fd8a51f0479877003db0b3f63e92,Central Park S & 6 Ave,40.76590936,-73.97634151,23,42,65,2026-02-17 14:02:31.973209,2026-02-17 14:02:31.973210
citi-bike-nyc,Citi Bike,"New York, NY",US,bf24cf92fc21d4e1790f5837fb95083f,6 Ave & Broome St,40.72431,-74.00473,52,15,67,2026-02-17 14:02:31.973211,2026-02-17 14:02:31.973212
citi-bike-nyc,Citi Bike,"New York, NY",US,bf4e6b16eab4099fc230cc529ae57c63,W 16 St & The High Line,40.74334935,-74.00681753,21,32,53,2026-02-17 14:02:31.973214,2026-02-17 14:02:31.973234
citi-bike-nyc,Citi Bike,"New York, NY",US,bf831b072f5bab65d5a12de0a2a426be,Fulton St & Clermont Ave,40.68415748,-73.96922273,1,72,73,2026-02-17 14:02:31.973240,2026-02-17 14:02:31.973241
citi-bike-nyc,Citi Bike,"New York, NY",US,bfa2452a7af65bca716a9f5cb98307a4,E 27 St & 1 Ave,40.739445,-73.976806,42,39,81,2026-02-17 14:02:31.973244,2026-02-17 14:02:31.973245
citi-bike-nyc,Citi Bike,"New York, NY",US,bfbb64706b58ca80d8e1995aae56612f,46 Rd & 11 St,40.745805,-73.950752,21,2,23,2026-02-17 14:02:31.973246,2026-02-17 14:02:31.973247
citi-bike-nyc,Citi Bike,"New York, NY",US,bfc86b7a63e7c89e9334f31fc0d33192,Van Dam St & Meeker Ave,40.72532,-73.9368,6,25,31,2026-02-17 14:02:31.973249,2026-02-17 14:02:31.973250
citi-bike-nyc,Citi Bike,"New York, NY",US,bff5b0d573e519482ccbe006b0c01889,Irving Ave & Harman St,40.70108,-73.9179,10,9,19,2026-02-17 14:02:31.973251,2026-02-17 14:02:31.973252
citi-bike-nyc,Citi Bike,"New York, NY",US,c03785a530715531a2d149441b1685ec,St Ann's Ave & Westchester Ave,40.815887,-73.911918,3,14,17,2026-02-17 14:02:31.973254,2026-02-17 14:02:31.973255
citi-bike-nyc,Citi Bike,"New York, NY",US,c03e29a91278134e8e4a369bbe8ad790,Cooper Square & Astor Pl,40.72951496224949,-73.99075269699097,78,0,78,2026-02-17 14:02:31.973256,2026-02-17 14:02:31.973257
citi-bike-nyc,Citi Bike,"New York, NY",US,c05a894b939f7ebc1f999520707aed0a,Astoria Park S & Shore Blvd,40.7767,-73.927631,6,27,33,2026-02-17 14:02:31.973259,2026-02-17 14:02:31.973260
citi-bike-nyc,Citi Bike,"New York, NY",US,c0613f9516bb65718774e96329549d07,Myrtle Ave & 65 St,40.70117,-73.8904,10,8,18,2026-02-17 14:02:31.973261,2026-02-17 14:02:31.973262
citi-bike-nyc,Citi Bike,"New York, NY",US,c0793e6899adb49d814262e260567289,S 4 St & Wythe Ave,40.71285887,-73.96590294,27,8,35,2026-02-17 14:02:31.973263,2026-02-17 14:02:31.973264
citi-bike-nyc,Citi Bike,"New York, NY",US,c08cb7f45aee1b4ab4d8dd410b116ab7,St Nicholas Ave & W 150 St,40.827212,-73.942722,1,25,26,2026-02-17 14:02:31.973266,2026-02-17 14:02:31.973267
citi-bike-nyc,Citi Bike,"New York, NY",US,c09e50558b620375b68a6e5d8c3822f1,35 Ave & 10 St,40.76315481910373,-73.93985509872437,2,20,22,2026-02-17 14:02:31.973268,2026-02-17 14:02:31.973269
citi-bike-nyc,Citi Bike,"New York, NY",US,c0bab0be490a0a90d3b51406c3a449f8,Amsterdam Ave & W 79 St,40.7829391,-73.9786517,0,45,45,2026-02-17 14:02:31.973270,2026-02-17 14:02:31.973271
citi-bike-nyc,Citi Bike,"New York, NY",US,c0c427836d6056342c156a9ea38deb54,New York Ave & Lenox Rd,40.65458,-73.94716,10,13,23,2026-02-17 14:02:31.973273,2026-02-17 14:02:31.973274
citi-bike-nyc,Citi Bike,"New York, NY",US,c0ce3cd31e4e40748e6bd823b10c8c52,Washington St & Laight St,40.72231,-74.0106,58,1,59,2026-02-17 14:02:31.973275,2026-02-17 14:02:31.973276
citi-bike-nyc,Citi Bike,"New York, NY",US,c0cf00b8106d6170caf57ad7cfff730b,Essex Light Rail,40.7127742,-74.0364857,8,14,22,2026-02-17 14:02:31.973277,2026-02-17 14:02:31.973278
citi-bike-nyc,Citi Bike,"New York, NY",US,c0fd2eede6784bcad8a4132b0c4cafa7,Hull Ave & E Mosholu Pkwy N,40.87115,-73.88035,1,17,18,2026-02-17 14:02:31.973280,2026-02-17 14:02:31.973281
citi-bike-nyc,Citi Bike,"New York, NY",US,c10822ec71fabe47668b835c4fc2609a,E 19 St & Beverley Rd,40.64483,-73.9613,8,10,18,2026-02-17 14:02:31.973282,2026-02-17 14:02:31.973283
citi-bike-nyc,Citi Bike,"New York, NY",US,c10ab80d06be482ecaa7eca71dc02fd9,Ditmars Blvd & 102 St,40.76894,-73.86832,12,13,25,2026-02-17 14:02:31.973288,2026-02-17 14:02:31.973289
citi-bike-nyc,Citi Bike,"New York, NY",US,c11f8b376d0ba851568aba530f940fae,111 St & Roosevelt Ave,40.75147,-73.8557,6,13,19,2026-02-17 14:02:31.973290,2026-02-17 14:02:31.973291
citi-bike-nyc,Citi Bike,"New York, NY",US,c159e75cc9fb40fa848b035b955f91b1,W 33 St & 10 Ave,40.753773368360385,-73.99937599897385,22,38,60,2026-02-17 14:02:31.973293,2026-02-17 14:02:31.973294
citi-bike-nyc,Citi Bike,"New York, NY",US,c169a04cafe00cf9e7074a4e43b11dae,Riverside Dr & W 145 St,40.827305,-73.951989,3,31,34,2026-02-17 14:02:31.973295,2026-02-17 14:02:31.973296
citi-bike-nyc,Citi Bike,"New York, NY",US,c16b228a88583e7b945e38c70d4f4c66,Bedford Park Blvd & Paul Ave,40.87444,-73.89186,7,15,22,2026-02-17 14:02:31.973297,2026-02-17 14:02:31.973298
citi-bike-nyc,Citi Bike,"New York, NY",US,c17c742500ad75c4df451813b1c61b37,President St & Hoyt St,40.680057,-73.991753,15,7,22,2026-02-17 14:02:31.973300,2026-02-17 14:02:31.973301
citi-bike-nyc,Citi Bike,"New York, NY",US,c190723e40db4e9975304ba6a8423136,Bushwick Ave & Forrest St,40.70076,-73.93641,0,18,18,2026-02-17 14:02:31.973302,2026-02-17 14:02:31.973303
citi-bike-nyc,Citi Bike,"New York, NY",US,c19e42eadd30100b2efed123e157f298,Prospect Ave & E 167 St,40.826303,-73.898751,1,15,16,2026-02-17 14:02:31.973304,2026-02-17 14:02:31.973305
citi-bike-nyc,Citi Bike,"New York, NY",US,c1a59b29442f8eb95720516e66235374,Morgan Ave & Lombardy St,40.72226,-73.93889,3,25,28,2026-02-17 14:02:31.973307,2026-02-17 14:02:31.973308
citi-bike-nyc,Citi Bike,"New York, NY",US,c1a71a685ac90231ac228e1c7a7bcb7d,N 15 St & Wythe Ave,40.724055,-73.955736,20,0,20,2026-02-17 14:02:31.973309,2026-02-17 14:02:31.973310
citi-bike-nyc,Citi Bike,"New York, NY",US,c1bc2006552cd372c7aa1284a7262742,41 St & 4 Ave,40.651354,-74.007168,7,15,22,2026-02-17 14:02:31.973311,2026-02-17 14:02:31.973312
citi-bike-nyc,Citi Bike,"New York, NY",US,c1bee25ee62672c813c0f325cec37489,N 5 St & Northside Piers,40.719876,-73.963865,29,10,39,2026-02-17 14:02:31.973313,2026-02-17 14:02:31.973314
citi-bike-nyc,Citi Bike,"New York, NY",US,c1f5470305c55160c522318e0c2e16e6,94 St & 57 Ave,40.73628,-73.86752,22,0,22,2026-02-17 14:02:31.973316,2026-02-17 14:02:31.973317
citi-bike-nyc,Citi Bike,"New York, NY",US,c208dcd5463a02fa4b69ebe5a4c7582b,Ridge Blvd & 82 St,40.62711,-74.0326,6,5,11,2026-02-17 14:02:31.973318,2026-02-17 14:02:31.973319
citi-bike-nyc,Citi Bike,"New York, NY",US,c227c3ac634a48edf95736341a1a6577,Empire Blvd & New York Ave,40.66403,-73.94769,7,14,21,2026-02-17 14:02:31.973321,2026-02-17 14:02:31.973322
citi-bike-nyc,Citi Bike,"New York, NY",US,c2407e0261b654a1c305a015d6142c55,34 Ave & 108 St,40.75614,-73.86084,5,15,20,2026-02-17 14:02:31.973323,2026-02-17 14:02:31.973324
citi-bike-nyc,Citi Bike,"New York, NY",US,c243e589552a56fde45f17904245e943,Madison St & Forest Ave,40.70555,-73.90245,10,15,25,2026-02-17 14:02:31.973325,2026-02-17 14:02:31.973326
citi-bike-nyc,Citi Bike,"New York, NY",US,c262b8030816e8e61cd54b9c19af1823,Rutland Rd & E 45 St,40.66034,-73.93618,21,2,23,2026-02-17 14:02:31.973328,2026-02-17 14:02:31.973329
citi-bike-nyc,Citi Bike,"New York, NY",US,c264e5cab666224d341f98c0adc164a4,42 Ave & 108 St,40.74944,-73.85792,18,1,19,2026-02-17 14:02:31.973330,2026-02-17 14:02:31.973331
citi-bike-nyc,Citi Bike,"New York, NY",US,c292eb09843551259d8b8d2a79bcb9e4,Bergen Ave & E 152 St,40.817166,-73.914737,16,3,19,2026-02-17 14:02:31.973332,2026-02-17 14:02:31.973333
citi-bike-nyc,Citi Bike,"New York, NY",US,c2c08e1b6b527244e60698ef3c7995c9,57 Rd & 59 St,40.72249,-73.90854,17,1,18,2026-02-17 14:02:31.973335,2026-02-17 14:02:31.973336
citi-bike-nyc,Citi Bike,"New York, NY",US,c2c6d7385a8c127c4ed83d66f868d6d5,Van Brunt St & Wolcott St,40.6773429,-74.01275056,27,7,34,2026-02-17 14:02:31.973337,2026-02-17 14:02:31.973338
citi-bike-nyc,Citi Bike,"New York, NY",US,c2c8b1bc37cfb54d223cc1cdda5784cf,Prospect Park SW & Greenwood Ave,40.652563,-73.972573,9,17,26,2026-02-17 14:02:31.973340,2026-02-17 14:02:31.973341
citi-bike-nyc,Citi Bike,"New York, NY",US,c2d8afdab7f3fadb52f4b6ac758d000a,W Broadway & Spring St,40.72494672359416,-74.00165855884552,79,1,80,2026-02-17 14:02:31.973342,2026-02-17 14:02:31.973343
citi-bike-nyc,Citi Bike,"New York, NY",US,c2dde06cc629e5b3c7ffe188bc4a4738,Amsterdam Ave & W 152 St,40.829523,-73.944279,0,17,17,2026-02-17 14:02:31.973344,2026-02-17 14:02:31.973345
citi-bike-nyc,Citi Bike,"New York, NY",US,c2f59296b1aaea20711d2e2f936accd4,5 Ave & 41 St,40.649983,-74.005144,3,26,29,2026-02-17 14:02:31.973347,2026-02-17 14:02:31.973348
citi-bike-nyc,Citi Bike,"New York, NY",US,c31fc21e73da66db0f7973ba7f493749,E 6 St & Ave D,40.72228087,-73.97668709,9,34,43,2026-02-17 14:02:31.973349,2026-02-17 14:02:31.973350
citi-bike-nyc,Citi Bike,"New York, NY",US,c336491747f1cea412cc10d7537cb9e5,23 St & 31 Ave,40.76663971723091,-73.9286595582962,0,15,15,2026-02-17 14:02:31.973351,2026-02-17 14:02:31.973352
citi-bike-nyc,Citi Bike,"New York, NY",US,c348f60fb7fcb0de3b6ce4301d81d78d,LaGuardia Pl & W 3 St,40.72917025,-73.99810231,28,14,42,2026-02-17 14:02:31.973354,2026-02-17 14:02:31.973355
citi-bike-nyc,Citi Bike,"New York, NY",US,c3494e4ebcd1d8a3b3e65d7e8ce7841a,Mercer St & Bleecker St,40.72706363348306,-73.99662137031554,62,0,62,2026-02-17 14:02:31.973356,2026-02-17 14:02:31.973357
citi-bike-nyc,Citi Bike,"New York, NY",US,c34a0a3eefad070faeceed7a3d8f2d80,E 165 St & Clay Ave,40.82809,-73.91288,4,10,14,2026-02-17 14:02:31.973358,2026-02-17 14:02:31.973359
citi-bike-nyc,Citi Bike,"New York, NY",US,c34da7f6722aa213c5f80ec2b22046d5,Walker St & Baxter St,40.717411,-73.999573,42,1,43,2026-02-17 14:02:31.973361,2026-02-17 14:02:31.973361
citi-bike-nyc,Citi Bike,"New York, NY",US,c362fc0e97ba6b5e6bed779ee8dcb929,W 17 St & 7 Ave,40.740564236339516,-73.99852573871613,22,23,45,2026-02-17 14:02:31.973363,2026-02-17 14:02:31.973364
citi-bike-nyc,Citi Bike,"New York, NY",US,c37cea93aba736a4361cfee23f985a6e,W 204 St & Nagle Ave,40.863211,-73.920827,17,1,18,2026-02-17 14:02:31.973365,2026-02-17 14:02:31.973366
citi-bike-nyc,Citi Bike,"New York, NY",US,c3a1de77381133a52e574d6510cd1257,Harrison St & Hudson St,40.71870987,-74.0090009,36,0,36,2026-02-17 14:02:31.973368,2026-02-17 14:02:31.973369
citi-bike-nyc,Citi Bike,"New York, NY",US,c3a53bb0015652fad12cffb1534c029a,Stanton St & Mangin St,40.71782143,-73.97628939,1,14,15,2026-02-17 14:02:31.973370,2026-02-17 14:02:31.973371
citi-bike-nyc,Citi Bike,"New York, NY",US,c3ca4240cabdee19787be7bf5756673f,104 St & 38 Ave,40.75138,-73.86242,15,3,18,2026-02-17 14:02:31.973372,2026-02-17 14:02:31.973373
citi-bike-nyc,Citi Bike,"New York, NY",US,c3e6644be00d05ca3df9f883c65c27a4,Morton St & Greenwich St,40.73115,-74.00887,30,20,50,2026-02-17 14:02:31.973375,2026-02-17 14:02:31.973376
citi-bike-nyc,Citi Bike,"New York, NY",US,c47dcad90866037695052ca4c586f20b,Pacific St & Nevins St,40.6853761,-73.98302136,5,9,14,2026-02-17 14:02:31.973377,2026-02-17 14:02:31.973378
citi-bike-nyc,Citi Bike,"New York, NY",US,c48d7dba8b6bd7222b031acbd63081be,Grand Concourse & E Mount Eden Ave,40.84301,-73.91172,0,19,19,2026-02-17 14:02:31.973379,2026-02-17 14:02:31.973380
citi-bike-nyc,Citi Bike,"New York, NY",US,c4ae4dc956edec16cd19310a518d651b,48 St & Barnett Ave,40.750016404259334,-73.91540944576263,4,12,16,2026-02-17 14:02:31.973383,2026-02-17 14:02:31.973384
citi-bike-nyc,Citi Bike,"New York, NY",US,c4b69611f3c3a6bd8461f180aa706c26,Kingsbridge Terrace & W 230 St,40.87555,-73.90212,1,17,18,2026-02-17 14:02:31.973386,2026-02-17 14:02:31.973387
citi-bike-nyc,Citi Bike,"New York, NY",US,c4c9bc920ca31bb93b7479f1dd06d13f,E 34 St & Church Ave,40.65116,-73.94577,6,9,15,2026-02-17 14:02:31.973388,2026-02-17 14:02:31.973389
citi-bike-nyc,Citi Bike,"New York, NY",US,c4cf98c7ad281db2e931d9c0fd8bf976,Dr. Lena Edwards Park,40.713203,-74.058261,1,11,12,2026-02-17 14:02:31.973392,2026-02-17 14:02:31.973393
citi-bike-nyc,Citi Bike,"New York, NY",US,c4deb4b4c3ce29e96c699bfe941da036,Rutland Rd & Brooklyn Ave,40.65969,-73.94517,21,2,23,2026-02-17 14:02:31.973394,2026-02-17 14:02:31.973395
citi-bike-nyc,Citi Bike,"New York, NY",US,c4eaa5bd5a0d954898b2206c27f78fac,90 St & 51 Ave,40.73937,-73.87411,14,3,17,2026-02-17 14:02:31.973396,2026-02-17 14:02:31.973397
citi-bike-nyc,Citi Bike,"New York, NY",US,c4f42823cc6ae108919047fb60ed25bf,Front St & Pine St,40.70531,-74.00613,52,0,52,2026-02-17 14:02:31.973399,2026-02-17 14:02:31.973400
citi-bike-nyc,Citi Bike,"New York, NY",US,c52672bc4a6cdf5b446425966312ecab,Washington Park,40.6917823,-73.9737299,0,23,23,2026-02-17 14:02:31.973401,2026-02-17 14:02:31.973402
citi-bike-nyc,Citi Bike,"New York, NY",US,c53677190b144fbb78ea14dc77f737fa,Madison St & Evergreen Ave,40.69122,-73.91693,1,15,16,2026-02-17 14:02:31.973403,2026-02-17 14:02:31.973404
citi-bike-nyc,Citi Bike,"New York, NY",US,c53cd1af31939ac0216fa3410ad9a252,Jerome Ave & Bedford Park Blvd E,40.87307,-73.88971,14,8,22,2026-02-17 14:02:31.973406,2026-02-17 14:02:31.973407
citi-bike-nyc,Citi Bike,"New York, NY",US,c54f5f697fbe7b37c7cc0d5ec16f7d6b,Greenwich Ave & Charles St,40.735238,-74.000271,40,8,48,2026-02-17 14:02:31.973408,2026-02-17 14:02:31.973409
citi-bike-nyc,Citi Bike,"New York, NY",US,c56e3128d3a0e02119066f95859fa309,E 67 St & Park Ave,40.76780080148132,-73.96592080593109,27,10,37,2026-02-17 14:02:31.973411,2026-02-17 14:02:31.973412
citi-bike-nyc,Citi Bike,"New York, NY",US,c584bb8da4f488de0218b1c02c5a2bda,Prospect Park SW & Vanderbilt St,40.65482,-73.973217,6,28,34,2026-02-17 14:02:31.973413,2026-02-17 14:02:31.973414
citi-bike-nyc,Citi Bike,"New York, NY",US,c58852be10018c7eb51b9aa156fc01e0,N Henry St & Norman Ave,40.7277,-73.94395,15,14,29,2026-02-17 14:02:31.973415,2026-02-17 14:02:31.973416
citi-bike-nyc,Citi Bike,"New York, NY",US,c58d768ea95146699edc7248d885d383,Willoughby Ave & Walworth St,40.69331716,-73.95381995,4,14,18,2026-02-17 14:02:31.973418,2026-02-17 14:02:31.973419
citi-bike-nyc,Citi Bike,"New York, NY",US,c5a1c3e19606a91bdd134469f08b283f,MacDougal St & Prince St,40.72710258,-74.00297088,37,0,37,2026-02-17 14:02:31.973420,2026-02-17 14:02:31.973421
citi-bike-nyc,Citi Bike,"New York, NY",US,c5aa8e6aa286db8145d93d276f5fd22d,Broadway & Kent Ave,40.710888,-73.968329,13,21,34,2026-02-17 14:02:31.973422,2026-02-17 14:02:31.973423
citi-bike-nyc,Citi Bike,"New York, NY",US,c5ae12324e657ff1f5a2a702a573f56a,Warren St & Court St,40.686371,-73.99383324,22,7,29,2026-02-17 14:02:31.973425,2026-02-17 14:02:31.973426
citi-bike-nyc,Citi Bike,"New York, NY",US,c6025c557018d0682773fa66011ad903,Carlton Ave & Flushing Ave,40.697787,-73.973736,32,12,44,2026-02-17 14:02:31.973430,2026-02-17 14:02:31.973431
citi-bike-nyc,Citi Bike,"New York, NY",US,c643b8949210d35dcdd22df445271c0c,Caton Ave & Argyle Rd,40.649681,-73.967829,12,9,21,2026-02-17 14:02:31.973432,2026-02-17 14:02:31.973433
citi-bike-nyc,Citi Bike,"New York, NY",US,c65cf2ac02524e715386508fe36f12c4,Prospect Ave & Vanderbilt St,40.653368,-73.976291,11,11,22,2026-02-17 14:02:31.973435,2026-02-17 14:02:31.973436
citi-bike-nyc,Citi Bike,"New York, NY",US,c67a87095833ea56f4aa8d8a7ad672ca,107 St & 32 Ave,40.75996,-73.86224,3,16,19,2026-02-17 14:02:31.973437,2026-02-17 14:02:31.973438
citi-bike-nyc,Citi Bike,"New York, NY",US,c69e73a7bd17d12afedfcf507b8fc70d,Willoughby Ave & Onderdonk Ave,40.7098,-73.91727,20,6,26,2026-02-17 14:02:31.973439,2026-02-17 14:02:31.973440
citi-bike-nyc,Citi Bike,"New York, NY",US,c6af25697fce508b878fb7ffef6c6971,New York Ave & Montgomery St,40.66509,-73.94824,2,16,18,2026-02-17 14:02:31.973442,2026-02-17 14:02:31.973443
citi-bike-nyc,Citi Bike,"New York, NY",US,c6c424dfa383afd46161ca9204beff3b,MacDougal St & Washington Sq,40.73226398,-73.99852205,25,7,32,2026-02-17 14:02:31.973449,2026-02-17 14:02:31.973450
citi-bike-nyc,Citi Bike,"New York, NY",US,c6cbbf5add898c8ac43b26688c4e5c34,Greenwich Ave & 8 Ave,40.7390169121,-74.0026376103,13,56,69,2026-02-17 14:02:31.973451,2026-02-17 14:02:31.973452
citi-bike-nyc,Citi Bike,"New York, NY",US,c7479c9a2a0cc60e199bffe89ad2cbcc,Union Ave & N 12 St,40.71924,-73.95242,38,1,39,2026-02-17 14:02:31.973454,2026-02-17 14:02:31.973455
citi-bike-nyc,Citi Bike,"New York, NY",US,c757ad6fa15c4a325470e2055509befa,Courtlandt Ave & E 149 St,40.816402,-73.919549,10,13,23,2026-02-17 14:02:31.973456,2026-02-17 14:02:31.973457
citi-bike-nyc,Citi Bike,"New York, NY",US,c76fbfaae3ae1e2270308866177631e1,Madison St & Seneca Ave,40.70183,-73.90625,3,17,20,2026-02-17 14:02:31.973459,2026-02-17 14:02:31.973460
citi-bike-nyc,Citi Bike,"New York, NY",US,c777d2de6259e5d7a8092f8a9ec2f197,St James Pl & Pearl St,40.71117416,-74.00016545,17,6,23,2026-02-17 14:02:31.973461,2026-02-17 14:02:31.973462
citi-bike-nyc,Citi Bike,"New York, NY",US,c7985bccec116de40b4c34cf422441b8,56 Ave & 92 St,40.73649,-73.86995,19,0,19,2026-02-17 14:02:31.973463,2026-02-17 14:02:31.973464
citi-bike-nyc,Citi Bike,"New York, NY",US,c7aa1f51740a94f2968af99b5192a4af,30 St & 48 Ave,40.7413272,-73.937999,19,8,27,2026-02-17 14:02:31.973466,2026-02-17 14:02:31.973467
citi-bike-nyc,Citi Bike,"New York, NY",US,c7e0b34860cbbe5f2c5e7a80fd7e4a46,Sigourney St & Columbia St,40.67267243410948,-74.0087952464819,16,0,16,2026-02-17 14:02:31.973468,2026-02-17 14:02:31.973469
citi-bike-nyc,Citi Bike,"New York, NY",US,c7ef5b6b2ca6b34398db4623f56e442c,Parkside Ave & Flatbush Ave,40.65563,-73.95968,13,8,21,2026-02-17 14:02:31.973470,2026-02-17 14:02:31.973471
citi-bike-nyc,Citi Bike,"New York, NY",US,c7f566122a8144227a0d3d0bb6b94928,Kingston Ave & Montgomery St,40.66481,-73.94269,0,17,17,2026-02-17 14:02:31.973472,2026-02-17 14:02:31.973473
citi-bike-nyc,Citi Bike,"New York, NY",US,c811299eb1b09fb7d3f0409a0a704214,Clinton Ave & Myrtle Ave,40.693261,-73.968896,1,27,28,2026-02-17 14:02:31.973475,2026-02-17 14:02:31.973476
citi-bike-nyc,Citi Bike,"New York, NY",US,c8158de4066769d065d46285082ff694,E 39 St & Lexington Ave,40.749498546025194,-73.97729203113158,3,52,55,2026-02-17 14:02:31.973477,2026-02-17 14:02:31.973478
citi-bike-nyc,Citi Bike,"New York, NY",US,c825bd35eca907442c213ecd195047b4,Andrew Ave N & Hall of Fame Tce,40.85834,-73.91008,0,16,16,2026-02-17 14:02:31.973479,2026-02-17 14:02:31.973480
citi-bike-nyc,Citi Bike,"New York, NY",US,c82c0dc67fe9113b4a6835210e3802a4,W 64 St & Thelonious Monk Circle,40.77515953434235,-73.98918695747852,0,39,39,2026-02-17 14:02:31.973482,2026-02-17 14:02:31.973483
citi-bike-nyc,Citi Bike,"New York, NY",US,c84504dbefaca0ed39e8f0d29a7ee360,Warren St,40.7211236,-74.03805095,16,4,20,2026-02-17 14:02:31.973484,2026-02-17 14:02:31.973485
citi-bike-nyc,Citi Bike,"New York, NY",US,c8571948397a46f663277eaa2e2f3f12,Bergen St & Mother Gaston Blvd,40.67374,-73.90852,18,4,22,2026-02-17 14:02:31.973488,2026-02-17 14:02:31.973489
citi-bike-nyc,Citi Bike,"New York, NY",US,c85f24306854ca6e732cddf239600a18,Franklin Ave & E 169 St,40.83169292241844,-73.90210601220633,1,18,19,2026-02-17 14:02:31.973490,2026-02-17 14:02:31.973491
citi-bike-nyc,Citi Bike,"New York, NY",US,c88839fa370beb7ce3a2bc5e1a9d6ed5,E 161 St & Park Ave,40.824811,-73.916407,11,7,18,2026-02-17 14:02:31.973493,2026-02-17 14:02:31.973494
citi-bike-nyc,Citi Bike,"New York, NY",US,c8ca3549b66c1ef7da79004e9539d8a5,Shore Rd & Oliver St,40.61919,-74.0402,14,1,15,2026-02-17 14:02:31.973495,2026-02-17 14:02:31.973496
citi-bike-nyc,Citi Bike,"New York, NY",US,c8d759c644f644aaee460a771469bec4,Steinway St & 23 Ave,40.7713937,-73.9077436,3,17,20,2026-02-17 14:02:31.973497,2026-02-17 14:02:31.973498
citi-bike-nyc,Citi Bike,"New York, NY",US,c8da17255d029fc39f57a5c74225f9e5,99 St & 3 Ave,40.61451,-74.03502,5,6,11,2026-02-17 14:02:31.973500,2026-02-17 14:02:31.973501
citi-bike-nyc,Citi Bike,"New York, NY",US,c956a70f3ed8b42898e4882b0de39a9c,Evergreen Ave & Noll St,40.70106,-73.93318,3,20,23,2026-02-17 14:02:31.973502,2026-02-17 14:02:31.973503
citi-bike-nyc,Citi Bike,"New York, NY",US,c96274caf720de26fbabf851fa7dfc97,1 Ave & E 110 St,40.7923272,-73.9383,1,21,22,2026-02-17 14:02:31.973504,2026-02-17 14:02:31.973505
citi-bike-nyc,Citi Bike,"New York, NY",US,c96a4a5a1b3aa0ae9047e15326276725,3 Ave & E 170 St,40.834857,-73.903743,0,17,17,2026-02-17 14:02:31.973507,2026-02-17 14:02:31.973508
citi-bike-nyc,Citi Bike,"New York, NY",US,c992d4364ff15fdeba321937bb8cd613,W 176 St & Montgomery Ave,40.849629,-73.919205,2,16,18,2026-02-17 14:02:31.973509,2026-02-17 14:02:31.973510
citi-bike-nyc,Citi Bike,"New York, NY",US,c9c78d0bcc0835c6584d35e274ad18dd,W 51 St & Rockefeller Plaza,40.75973805251143,-73.97811613976955,29,20,49,2026-02-17 14:02:31.973513,2026-02-17 14:02:31.973514
citi-bike-nyc,Citi Bike,"New York, NY",US,ca1773b011788c9465b3633cbb714068,Verveelen Pl & Broadway,40.87826,-73.90508,18,0,18,2026-02-17 14:02:31.973515,2026-02-17 14:02:31.973516
citi-bike-nyc,Citi Bike,"New York, NY",US,ca458318c98de3de78663fbd5681d11e,Calyer St & West St,40.72693,-73.95863,6,19,25,2026-02-17 14:02:31.973518,2026-02-17 14:02:31.973519
citi-bike-nyc,Citi Bike,"New York, NY",US,ca4f75006e50239fd4d3024e2effc750,Monroe St & Bedford Ave,40.6851443,-73.95380904,8,8,16,2026-02-17 14:02:31.973520,2026-02-17 14:02:31.973521
citi-bike-nyc,Citi Bike,"New York, NY",US,ca57646f6e8d798dfc8caa86d33a9f67,E 18 St & Church Ave,40.64958,-73.96316,6,22,28,2026-02-17 14:02:31.973523,2026-02-17 14:02:31.973524
citi-bike-nyc,Citi Bike,"New York, NY",US,ca5e1b633e2b93ce75ec83b3cfe316e6,Jackson St & Leonard St,40.71638031973561,-73.94821286201477,16,5,21,2026-02-17 14:02:31.973525,2026-02-17 14:02:31.973526
citi-bike-nyc,Citi Bike,"New York, NY",US,ca7b316ff366ecd618d1d43dbc0f30ed,15 Ave & 37 St,40.63899,-73.98074,6,6,12,2026-02-17 14:02:31.973527,2026-02-17 14:02:31.973528
citi-bike-nyc,Citi Bike,"New York, NY",US,caa0eb04db20e7e7c09aa18c8252526c,Bailey Ave & W 238 St,40.88394,-73.89824,0,15,15,2026-02-17 14:02:31.973530,2026-02-17 14:02:31.973531
citi-bike-nyc,Citi Bike,"New York, NY",US,cac5ec047bb046d2495fdf5f86abaa29,Cortelyou Rd & Albany Ave,40.64483,-73.93853,8,12,20,2026-02-17 14:02:31.973532,2026-02-17 14:02:31.973533
citi-bike-nyc,Citi Bike,"New York, NY",US,caef5a46df93c1ba257d03e77b8875d4,E 5 St & Ave C,40.72299208,-73.97995466,7,48,55,2026-02-17 14:02:31.973535,2026-02-17 14:02:31.973536
citi-bike-nyc,Citi Bike,"New York, NY",US,cb33a0abadc7f41d98cb09a2355207ea,E 72 St & York Ave,40.76663814,-73.95348296,29,4,33,2026-02-17 14:02:31.973537,2026-02-17 14:02:31.973538
citi-bike-nyc,Citi Bike,"New York, NY",US,cbcb4fd533027be9f949442e093f3080,Fulton St & Williams Ave,40.67709,-73.9008,13,3,16,2026-02-17 14:02:31.973539,2026-02-17 14:02:31.973540
citi-bike-nyc,Citi Bike,"New York, NY",US,cc07af3c38f67dc625ee3f25200216a3,W 159 St & Edgecombe Ave,40.833303,-73.939326,0,20,20,2026-02-17 14:02:31.973541,2026-02-17 14:02:31.973543
citi-bike-nyc,Citi Bike,"New York, NY",US,cc24286524fbdad49c3ead6edbbca987,Edgecombe Ave & W 145 St,40.823498,-73.94386,0,30,30,2026-02-17 14:02:31.973544,2026-02-17 14:02:31.973545
citi-bike-nyc,Citi Bike,"New York, NY",US,cc2a50d2c17a41d550bbe7b18fd3e966,65 St & 35 Ave,40.75053,-73.8977,9,16,25,2026-02-17 14:02:31.973546,2026-02-17 14:02:31.973547
citi-bike-nyc,Citi Bike,"New York, NY",US,cc30dff379477641f49e0ce34474aeec,Hudson St & W 13 St,40.74005708567285,-74.0052741765976,39,0,39,2026-02-17 14:02:31.973548,2026-02-17 14:02:31.973549
citi-bike-nyc,Citi Bike,"New York, NY",US,cc470ce59c53d9fe0ed5d275396e5f7c,Greenpoint Ave & Manhattan Ave,40.73026,-73.95394,20,4,24,2026-02-17 14:02:31.973551,2026-02-17 14:02:31.973552
citi-bike-nyc,Citi Bike,"New York, NY",US,cc9327603584428e11924b69a5625177,61 St & Queens Blvd,40.74091,-73.90273,9,17,26,2026-02-17 14:02:31.973553,2026-02-17 14:02:31.973554
citi-bike-nyc,Citi Bike,"New York, NY",US,ccbf8fa256fcb20f8922b3b48694cf9c,Driggs Ave & Lorimer St,40.72179134,-73.9504154,24,1,25,2026-02-17 14:02:31.973555,2026-02-17 14:02:31.973556
citi-bike-nyc,Citi Bike,"New York, NY",US,ccc4f79cc95fde00f84b703250fac20e,MLK Dr & Bramhall Ave,40.71647,-74.07413,3,10,13,2026-02-17 14:02:31.973558,2026-02-17 14:02:31.973559
citi-bike-nyc,Citi Bike,"New York, NY",US,ccc896fa086291ae165b2f06b0320d4a,10 St & 2 Ave,40.671907,-73.993612,15,4,19,2026-02-17 14:02:31.973560,2026-02-17 14:02:31.973561
citi-bike-nyc,Citi Bike,"New York, NY",US,cceef71b1b911f938e25506cc95f2b00,Hudson St & N Moore St,40.719887998,-74.0086269379,60,0,60,2026-02-17 14:02:31.973562,2026-02-17 14:02:31.973563
citi-bike-nyc,Citi Bike,"New York, NY",US,ccf29cb42a0e616230e7ec37c235a92a,N 7 St & Driggs Ave,40.716967,-73.956388,42,2,44,2026-02-17 14:02:31.973565,2026-02-17 14:02:31.973566
citi-bike-nyc,Citi Bike,"New York, NY",US,cd0a56ca5c92b386856eb9d5511c3ec3,57 St & 43 Ave,40.74324,-73.908,2,14,16,2026-02-17 14:02:31.973567,2026-02-17 14:02:31.973568
citi-bike-nyc,Citi Bike,"New York, NY",US,cd4faecbbbee3a99961170a07cf5b6fc,1 Ave & E 44 St,40.75001986,-73.96905301,4,76,80,2026-02-17 14:02:31.973570,2026-02-17 14:02:31.973571
citi-bike-nyc,Citi Bike,"New York, NY",US,cd77e91904605a0c033acf765284e03f,Amsterdam Ave & W 186 St,40.851113,-73.928808,3,18,21,2026-02-17 14:02:31.973572,2026-02-17 14:02:31.973573
citi-bike-nyc,Citi Bike,"New York, NY",US,cd857a888055cf10269922242d4e2d23,Manila & 1st,40.721650724879986,-74.04288411140442,0,4,4,2026-02-17 14:02:31.973574,2026-02-17 14:02:31.973575
citi-bike-nyc,Citi Bike,"New York, NY",US,cdae224becc0ff84f4858faf820c3361,W 233 St & Albany Crescent,40.87979,-73.90164,9,5,14,2026-02-17 14:02:31.973577,2026-02-17 14:02:31.973578
citi-bike-nyc,Citi Bike,"New York, NY",US,cdc380984ed3904bc55a5ca424dcb5e2,Nassau St & Duffield St,40.698477,-73.98384,41,9,50,2026-02-17 14:02:31.973579,2026-02-17 14:02:31.973580
citi-bike-nyc,Citi Bike,"New York, NY",US,cdfaaf03a4f2df260a16a7c11f36755a,Anthony Ave & E Tremont Ave,40.848793,-73.903178,4,13,17,2026-02-17 14:02:31.973581,2026-02-17 14:02:31.973582
citi-bike-nyc,Citi Bike,"New York, NY",US,ce012034abc8e6419ab1ad392fb6ebfb,E 196 St & Valentine Ave,40.86744,-73.89198,3,22,25,2026-02-17 14:02:31.973591,2026-02-17 14:02:31.973592
citi-bike-nyc,Citi Bike,"New York, NY",US,ce0497f1951bba3f8740e377289ad84b,72 St & Broadway,40.74751,-73.89372,2,18,20,2026-02-17 14:02:31.973593,2026-02-17 14:02:31.973594
citi-bike-nyc,Citi Bike,"New York, NY",US,ce0898337a5084b56201a3d88c352c2a,53 St & 2 Ave,40.64744,-74.018846,22,4,26,2026-02-17 14:02:31.973596,2026-02-17 14:02:31.973597
citi-bike-nyc,Citi Bike,"New York, NY",US,ce0c8f186d0e53f3d808a83178032d57,W 129 St & Convent Ave,40.814394437915816,-73.95324736833572,4,23,27,2026-02-17 14:02:31.973598,2026-02-17 14:02:31.973599
citi-bike-nyc,Citi Bike,"New York, NY",US,ce3f685a607abba0008a1cdefd6e01ff,Washington St & Barrow St,40.73191132323174,-74.008769094944,28,24,52,2026-02-17 14:02:31.973600,2026-02-17 14:02:31.973601
citi-bike-nyc,Citi Bike,"New York, NY",US,ce4f5e7133bd1316f6e8f8bd3a2ae0ff,Broadway & 74 St,40.74653,-73.89121,14,12,26,2026-02-17 14:02:31.973603,2026-02-17 14:02:31.973604
citi-bike-nyc,Citi Bike,"New York, NY",US,ce68cc7fec963efacf86a2188c4d75b9,St Johns Pl & Kingston Ave,40.67113,-73.94222,5,11,16,2026-02-17 14:02:31.973605,2026-02-17 14:02:31.973606
citi-bike-nyc,Citi Bike,"New York, NY",US,ceed7b120a51c4ae26176426e186ae4a,W 49 St & 8 Ave,40.76227205,-73.98788205,2,3,5,2026-02-17 14:02:31.973608,2026-02-17 14:02:31.973609
citi-bike-nyc,Citi Bike,"New York, NY",US,cf0c8d648ce7a14266344c9db6b10096,Crotona Pkwy & Bronx Park S,40.84784,-73.883,0,24,24,2026-02-17 14:02:31.973610,2026-02-17 14:02:31.973611
citi-bike-nyc,Citi Bike,"New York, NY",US,cf0e4540220f69ab4064080de80f2675,Throop Ave & Myrtle Ave,40.69622937,-73.94371094,4,16,20,2026-02-17 14:02:31.973612,2026-02-17 14:02:31.973613
citi-bike-nyc,Citi Bike,"New York, NY",US,cf11d2987b56423bca5f8dbacc1b2dfd,Liberty Light Rail,40.7112423,-74.0557013,5,15,20,2026-02-17 14:02:31.973615,2026-02-17 14:02:31.973616
citi-bike-nyc,Citi Bike,"New York, NY",US,cf31c0e43bed8ac4be38950b620f06d4,Broadway & Whipple St,40.7016657,-73.9437303,22,4,26,2026-02-17 14:02:31.973617,2026-02-17 14:02:31.973618
citi-bike-nyc,Citi Bike,"New York, NY",US,cf5ebf70e0920b8dc890dc6e015f3d52,1 Ave & E 30 St,40.74144387,-73.97536082,19,17,36,2026-02-17 14:02:31.973619,2026-02-17 14:02:31.973620
citi-bike-nyc,Citi Bike,"New York, NY",US,cf7c14fd2412babdb31d78aa1d2bce97,Delancey St & Eldridge St,40.719383,-73.991479,22,6,28,2026-02-17 14:02:31.973622,2026-02-17 14:02:31.973623
citi-bike-nyc,Citi Bike,"New York, NY",US,cf98029721ab6d5a1ccf65cee9cebd1b,Devoe St & Morgan Ave,40.713811,-73.93515,13,7,20,2026-02-17 14:02:31.973624,2026-02-17 14:02:31.973625
citi-bike-nyc,Citi Bike,"New York, NY",US,cfa81a8cba5cef3b0c2fc22f74d02419,Broadway & W 37 St,40.75172632,-73.98753523,35,21,56,2026-02-17 14:02:31.973626,2026-02-17 14:02:31.973627
citi-bike-nyc,Citi Bike,"New York, NY",US,cfacc99605ae32acd175482395d292d5,46 St & 28 Ave,40.763328,-73.908782,0,19,19,2026-02-17 14:02:31.973629,2026-02-17 14:02:31.973630
citi-bike-nyc,Citi Bike,"New York, NY",US,cfeabdac10ea8641533cba80e01775f5,Monroe St & Marcus Garvey Blvd,40.686722,-73.938988,0,19,19,2026-02-17 14:02:31.973631,2026-02-17 14:02:31.973632
citi-bike-nyc,Citi Bike,"New York, NY",US,d011df899229420210406a4c7382ae43,Forsyth St & Broome St,40.71893904,-73.99266288,59,0,59,2026-02-17 14:02:31.973633,2026-02-17 14:02:31.973634
citi-bike-nyc,Citi Bike,"New York, NY",US,d012145dca67349c7f9d58bc94fb1cb9,51 St & Hobart St,40.75767234025041,-73.90769943594933,1,21,22,2026-02-17 14:02:31.973636,2026-02-17 14:02:31.973637
citi-bike-nyc,Citi Bike,"New York, NY",US,d01e77bf2b80759ad982e03f66e8a6ce,Montgomery St & Franklin Ave,40.666439306870814,-73.9605563879013,8,10,18,2026-02-17 14:02:31.973638,2026-02-17 14:02:31.973639
citi-bike-nyc,Citi Bike,"New York, NY",US,d03dd44b3a4bff12a97bc7b51338890b,Eastern Pkwy & Rochester Ave,40.66846,-73.9282,20,4,24,2026-02-17 14:02:31.973640,2026-02-17 14:02:31.973641
citi-bike-nyc,Citi Bike,"New York, NY",US,d045809b64fa7c19f36f58646f0c06df,Van Sinderen Ave & Truxton St,40.6786,-73.90369,10,13,23,2026-02-17 14:02:31.973643,2026-02-17 14:02:31.973644
citi-bike-nyc,Citi Bike,"New York, NY",US,d04d4a21dd9d44d3203edcceb1b9c136,W 42 St & Dyer Ave,40.75898481399634,-73.99379968643188,0,29,29,2026-02-17 14:02:31.973645,2026-02-17 14:02:31.973646
citi-bike-nyc,Citi Bike,"New York, NY",US,d0602c69b366b808ecc3936c206e04bb,Knickerbocker Ave & George St,40.704425,-73.92836,22,0,22,2026-02-17 14:02:31.973647,2026-02-17 14:02:31.973648
citi-bike-nyc,Citi Bike,"New York, NY",US,d0840a0853da69b0d0055e2e08a12a4d,39 St & 50 Ave,40.73824937345944,-73.92737478017807,5,14,19,2026-02-17 14:02:31.973650,2026-02-17 14:02:31.973651
citi-bike-nyc,Citi Bike,"New York, NY",US,d0db03806047aa9e8784b1efa8fcabb4,S 3 St & Bedford Ave,40.71260486,-73.96264403,0,24,24,2026-02-17 14:02:31.973652,2026-02-17 14:02:31.973653
citi-bike-nyc,Citi Bike,"New York, NY",US,d13af71b8d461a0c43c8f70e2b1d517c,Van Buren St & Broadway,40.692,-73.92617,1,21,22,2026-02-17 14:02:31.973654,2026-02-17 14:02:31.973655
citi-bike-nyc,Citi Bike,"New York, NY",US,d16f73ce99302a1322d2b0bee806b57f,47 Ave & 109 St,40.74713,-73.85502,12,14,26,2026-02-17 14:02:31.973657,2026-02-17 14:02:31.973658
citi-bike-nyc,Citi Bike,"New York, NY",US,d176993bac5e06d9a432507e60140dd0,Perry Ave & E 204 St,40.87318,-73.87856,1,21,22,2026-02-17 14:02:31.973659,2026-02-17 14:02:31.973660
citi-bike-nyc,Citi Bike,"New York, NY",US,d1869103950fed1e8dd6bbf51a3a64c2,46 St & 25 Ave,40.765753,-73.90676,4,20,24,2026-02-17 14:02:31.973661,2026-02-17 14:02:31.973662
citi-bike-nyc,Citi Bike,"New York, NY",US,d193ffe1f2b11d804a23adfda41e6999,Albany St & Greenwich St,40.709267,-74.013247,43,0,43,2026-02-17 14:02:31.973663,2026-02-17 14:02:31.973664
citi-bike-nyc,Citi Bike,"New York, NY",US,d1b4b958798dcfadf82d9b6d4a077acc,St Marks Ave & Rochester Ave,40.67404,-73.92772,1,18,19,2026-02-17 14:02:31.973666,2026-02-17 14:02:31.973667
citi-bike-nyc,Citi Bike,"New York, NY",US,d1bc13fee0432641ebcc5e29f81e20f3,Lenox Ave & W 111 St,40.7987859,-73.9523,4,28,32,2026-02-17 14:02:31.973668,2026-02-17 14:02:31.973669
citi-bike-nyc,Citi Bike,"New York, NY",US,d1c871e8dd35586e9e908961d12ec9cd,Skillman Ave & Honeywell St,40.747148249032804,-73.92902433872223,2,13,15,2026-02-17 14:02:31.973671,2026-02-17 14:02:31.973672
citi-bike-nyc,Citi Bike,"New York, NY",US,d1d00ac0c332d32acc999ef42b6af14b,Jackson Ave & 49 Ave,40.7429302,-73.952037,27,0,27,2026-02-17 14:02:31.973673,2026-02-17 14:02:31.973674
citi-bike-nyc,Citi Bike,"New York, NY",US,d1f32168d1fa5e42e87f0905109a4eba,60 Pl & Flushing Ave,40.71988,-73.90556,5,14,19,2026-02-17 14:02:31.973675,2026-02-17 14:02:31.973676
citi-bike-nyc,Citi Bike,"New York, NY",US,d1fbd6a3ad6dc066d07cfbe81f823da2,Garrison Ave & Manida St,40.818743,-73.890247,0,29,29,2026-02-17 14:02:31.973677,2026-02-17 14:02:31.973678
citi-bike-nyc,Citi Bike,"New York, NY",US,d209a254fe66d69bc40b6bf16b9481c7,31 St & Ditmars Blvd,40.776168,-73.910485,16,7,23,2026-02-17 14:02:31.973680,2026-02-17 14:02:31.973681
citi-bike-nyc,Citi Bike,"New York, NY",US,d209faaba12c6b407be9ea2b7c62e38e,Knickerbocker Ave & Moffat St,40.690434,-73.903737,18,3,21,2026-02-17 14:02:31.973682,2026-02-17 14:02:31.973683
citi-bike-nyc,Citi Bike,"New York, NY",US,d2390114bd2dd4cc2c9dcf447000d64f,Grant Ave & MLK Dr,40.70919832245443,-74.08084273338318,2,16,18,2026-02-17 14:02:31.973689,2026-02-17 14:02:31.973690
citi-bike-nyc,Citi Bike,"New York, NY",US,d26f145d372fcd2daf416bb05124f13c,W 15 St & 10 Ave,40.742753828659026,-74.00747358798981,43,7,50,2026-02-17 14:02:31.973691,2026-02-17 14:02:31.973692
citi-bike-nyc,Citi Bike,"New York, NY",US,d2b844eb803935155ebd289e017f8884,2 Ave & 32 St,40.659176,-74.006584,26,0,26,2026-02-17 14:02:31.973694,2026-02-17 14:02:31.973695
citi-bike-nyc,Citi Bike,"New York, NY",US,d2c3a71a6328ba25c8015eb182dc4641,74 St & 37 Ave,40.74908,-73.89172,5,21,26,2026-02-17 14:02:31.973696,2026-02-17 14:02:31.973697
citi-bike-nyc,Citi Bike,"New York, NY",US,d2ccf83ad960756b6f73c0b6acddb11c,McKibbin St & Bogart St,40.706237,-73.933871,29,0,29,2026-02-17 14:02:31.973698,2026-02-17 14:02:31.973699
citi-bike-nyc,Citi Bike,"New York, NY",US,d2d94273d6e713415da55bb03a4eeddd,Inwood Ave & W 170 St,40.840536,-73.919228,13,2,15,2026-02-17 14:02:31.973701,2026-02-17 14:02:31.973702
citi-bike-nyc,Citi Bike,"New York, NY",US,d2eae25ea2488985eaf12a0cf0f90bef,Jay St & Tech Pl,40.695065,-73.987167,24,22,46,2026-02-17 14:02:31.973703,2026-02-17 14:02:31.973704
citi-bike-nyc,Citi Bike,"New York, NY",US,d2eaf2281ec4cfde2a49c176dca2fa3b,Stephen St & Seneca Ave,40.6988,-73.9007,3,12,15,2026-02-17 14:02:31.973705,2026-02-17 14:02:31.973706
citi-bike-nyc,Citi Bike,"New York, NY",US,d2f8c4eca965f73817b7d5dc84a971e6,E 103 St & Lexington Ave,40.7903051,-73.94755757,19,8,27,2026-02-17 14:02:31.973708,2026-02-17 14:02:31.973709
citi-bike-nyc,Citi Bike,"New York, NY",US,d324a6253185bd483fa4fab93be22840,5 Ave & 37 St,40.652657,-74.002356,25,2,27,2026-02-17 14:02:31.973710,2026-02-17 14:02:31.973711
citi-bike-nyc,Citi Bike,"New York, NY",US,d3287ccb643f020cf2d2ff1aa323b18a,Central Park W & W 103 St,40.79558954105342,-73.96188408136368,3,28,31,2026-02-17 14:02:31.973712,2026-02-17 14:02:31.973713
citi-bike-nyc,Citi Bike,"New York, NY",US,d32b9af99de8dfdae81da4b46fc4e6f3,Grand Concourse & E 144 St,40.816576,-73.927987,1,20,21,2026-02-17 14:02:31.973715,2026-02-17 14:02:31.973716
citi-bike-nyc,Citi Bike,"New York, NY",US,d369eaca4e509d5e0827f4f0a2108d1f,Park Ave & E 40 St,40.75112,-73.97851,36,32,68,2026-02-17 14:02:31.973717,2026-02-17 14:02:31.973718
citi-bike-nyc,Citi Bike,"New York, NY",US,d377e57cf86e200746f65247a0ae61e1,Broadway & W 234 St,40.88185,-73.90291,10,11,21,2026-02-17 14:02:31.973719,2026-02-17 14:02:31.973721
citi-bike-nyc,Citi Bike,"New York, NY",US,d37b0302fa765534a7d73a29fdfbed4b,E 165 St & Fox St,40.82394,-73.894025,4,19,23,2026-02-17 14:02:31.973722,2026-02-17 14:02:31.973723
citi-bike-nyc,Citi Bike,"New York, NY",US,d385cbcfe129012b044e6f537d5328b3,Lenox Ave & W 144 St,40.819783,-73.936521,10,6,16,2026-02-17 14:02:31.973724,2026-02-17 14:02:31.973725
citi-bike-nyc,Citi Bike,"New York, NY",US,d3be06c43e62705ef9de535c1734b8e2,Lenox Ave & W 115 St,40.8011939,-73.9500739,10,21,31,2026-02-17 14:02:31.973726,2026-02-17 14:02:31.973727
citi-bike-nyc,Citi Bike,"New York, NY",US,d4194ca1de3dcfe0b4bae22a28d7f53f,E 174 St & Walton Ave,40.844811,-73.912042,6,21,27,2026-02-17 14:02:31.973729,2026-02-17 14:02:31.973730
citi-bike-nyc,Citi Bike,"New York, NY",US,d4248926574fe134d94ce5fafdc7ba3e,98 St & 41 Ave,40.74773,-73.86649,4,17,21,2026-02-17 14:02:31.973731,2026-02-17 14:02:31.973732
citi-bike-nyc,Citi Bike,"New York, NY",US,d43920f32f2d193607dd83d7324b4397,Tiebout Ave & E 184 St,40.858498,-73.89637,4,14,18,2026-02-17 14:02:31.973733,2026-02-17 14:02:31.973734
citi-bike-nyc,Citi Bike,"New York, NY",US,d44444e03d4f61e40b663520c5e296b5,MacDonough St & Marcy Ave,40.68078,-73.94613,5,13,18,2026-02-17 14:02:31.973736,2026-02-17 14:02:31.973737
citi-bike-nyc,Citi Bike,"New York, NY",US,d46e87a213cb984bf70f4cb629aa5923,Barry St & Tiffany St,40.816126,-73.891559,3,16,19,2026-02-17 14:02:31.973738,2026-02-17 14:02:31.973739
citi-bike-nyc,Citi Bike,"New York, NY",US,d4e4f49d2b2a980633097ac1aadc20f6,Parkside Ave & Ocean Ave,40.65485,-73.96217,18,8,26,2026-02-17 14:02:31.973741,2026-02-17 14:02:31.973742
citi-bike-nyc,Citi Bike,"New York, NY",US,d4f467f71c672650627b1c057a63adc2,56 Ave & Junction Blvd,40.73716,-73.86625,17,0,17,2026-02-17 14:02:31.973743,2026-02-17 14:02:31.973744
citi-bike-nyc,Citi Bike,"New York, NY",US,d4fe71f0e97c51f84debe87a167bf2f0,Jerome Ave & W 195 St,40.86874,-73.89657,2,27,29,2026-02-17 14:02:31.973745,2026-02-17 14:02:31.973746
citi-bike-nyc,Citi Bike,"New York, NY",US,d526f6f513f1d3f4b21699b24be0bbc2,Cauldwell Ave & E 161 St,40.82188,-73.907521,1,17,18,2026-02-17 14:02:31.973748,2026-02-17 14:02:31.973749
citi-bike-nyc,Citi Bike,"New York, NY",US,d539158a25e45dfe32cc1a2a7f9127e6,Caton Ave & St. Pauls Pl,40.65153,-73.96277,13,4,17,2026-02-17 14:02:31.973750,2026-02-17 14:02:31.973751
citi-bike-nyc,Citi Bike,"New York, NY",US,d54a75a598412982370e5c44034e6adb,Kenmare St & Elizabeth St,40.72054,-73.9949,27,6,33,2026-02-17 14:02:31.973752,2026-02-17 14:02:31.973753
citi-bike-nyc,Citi Bike,"New York, NY",US,d576110a036084b229de387399808ec5,Ditmars Blvd & 48 St,40.769219,-73.901001,2,15,17,2026-02-17 14:02:31.973755,2026-02-17 14:02:31.973756
citi-bike-nyc,Citi Bike,"New York, NY",US,d577ae3fa5542a100948e4c54cba8f18,Union St & Bedford Ave,40.6691783,-73.9554162,4,15,19,2026-02-17 14:02:31.973757,2026-02-17 14:02:31.973758
citi-bike-nyc,Citi Bike,"New York, NY",US,d59724dcbdac93aa20fe628abf28b5f1,Hazen St & 20 Ave,40.772092,-73.895166,20,3,23,2026-02-17 14:02:31.973759,2026-02-17 14:02:31.973760
citi-bike-nyc,Citi Bike,"New York, NY",US,d5a03116dd16f043d86c51feb0b031d0,Congress St & Hicks St,40.6893952,-73.9995126,14,15,29,2026-02-17 14:02:31.973762,2026-02-17 14:02:31.973763
citi-bike-nyc,Citi Bike,"New York, NY",US,d5ae6f822136bae4e5461f1de5c7e34f,103 St & 41 Ave,40.74875,-73.86285,19,0,19,2026-02-17 14:02:31.973764,2026-02-17 14:02:31.973765
citi-bike-nyc,Citi Bike,"New York, NY",US,d5c7b5f0651852886d4fae6a9ae4b123,Eastern Pkwy & Nostrand Ave,40.66967,-73.9503,2,22,24,2026-02-17 14:02:31.973767,2026-02-17 14:02:31.973768
citi-bike-nyc,Citi Bike,"New York, NY",US,d5e063bbe9126f2799aa32f0588c8f7d,Soissons Landing,40.692566,-74.015936,12,1,13,2026-02-17 14:02:31.973769,2026-02-17 14:02:31.973770
citi-bike-nyc,Citi Bike,"New York, NY",US,d5f1e99b4fe194c54bcc33c4f9bf51aa,Hancock St & Stuyvesant Ave,40.68454,-73.9322,0,17,17,2026-02-17 14:02:31.973771,2026-02-17 14:02:31.973772
citi-bike-nyc,Citi Bike,"New York, NY",US,d62c970dd546b9c68aad5b91fd275498,40 St & 3 Ave,40.6535,-74.00902,30,1,31,2026-02-17 14:02:31.973774,2026-02-17 14:02:31.973775
citi-bike-nyc,Citi Bike,"New York, NY",US,d6316c6c6a201c085c882b24d06b7f62,72 St & Northern Blvd,40.75473,-73.89458,6,13,19,2026-02-17 14:02:31.973776,2026-02-17 14:02:31.973777
citi-bike-nyc,Citi Bike,"New York, NY",US,d63b213c0823cf9cb53e966ebc64feb0,57 St & 37 Ave,40.75048,-73.90513,10,12,22,2026-02-17 14:02:31.973779,2026-02-17 14:02:31.973780
citi-bike-nyc,Citi Bike,"New York, NY",US,d64df85f3efe479be2e9823f933e0a7c,Main St & Plymouth St,40.703781673548306,-73.99073392152786,41,0,41,2026-02-17 14:02:31.973781,2026-02-17 14:02:31.973782
citi-bike-nyc,Citi Bike,"New York, NY",US,d64f02211b99da480adaca4f1e0e5066,East End Ave & E 86 St,40.77518615,-73.94446054,12,10,22,2026-02-17 14:02:31.973785,2026-02-17 14:02:31.973786
citi-bike-nyc,Citi Bike,"New York, NY",US,d66e5abb961f529ed09f33c00d835d8a,Elmhurst Ave & Roosevelt Ave,40.74864,-73.87619,1,20,21,2026-02-17 14:02:31.973787,2026-02-17 14:02:31.973788
citi-bike-nyc,Citi Bike,"New York, NY",US,d672d4670a9402ce7b5971260df90bab,W 67 St & Broadway,40.77492513,-73.98266566,2,21,23,2026-02-17 14:02:31.973790,2026-02-17 14:02:31.973791
citi-bike-nyc,Citi Bike,"New York, NY",US,d6926819140f684b17c55c0fc99a686c,E 182 St & Park Ave,40.85455,-73.89507,8,11,19,2026-02-17 14:02:31.973792,2026-02-17 14:02:31.973793
citi-bike-nyc,Citi Bike,"New York, NY",US,d6c1064b4cf2086e9e0edd0f4ac3d7f5,Sedgwick Ave & W 195 St,40.87049,-73.90287,1,17,18,2026-02-17 14:02:31.973794,2026-02-17 14:02:31.973795
citi-bike-nyc,Citi Bike,"New York, NY",US,d6dd46b2bb3470d434b0c8255499ca0c,Willoughby Ave & Wyckoff Ave,40.705614,-73.92153,21,1,22,2026-02-17 14:02:31.973797,2026-02-17 14:02:31.973798
citi-bike-nyc,Citi Bike,"New York, NY",US,d6fc6c110c71b03ec4446c6e3bf88531,Broadway & W 138 St,40.82182,-73.95353,4,21,25,2026-02-17 14:02:31.973799,2026-02-17 14:02:31.973800
citi-bike-nyc,Citi Bike,"New York, NY",US,d71d6e21ef945a6d86a80f3055e8f9d6,Mercer St & Spring St,40.72362738,-73.99949601,49,5,54,2026-02-17 14:02:31.973801,2026-02-17 14:02:31.973802
citi-bike-nyc,Citi Bike,"New York, NY",US,d746185f2e8ca351ce1d878768e458db,31 Ave & 86 St,40.75958,-73.88219,10,9,19,2026-02-17 14:02:31.973804,2026-02-17 14:02:31.973805
citi-bike-nyc,Citi Bike,"New York, NY",US,d75e1ddca883df3af2d0828d9e45af33,32 Ave & 77 St,40.75727,-73.89024,21,1,22,2026-02-17 14:02:31.973806,2026-02-17 14:02:31.973807
citi-bike-nyc,Citi Bike,"New York, NY",US,d75e9c64ee304f0e5c04afa7253625d1,Eastern Pkwy & Franklin Ave (NE Corner),40.6707767,-73.9576801,22,18,40,2026-02-17 14:02:31.973808,2026-02-17 14:02:31.973809
citi-bike-nyc,Citi Bike,"New York, NY",US,d76408166f0663a383289a5d5d452c13,W 113 St & Broadway,40.805973,-73.964928,0,34,34,2026-02-17 14:02:31.973811,2026-02-17 14:02:31.973812
citi-bike-nyc,Citi Bike,"New York, NY",US,d76b452fb1fb20f42306ca3cf97a3730,W 47 St & 9 Ave,40.76153045158114,-73.99007007479668,0,48,48,2026-02-17 14:02:31.973813,2026-02-17 14:02:31.973814
citi-bike-nyc,Citi Bike,"New York, NY",US,d7750fdd80b688a4602bc41e9740b92a,Van Cortlandt Park S & Gouverneur Ave,40.88492,-73.89084,7,17,24,2026-02-17 14:02:31.973820,2026-02-17 14:02:31.973821
citi-bike-nyc,Citi Bike,"New York, NY",US,d78d5b273bd184cb40f51c07e5e16368,E 106 St & Lexington Ave,40.791976,-73.945993,14,13,27,2026-02-17 14:02:31.973823,2026-02-17 14:02:31.973824
citi-bike-nyc,Citi Bike,"New York, NY",US,d7bc65138b72266225018a3c723e1da2,E 167 St & Bryant Ave,40.82675430693443,-73.88871818097057,1,16,17,2026-02-17 14:02:31.973825,2026-02-17 14:02:31.973826
citi-bike-nyc,Citi Bike,"New York, NY",US,d7d6126642891ff9eb0a9cdf130ffcd1,Communipaw & Berry Lane,40.71435836870427,-74.06661093235016,1,13,14,2026-02-17 14:02:31.973828,2026-02-17 14:02:31.973829
citi-bike-nyc,Citi Bike,"New York, NY",US,d7d6aad1f9573bd930267222cc51ad00,E 170 St & Webster Ave,40.83617913677475,-73.90730146322765,16,7,23,2026-02-17 14:02:31.973830,2026-02-17 14:02:31.973831
citi-bike-nyc,Citi Bike,"New York, NY",US,d7f2c0c952be52ee17866e5082582235,Queens Blvd & 56 Ave,40.73481,-73.87431,34,0,34,2026-02-17 14:02:31.973832,2026-02-17 14:02:31.973833
citi-bike-nyc,Citi Bike,"New York, NY",US,d7ff9ddcb3a6e60ebc30a9b496c0f0b2,Central Ave & Woodbine St,40.69296,-73.91605,1,16,17,2026-02-17 14:02:31.973835,2026-02-17 14:02:31.973836
citi-bike-nyc,Citi Bike,"New York, NY",US,d80981905a4f312302c6233218adb4e9,Ditmars Blvd & 43 St,40.771203,-73.903865,6,20,26,2026-02-17 14:02:31.973837,2026-02-17 14:02:31.973838
citi-bike-nyc,Citi Bike,"New York, NY",US,d835a23155b562838d8878e14e21e873,64 St & Woodbine St,40.70809,-73.89549,4,14,18,2026-02-17 14:02:31.973840,2026-02-17 14:02:31.973841
citi-bike-nyc,Citi Bike,"New York, NY",US,d840ae5054d55060af7786d28bc291f8,Clinton St & Joralemon St,40.69239502,-73.99337909,25,19,44,2026-02-17 14:02:31.973842,2026-02-17 14:02:31.973843
citi-bike-nyc,Citi Bike,"New York, NY",US,d840fae588435ad6c219db0d4c252447,Adelphi St & Myrtle Ave,40.69308257,-73.97178913,7,20,27,2026-02-17 14:02:31.973844,2026-02-17 14:02:31.973845
citi-bike-nyc,Citi Bike,"New York, NY",US,d84d54af3cdb4173fb9752e491632eb6,Rutgers St & Henry St,40.71332151208186,-73.99009689688683,7,28,35,2026-02-17 14:02:31.973847,2026-02-17 14:02:31.973848
citi-bike-nyc,Citi Bike,"New York, NY",US,d8515357672a4247a53fc8df455bbe4a,E 115 St & Madison Ave,40.7989445,-73.944846,2,25,27,2026-02-17 14:02:31.973849,2026-02-17 14:02:31.973850
citi-bike-nyc,Citi Bike,"New York, NY",US,d885f6e9943222b303f1439144a3ed24,E 201 St & Briggs Ave,40.87207,-73.88459,2,17,19,2026-02-17 14:02:31.973851,2026-02-17 14:02:31.973852
citi-bike-nyc,Citi Bike,"New York, NY",US,d898e4ff836e27a0859a506d6b13d3a4,Barrow St & Hudson St,40.73172428,-74.00674436,29,8,37,2026-02-17 14:02:31.973854,2026-02-17 14:02:31.973855
citi-bike-nyc,Citi Bike,"New York, NY",US,d89a642cfb6a9d55954c6010462d0eb8,Prospect Park W & 20 St,40.656633,-73.983864,3,21,24,2026-02-17 14:02:31.973856,2026-02-17 14:02:31.973857
citi-bike-nyc,Citi Bike,"New York, NY",US,d8b64bdc251e0d9501d5cd52f5f89e00,Metropolitan Ave & Stewart Ave,40.71401,-73.92793,19,1,20,2026-02-17 14:02:31.973858,2026-02-17 14:02:31.973859
citi-bike-nyc,Citi Bike,"New York, NY",US,d8bf2f87cc329894c610360558e9220d,Knickerbocker Ave & Thames St,40.70539,-73.92976,16,3,19,2026-02-17 14:02:31.973861,2026-02-17 14:02:31.973862
citi-bike-nyc,Citi Bike,"New York, NY",US,d8c58f9309273ff0f6f12a38b2ab53c9,10 Ave & W 204 St,40.862638,-73.92006,5,12,17,2026-02-17 14:02:31.973863,2026-02-17 14:02:31.973864
citi-bike-nyc,Citi Bike,"New York, NY",US,d8cc1bee00e38a208fe6a86d56e1899c,Cathedral Pkwy & Broadway,40.804213,-73.96699104,1,21,22,2026-02-17 14:02:31.973866,2026-02-17 14:02:31.973867
citi-bike-nyc,Citi Bike,"New York, NY",US,d8e4277a5b4faf9fe259c98196c57f08,Myrtle Ave & Grove St,40.69905,-73.91516,1,22,23,2026-02-17 14:02:31.973868,2026-02-17 14:02:31.973869
citi-bike-nyc,Citi Bike,"New York, NY",US,d92c5903e7b8b769dc35fb2dc6fb61e4,Dyckman St & Staff St,40.868846,-73.931537,15,3,18,2026-02-17 14:02:31.973870,2026-02-17 14:02:31.973871
citi-bike-nyc,Citi Bike,"New York, NY",US,d93b4c67d7689eb23b2bc0ad6b53f7d2,5 Ave & E 72 St,40.77282817,-73.96685276,24,2,26,2026-02-17 14:02:31.973873,2026-02-17 14:02:31.973874
citi-bike-nyc,Citi Bike,"New York, NY",US,d94c03dda66c17011015faaa43b575cb,Van Nostrand Ave & Ocean Ave,40.69983,-74.08416,2,10,12,2026-02-17 14:02:31.973875,2026-02-17 14:02:31.973876
citi-bike-nyc,Citi Bike,"New York, NY",US,d95bfa86a2dc69e59a6ed8e29bf2ddd9,5 Ave & 44 St,40.64865,-74.00646,1,22,23,2026-02-17 14:02:31.973877,2026-02-17 14:02:31.973878
citi-bike-nyc,Citi Bike,"New York, NY",US,d966694aad561358ccdee46e55df5cb9,South Railroad Ave & Broadway,40.741,-73.88027,23,2,25,2026-02-17 14:02:31.973880,2026-02-17 14:02:31.973881
citi-bike-nyc,Citi Bike,"New York, NY",US,d9df7b743d847ef7b88d5d637230fa9e,S 4 St & Rodney St,40.70934,-73.95608,18,3,21,2026-02-17 14:02:31.973882,2026-02-17 14:02:31.973883
citi-bike-nyc,Citi Bike,"New York, NY",US,d9ede1cfcb7833690691cfda17e1ad24,34 Ave & 83 St,40.753935004830225,-73.88390148299196,0,19,19,2026-02-17 14:02:31.973888,2026-02-17 14:02:31.973889
citi-bike-nyc,Citi Bike,"New York, NY",US,da1186c254d1d4508022d646286aeef6,W 190 St & Broadway,40.85648733523576,-73.93296986818314,2,17,19,2026-02-17 14:02:31.973891,2026-02-17 14:02:31.973892
citi-bike-nyc,Citi Bike,"New York, NY",US,da2cdd958b98bd2f6c72434f2234156b,Adam Clayton Powell Blvd & W 132 St,40.813539,-73.94521,4,17,21,2026-02-17 14:02:31.973893,2026-02-17 14:02:31.973894
citi-bike-nyc,Citi Bike,"New York, NY",US,da369a54539ac860967d94cc11a7be03,76 St & 21 Ave,40.77028,-73.893675,13,4,17,2026-02-17 14:02:31.973896,2026-02-17 14:02:31.973897
citi-bike-nyc,Citi Bike,"New York, NY",US,da5a7b1ea0523c9a02baca5ae8deb0e4,Allen St & Rivington St,40.72019576,-73.98997825,28,13,41,2026-02-17 14:02:31.973898,2026-02-17 14:02:31.973899
citi-bike-nyc,Citi Bike,"New York, NY",US,da5ee587acb8ec43ba2f1024d9b2ed60,Boston Rd & E 178 St,40.84096,-73.87923,20,0,20,2026-02-17 14:02:31.973904,2026-02-17 14:02:31.973905
citi-bike-nyc,Citi Bike,"New York, NY",US,da6c7ad6e119a8ffcfd2b6217c5302d7,W 30 St & 8 Ave,40.74964702898657,-73.99506707345266,34,27,61,2026-02-17 14:02:31.973906,2026-02-17 14:02:31.973907
citi-bike-nyc,Citi Bike,"New York, NY",US,da721ec687d6a14a6eb5bcf50b76df7e,Grove St PATH,40.71941,-74.04309,25,13,38,2026-02-17 14:02:31.973909,2026-02-17 14:02:31.973910
citi-bike-nyc,Citi Bike,"New York, NY",US,da75bded2ab6c46c04acc426b276f2f1,Brevoort Pl & Bedford Ave,40.68012,-73.95362,8,15,23,2026-02-17 14:02:31.973911,2026-02-17 14:02:31.973912
citi-bike-nyc,Citi Bike,"New York, NY",US,daa4b5e1cac4dfb931b7e85c44db3339,Union St & 4 Ave,40.6772744,-73.98282002,22,1,23,2026-02-17 14:02:31.973913,2026-02-17 14:02:31.973914
citi-bike-nyc,Citi Bike,"New York, NY",US,dade337f32b3d73e0533530605ebd67c,E 51 St & 1 Ave,40.75455731,-73.96592976,1,32,33,2026-02-17 14:02:31.973916,2026-02-17 14:02:31.973917
citi-bike-nyc,Citi Bike,"New York, NY",US,db10d0cbd723a3b613740364fd288118,Danforth Light Rail,40.69277,-74.0878,13,2,15,2026-02-17 14:02:31.973918,2026-02-17 14:02:31.973919
citi-bike-nyc,Citi Bike,"New York, NY",US,db148e74014d93abec1a0f24f4e99af5,McKeever Pl & Sullivan Pl,40.66432331577469,-73.95921791486467,9,9,18,2026-02-17 14:02:31.973921,2026-02-17 14:02:31.973922
citi-bike-nyc,Citi Bike,"New York, NY",US,db2389646ab5c7405eee1fe2464a8423,E 8 St & Caton Ave,40.648055,-73.972432,21,2,23,2026-02-17 14:02:31.973923,2026-02-17 14:02:31.973924
citi-bike-nyc,Citi Bike,"New York, NY",US,db29424f3461b1c176786b12fecf6850,21 St & 20 Ave,40.78393602019729,-73.91273114065842,10,9,19,2026-02-17 14:02:31.973925,2026-02-17 14:02:31.973926
citi-bike-nyc,Citi Bike,"New York, NY",US,db411e4222a735e7f1d1b9cb03b26c27,Dean St & Rockaway Ave,40.67486,-73.91123,8,13,21,2026-02-17 14:02:31.973928,2026-02-17 14:02:31.973929
citi-bike-nyc,Citi Bike,"New York, NY",US,db932545a1831995da1a85d63ce0bdcb,Suydam St & St Nicholas Ave,40.70636,-73.91945,7,3,10,2026-02-17 14:02:31.973930,2026-02-17 14:02:31.973931
citi-bike-nyc,Citi Bike,"New York, NY",US,dba85c81433720958745b85f534ff8f6,Borden Ave & 25 St,40.7396139,-73.945151,23,0,23,2026-02-17 14:02:31.973932,2026-02-17 14:02:31.973933
citi-bike-nyc,Citi Bike,"New York, NY",US,dbac722ca285560c5105c463201b3ce9,Grove St & Broadway,40.69047,-73.923511,4,26,30,2026-02-17 14:02:31.973935,2026-02-17 14:02:31.973936
citi-bike-nyc,Citi Bike,"New York, NY",US,dbafabe812b9c13381b35040fb2934de,Greenwich St & Perry St,40.73498,-74.00697,12,29,41,2026-02-17 14:02:31.973937,2026-02-17 14:02:31.973938
citi-bike-nyc,Citi Bike,"New York, NY",US,dbc5b6c0ad5edea296108b5cec7ef008,53 St & Roosevelt Ave,40.74462,-73.91143,0,17,17,2026-02-17 14:02:31.973939,2026-02-17 14:02:31.973940
citi-bike-nyc,Citi Bike,"New York, NY",US,dbe3cf1caac1f3526e56e8305d0fae6f,W 181 St & Riverside Dr,40.85168,-73.94186,4,16,20,2026-02-17 14:02:31.973942,2026-02-17 14:02:31.973943
citi-bike-nyc,Citi Bike,"New York, NY",US,dc3b63e328ee66837cb5cf8753e380bb,Bushwick Ave & Furman Ave,40.68281,-73.90623,20,8,28,2026-02-17 14:02:31.973944,2026-02-17 14:02:31.973945
citi-bike-nyc,Citi Bike,"New York, NY",US,dc49cf8ba087c4d478091d789e37f632,Lafayette St & Jersey St,40.72456089,-73.99565293,40,3,43,2026-02-17 14:02:31.973947,2026-02-17 14:02:31.973948
citi-bike-nyc,Citi Bike,"New York, NY",US,dc6896894acb658c93ee1acbc2e84d97,53 Ave & 62 St,40.73169,-73.90159,15,1,16,2026-02-17 14:02:31.973949,2026-02-17 14:02:31.973950
citi-bike-nyc,Citi Bike,"New York, NY",US,dc81727beefa882af77d3c134c24c297,54 St & 37 Ave,40.75098,-73.90799,5,18,23,2026-02-17 14:02:31.973951,2026-02-17 14:02:31.973952
citi-bike-nyc,Citi Bike,"New York, NY",US,dc89d104fffabdbe87b54eccf5893cf0,Schenectady Ave & President St,40.66732,-73.93398,0,21,21,2026-02-17 14:02:31.973956,2026-02-17 14:02:31.973957
citi-bike-nyc,Citi Bike,"New York, NY",US,dc8a9ce122fa1d7ba30611a2baf46430,77 St & 24 Ave,40.76428,-73.89156,5,14,19,2026-02-17 14:02:31.973958,2026-02-17 14:02:31.973959
citi-bike-nyc,Citi Bike,"New York, NY",US,dc9e5dd28c096e4da332fe5dbceb32ac,Columbus Ave & W 59 St,40.76931,-73.98464,5,17,22,2026-02-17 14:02:31.973961,2026-02-17 14:02:31.973962
citi-bike-nyc,Citi Bike,"New York, NY",US,dcdf8006ca07ed992e17100834d1e7a6,Maple St & New York Ave,40.66104,-73.94795,21,0,21,2026-02-17 14:02:31.973963,2026-02-17 14:02:31.973964
citi-bike-nyc,Citi Bike,"New York, NY",US,dcfe41467821a88bec67179cf4dc0a70,Suydam St & Knickerbocker Ave,40.702013,-73.923769,21,3,24,2026-02-17 14:02:31.973966,2026-02-17 14:02:31.973967
citi-bike-nyc,Citi Bike,"New York, NY",US,dd12f4ecc96423ab9a9f6bf3bda54f00,Brooklyn Ave & Tilden Ave,40.64725,-73.94352,17,3,20,2026-02-17 14:02:31.973968,2026-02-17 14:02:31.973969
citi-bike-nyc,Citi Bike,"New York, NY",US,dd209ff56a9ba5c264e0a55f64987ccf,Lafayette Ave & Ft Greene Pl,40.68700231292619,-73.97664964199066,25,8,33,2026-02-17 14:02:31.973970,2026-02-17 14:02:31.973971
citi-bike-nyc,Citi Bike,"New York, NY",US,dd65f768a58690341827b004ce383bf2,Shore Rd & 74 St,40.63414,-74.03699,7,2,9,2026-02-17 14:02:31.973973,2026-02-17 14:02:31.973974
citi-bike-nyc,Citi Bike,"New York, NY",US,dd6c9e7ddf47dceedcfa3ae900c35247,Central Ave & Covert St,40.68929,-73.90951,1,28,29,2026-02-17 14:02:31.973975,2026-02-17 14:02:31.973976
citi-bike-nyc,Citi Bike,"New York, NY",US,dd73d704e59dd96b69384490a140d1a2,Steinway St & 21 Ave,40.774798,-73.903787,7,14,21,2026-02-17 14:02:31.973977,2026-02-17 14:02:31.973978
citi-bike-nyc,Citi Bike,"New York, NY",US,dd78df6830d7425d95f485bcb28e4c15,Bushwick Ave & Linden St,40.69146,-73.92146,15,13,28,2026-02-17 14:02:31.973980,2026-02-17 14:02:31.973981
citi-bike-nyc,Citi Bike,"New York, NY",US,dd923988d97316f83cba993c57d78a02,64 St & 51 Ave,40.73577,-73.90184,7,10,17,2026-02-17 14:02:31.973982,2026-02-17 14:02:31.973983
citi-bike-nyc,Citi Bike,"New York, NY",US,dda5125a571d0c45015a07ac67bed4d8,E 102 St & 1 Ave,40.7869946,-73.94164802,5,17,22,2026-02-17 14:02:31.973985,2026-02-17 14:02:31.973986
citi-bike-nyc,Citi Bike,"New York, NY",US,ddaa3c355e62eef39bd6c2e72f3a0b0b,Walnut Ave & E 136 St,40.801657,-73.909513,4,13,17,2026-02-17 14:02:31.973987,2026-02-17 14:02:31.973988
citi-bike-nyc,Citi Bike,"New York, NY",US,ddf039ed9a59628165cec3eca45decfd,5 Ave & W 131 St,40.81014,-73.93973,0,20,20,2026-02-17 14:02:31.973993,2026-02-17 14:02:31.973994
citi-bike-nyc,Citi Bike,"New York, NY",US,de2ee0a5c055635bb4bcad94c94b9dc1,State St & Smith St,40.68917,-73.9886,57,1,58,2026-02-17 14:02:31.973996,2026-02-17 14:02:31.973997
citi-bike-nyc,Citi Bike,"New York, NY",US,de31f369d955e4a5ac3cea245c81cf07,Albany Ave & Park Pl,40.67297,-73.93896,9,10,19,2026-02-17 14:02:31.973998,2026-02-17 14:02:31.973999
citi-bike-nyc,Citi Bike,"New York, NY",US,de3d35c8fbb329c961a0c6340d9a5824,Bailey Ave & W 193 St,40.87069,-73.90678,19,2,21,2026-02-17 14:02:31.974000,2026-02-17 14:02:31.974001
citi-bike-nyc,Citi Bike,"New York, NY",US,de54accb14b7cd132b41a1a38dd42171,River Ave & E 153 St,40.82441,-73.92818,13,11,24,2026-02-17 14:02:31.974003,2026-02-17 14:02:31.974004
citi-bike-nyc,Citi Bike,"New York, NY",US,de67b1642fa1e4c29d6771336cc7a608,Clinton St & 4 Place,40.6783563,-74.00014502,6,15,21,2026-02-17 14:02:31.974005,2026-02-17 14:02:31.974006
citi-bike-nyc,Citi Bike,"New York, NY",US,de73c97362ddfdae0a1870168a0fa86f,7 St & 3 Ave,40.67260298150126,-73.98983001708984,20,4,24,2026-02-17 14:02:31.974010,2026-02-17 14:02:31.974011
citi-bike-nyc,Citi Bike,"New York, NY",US,de82d6c6a9681ed5f5b0d7fa5ab1bee5,W Fordham Rd & Loring Pl N,40.86295,-73.90741,0,19,19,2026-02-17 14:02:31.974012,2026-02-17 14:02:31.974013
citi-bike-nyc,Citi Bike,"New York, NY",US,de883dd6e6eba259c52c6a36f015dc6a,W 27 St & 6 Ave,40.74526,-73.99062,54,8,62,2026-02-17 14:02:31.974014,2026-02-17 14:02:31.974015
citi-bike-nyc,Citi Bike,"New York, NY",US,de8a1f7039afb814db478f2d2127959a,E 12 St & Ave C,40.727243,-73.976831,2,38,40,2026-02-17 14:02:31.974017,2026-02-17 14:02:31.974018
citi-bike-nyc,Citi Bike,"New York, NY",US,de9d1a142c9d8843ed7214b3e961aa98,Amsterdam Ave & W 175 St,40.844044,-73.933651,2,19,21,2026-02-17 14:02:31.974019,2026-02-17 14:02:31.974020
citi-bike-nyc,Citi Bike,"New York, NY",US,dedcafc1e87ea571b61903825182daf6,6 Ave & 9 St,40.668127,-73.98377641,20,5,25,2026-02-17 14:02:31.974022,2026-02-17 14:02:31.974023
citi-bike-nyc,Citi Bike,"New York, NY",US,dee6f77d83418e3c72e5eead10df3f4c,Clarkson Ave & E 37 St,40.65577,-73.9432,14,5,19,2026-02-17 14:02:31.974024,2026-02-17 14:02:31.974025
citi-bike-nyc,Citi Bike,"New York, NY",US,def4ae185c282f26b93536bb8c15a0d8,Corona Ave & 92 St,40.7424,-73.87251,7,13,20,2026-02-17 14:02:31.974029,2026-02-17 14:02:31.974030
citi-bike-nyc,Citi Bike,"New York, NY",US,df159a56b264a8c89e2af821bbe871bd,E 26 St & 3 Ave,40.74069317733043,-73.98160636425018,1,35,36,2026-02-17 14:02:31.974031,2026-02-17 14:02:31.974032
citi-bike-nyc,Citi Bike,"New York, NY",US,df3fbcb844e78d0ddecb55e2ae3033cd,3 Ave & E 82 St,40.775744,-73.9563752,17,20,37,2026-02-17 14:02:31.974033,2026-02-17 14:02:31.974034
citi-bike-nyc,Citi Bike,"New York, NY",US,df76c361f1ce732dbec06c99bd7ba0ba,83 St & Narrows Ave,40.62757,-74.03838,11,1,12,2026-02-17 14:02:31.974036,2026-02-17 14:02:31.974037
citi-bike-nyc,Citi Bike,"New York, NY",US,df8f52e24c61a15be77c2c6dd3e6e3fb,Lorimer St & Broadway,40.70411791,-73.94818595,17,12,29,2026-02-17 14:02:31.974038,2026-02-17 14:02:31.974039
citi-bike-nyc,Citi Bike,"New York, NY",US,dfc5d8f6cec813584be190e7094f1264,6 St & 7 Ave,40.6686627,-73.97988067,13,5,18,2026-02-17 14:02:31.974041,2026-02-17 14:02:31.974042
citi-bike-nyc,Citi Bike,"New York, NY",US,dff43fd27ec8395a16ace5fc7c20b810,Tilden Ave & Lott St,40.64661,-73.95401,9,7,16,2026-02-17 14:02:31.974043,2026-02-17 14:02:31.974044
citi-bike-nyc,Citi Bike,"New York, NY",US,e05a8fe556c00302a9fc28ea0a9ad2f0,31 St & Astoria Blvd,40.7699176,-73.9184057,18,12,30,2026-02-17 14:02:31.974045,2026-02-17 14:02:31.974046
citi-bike-nyc,Citi Bike,"New York, NY",US,e06ccc7c1b7b98b341ce390aa46c98eb,Danforth Ave & JFK Blvd,40.70056,-74.09474,1,15,16,2026-02-17 14:02:31.974048,2026-02-17 14:02:31.974049
citi-bike-nyc,Citi Bike,"New York, NY",US,e08d294905b3886f92705e55528297b5,89 St & 3 Ave,40.62137,-74.03209,3,11,14,2026-02-17 14:02:31.974053,2026-02-17 14:02:31.974054
citi-bike-nyc,Citi Bike,"New York, NY",US,e0a6600dee34563cb0e2e7f6e4bbaeb0,Frederick Douglass Blvd & W 139 St,40.81900581806558,-73.94476890563965,0,19,19,2026-02-17 14:02:31.974055,2026-02-17 14:02:31.974056
citi-bike-nyc,Citi Bike,"New York, NY",US,e0a9acfb2284b446b096f3ba8be9c7e5,E 27 St & Park Ave S,40.74275179648995,-73.9847157150507,47,14,61,2026-02-17 14:02:31.974058,2026-02-17 14:02:31.974059
citi-bike-nyc,Citi Bike,"New York, NY",US,e0ca1b1ac01fe267d8a8a140c6841aa7,E 17 St & Beverley Rd,40.64466,-73.96322,3,19,22,2026-02-17 14:02:31.974060,2026-02-17 14:02:31.974061
citi-bike-nyc,Citi Bike,"New York, NY",US,e0e1349d37c7847fb7a9d989b497117e,Fulton St & Broadway,40.711066,-74.009447,47,1,48,2026-02-17 14:02:31.974063,2026-02-17 14:02:31.974064
citi-bike-nyc,Citi Bike,"New York, NY",US,e0e259489d692a26bbdb5f11a0bf7856,3 St & Prospect Park West,40.668132,-73.97363831,4,24,28,2026-02-17 14:02:31.974065,2026-02-17 14:02:31.974066
citi-bike-nyc,Citi Bike,"New York, NY",US,e11b06205214b1c47ede500277b06b5b,Carmine St & 6 Ave,40.73038599,-74.00214988,50,8,58,2026-02-17 14:02:31.974071,2026-02-17 14:02:31.974072
citi-bike-nyc,Citi Bike,"New York, NY",US,e16e3209a97b72c45e0923875e2a0905,Metropolitan Ave & Bedford Ave,40.71534825,-73.96024116,48,2,50,2026-02-17 14:02:31.974073,2026-02-17 14:02:31.974074
citi-bike-nyc,Citi Bike,"New York, NY",US,e17c12d12f92938ae7eefd3c06ab68d5,Harman St & Seneca Ave,40.70577,-73.91292,3,14,17,2026-02-17 14:02:31.974075,2026-02-17 14:02:31.974076
citi-bike-nyc,Citi Bike,"New York, NY",US,e18bf8be39e97fef59811f4c452af29f,Page Pl & Grand Ave,40.71798,-73.91818,3,17,20,2026-02-17 14:02:31.974078,2026-02-17 14:02:31.974079
citi-bike-nyc,Citi Bike,"New York, NY",US,e18cbef0188beb59e10d3d4d867067bd,Cadman Plaza E & Tillary St,40.69597683,-73.99014892,12,38,50,2026-02-17 14:02:31.974081,2026-02-17 14:02:31.974082
citi-bike-nyc,Citi Bike,"New York, NY",US,e198b8a426b9f182dfe88774eb901acf,Madison St & Woodward Ave,40.70408,-73.90408,4,16,20,2026-02-17 14:02:31.974083,2026-02-17 14:02:31.974084
citi-bike-nyc,Citi Bike,"New York, NY",US,e1aa84c60a4dd7d0f5387de289b781fe,Frederick Douglass Blvd & Harlem River Dr,40.830702,-73.936371,0,17,17,2026-02-17 14:02:31.974087,2026-02-17 14:02:31.974088
citi-bike-nyc,Citi Bike,"New York, NY",US,e1cc591d1935147c8d097a599cebca63,Pacific St & Ralph Ave,40.67607,-73.92171,0,17,17,2026-02-17 14:02:31.974090,2026-02-17 14:02:31.974091
citi-bike-nyc,Citi Bike,"New York, NY",US,e1ef8c16f5bcc2fc0522cc10c0bc9987,6 Ave & W 34 St,40.74964,-73.98805,23,38,61,2026-02-17 14:02:31.974092,2026-02-17 14:02:31.974093
citi-bike-nyc,Citi Bike,"New York, NY",US,e256cfe16e29d02ca42a0bcb84bc57ac,Milton St & Franklin St,40.72906,-73.95779,18,9,27,2026-02-17 14:02:31.974095,2026-02-17 14:02:31.974096
citi-bike-nyc,Citi Bike,"New York, NY",US,e25af08b1eda9b1bda31744312b16ee7,Ave A & E 11 St,40.72854745023944,-73.98175925016403,1,57,58,2026-02-17 14:02:31.974097,2026-02-17 14:02:31.974098
citi-bike-nyc,Citi Bike,"New York, NY",US,e25f2f5c171e2e8184db41201b90b2e7,W 90 St & Amsterdam Ave,40.79018,-73.97289,0,30,30,2026-02-17 14:02:31.974099,2026-02-17 14:02:31.974100
citi-bike-nyc,Citi Bike,"New York, NY",US,e264b8d03a951e65d5ca156616d62eb5,7 Ave & 20 St,40.659053,-73.98854,10,10,20,2026-02-17 14:02:31.974107,2026-02-17 14:02:31.974108
citi-bike-nyc,Citi Bike,"New York, NY",US,e2972c52e4901e21adf34487fdb7e580,E 103 St & 2 Ave,40.78864,-73.9436,8,23,31,2026-02-17 14:02:31.974110,2026-02-17 14:02:31.974111
citi-bike-nyc,Citi Bike,"New York, NY",US,e2c1a5b4e6fb29e4adcf0a972a8f3d49,30 Ave & 12 St,40.771717105208275,-73.93159255385399,3,28,31,2026-02-17 14:02:31.974112,2026-02-17 14:02:31.974113
citi-bike-nyc,Citi Bike,"New York, NY",US,e2cee90fb7f8c1e644f557319227db96,Catalpa Ave & Woodward Ave,40.70229,-73.90145,10,9,19,2026-02-17 14:02:31.974114,2026-02-17 14:02:31.974115
citi-bike-nyc,Citi Bike,"New York, NY",US,e2f1e9f2082ba5af903887796585ac5c,E 31 St & 3 Ave,40.74394314,-73.97966069,3,59,62,2026-02-17 14:02:31.974117,2026-02-17 14:02:31.974118
citi-bike-nyc,Citi Bike,"New York, NY",US,e30099388767bc1966bd5659eb7ce538,Broadway & Berry St,40.71036129922581,-73.96530389785767,16,7,23,2026-02-17 14:02:31.974122,2026-02-17 14:02:31.974123
citi-bike-nyc,Citi Bike,"New York, NY",US,e3163e16f502fa1ad61831d17f435def,Pearl St & Hanover Square,40.7047177,-74.00926027,60,0,60,2026-02-17 14:02:31.974125,2026-02-17 14:02:31.974126
citi-bike-nyc,Citi Bike,"New York, NY",US,e34bb133a7e5baf1452ce024717d6d7a,2 Ave & E 99 St,40.7862586,-73.94552579,19,10,29,2026-02-17 14:02:31.974127,2026-02-17 14:02:31.974128
citi-bike-nyc,Citi Bike,"New York, NY",US,e34eb6ee9e32849fb236add92542ad21,20 Ave & 48 St,40.772899,-73.896849,20,3,23,2026-02-17 14:02:31.974129,2026-02-17 14:02:31.974130
citi-bike-nyc,Citi Bike,"New York, NY",US,e357bb5c3c85cb16915cc4aaf70ee742,Bond St & Bergen St,40.6849668,-73.98620772,22,3,25,2026-02-17 14:02:31.974132,2026-02-17 14:02:31.974133
citi-bike-nyc,Citi Bike,"New York, NY",US,e36347071ae8d966f1c13fae8780f373,Stockholm St & Wilson Ave,40.699304,-73.923044,8,7,15,2026-02-17 14:02:31.974134,2026-02-17 14:02:31.974135
citi-bike-nyc,Citi Bike,"New York, NY",US,e364546944301178f4834ea1cdb485a9,67 St & Erik Pl,40.633385,-74.016562,5,14,19,2026-02-17 14:02:31.974137,2026-02-17 14:02:31.974138
citi-bike-nyc,Citi Bike,"New York, NY",US,e3866e6d05f6e62bd0927437c3276da0,57 Rd & 58 St,40.72235,-73.91215,16,2,18,2026-02-17 14:02:31.974139,2026-02-17 14:02:31.974140
citi-bike-nyc,Citi Bike,"New York, NY",US,e3c3507f71a83636213f6db71ed6196b,Graham Ave & Withers St,40.7169811,-73.94485918,0,5,5,2026-02-17 14:02:31.974141,2026-02-17 14:02:31.974142
citi-bike-nyc,Citi Bike,"New York, NY",US,e3c5ee6b4163793a996d99add7ee1f01,Jerome Ave & E Mosholu Pkwy S,40.87935,-73.88534,4,19,23,2026-02-17 14:02:31.974144,2026-02-17 14:02:31.974145
citi-bike-nyc,Citi Bike,"New York, NY",US,e41fe1661e05ba5c7e9b51acd6b4630c,44 St & 48 Ave,40.73941387498411,-73.92131969332695,2,20,22,2026-02-17 14:02:31.974146,2026-02-17 14:02:31.974147
citi-bike-nyc,Citi Bike,"New York, NY",US,e4249b1ebf4eb58297acf78e9f9fb778,Bay Ridge Pkwy & 5 Ave,40.62967,-74.02275,5,9,14,2026-02-17 14:02:31.974151,2026-02-17 14:02:31.974152
citi-bike-nyc,Citi Bike,"New York, NY",US,e43be4b7a3d10ddc0f6a4f2e2f4b07d1,79 St & 5 Ave,40.62646,-74.02367,8,6,14,2026-02-17 14:02:31.974154,2026-02-17 14:02:31.974155
citi-bike-nyc,Citi Bike,"New York, NY",US,e44701a0c39fb777f49e460bf5eb5402,E 181 St & Bathgate Ave,40.85198,-73.89438,3,17,20,2026-02-17 14:02:31.974156,2026-02-17 14:02:31.974157
citi-bike-nyc,Citi Bike,"New York, NY",US,e454bd046a8dcd3075d8f6c6b34decb4,Martense Ave & 108 St,40.74214,-73.85418,17,1,18,2026-02-17 14:02:31.974158,2026-02-17 14:02:31.974159
citi-bike-nyc,Citi Bike,"New York, NY",US,e4672652b99033ad9d6020ee08ce7ead,Journal Square,40.73367,-74.0625,5,11,16,2026-02-17 14:02:31.974161,2026-02-17 14:02:31.974162
citi-bike-nyc,Citi Bike,"New York, NY",US,e4898b092786c080047c55b483fcf475,Fort Hamilton Pkwy & 85 St,40.62095,-74.02388,4,1,5,2026-02-17 14:02:31.974163,2026-02-17 14:02:31.974164
citi-bike-nyc,Citi Bike,"New York, NY",US,e4a5b84cf4ba008fbca1259d55f7d67d,Adams St & Prospect St,40.700763083261506,-73.98869812488556,51,2,53,2026-02-17 14:02:31.974165,2026-02-17 14:02:31.974166
citi-bike-nyc,Citi Bike,"New York, NY",US,e4c22958a6ad0ab057c37ae17adcdea3,Eliot Ave & 60 Ln,40.71391,-73.90299,13,8,21,2026-02-17 14:02:31.974168,2026-02-17 14:02:31.974169
citi-bike-nyc,Citi Bike,"New York, NY",US,e4d564c4a3bd49cbc9de1e0a7106282a,Tinton Ave & E 165 St,40.824796,-73.90242,1,16,17,2026-02-17 14:02:31.974170,2026-02-17 14:02:31.974171
citi-bike-nyc,Citi Bike,"New York, NY",US,e4fc92640874c6d2c7f32931de569bcd,24 Ave & 26 St,40.774591,-73.918544,8,10,18,2026-02-17 14:02:31.974174,2026-02-17 14:02:31.974175
citi-bike-nyc,Citi Bike,"New York, NY",US,e502f4106c6775910f59b1325af5ef21,Troy Ave & Linden Blvd,40.6533,-73.93644,18,2,20,2026-02-17 14:02:31.974176,2026-02-17 14:02:31.974177
citi-bike-nyc,Citi Bike,"New York, NY",US,e517461445b94765017f15d77826f199,W 171 St & St Nicholas Ave,40.842941,-73.938631,1,30,31,2026-02-17 14:02:31.974179,2026-02-17 14:02:31.974180
citi-bike-nyc,Citi Bike,"New York, NY",US,e51e99a23d48a9c4a09186086ae142b1,W 84 St & Columbus Ave,40.78499979,-73.97283406,0,34,34,2026-02-17 14:02:31.974181,2026-02-17 14:02:31.974182
citi-bike-nyc,Citi Bike,"New York, NY",US,e543395e43650d685dfc9b450cd7a0e1,36 St & 47 Ave,40.742218349960964,-73.92935156822205,3,16,19,2026-02-17 14:02:31.974186,2026-02-17 14:02:31.974187
citi-bike-nyc,Citi Bike,"New York, NY",US,e54349a86bf28f46c4c4635c16b7dd1a,Pacific St & Troy Ave,40.67686,-73.93607,9,9,18,2026-02-17 14:02:31.974189,2026-02-17 14:02:31.974190
citi-bike-nyc,Citi Bike,"New York, NY",US,e5459c377ca23214f7d780514c90613b,E 153 St & E 157 St,40.826677,-73.929327,9,6,15,2026-02-17 14:02:31.974191,2026-02-17 14:02:31.974192
citi-bike-nyc,Citi Bike,"New York, NY",US,e5723d87e43ca6b91d78d65c63d86315,W 87 St & Amsterdam Ave,40.78839,-73.9747,0,39,39,2026-02-17 14:02:31.974193,2026-02-17 14:02:31.974194
citi-bike-nyc,Citi Bike,"New York, NY",US,e5a29af3b9346d4415f00946adafbd18,Engert Ave & McGuinness Blvd,40.72158,-73.94546,6,13,19,2026-02-17 14:02:31.974196,2026-02-17 14:02:31.974197
citi-bike-nyc,Citi Bike,"New York, NY",US,e5cd3531268a591274fc312b962c5541,Driggs Ave & N 9 St,40.71816969454208,-73.95520135760307,50,0,50,2026-02-17 14:02:31.974198,2026-02-17 14:02:31.974199
citi-bike-nyc,Citi Bike,"New York, NY",US,e5cf2f49dbcffcff6d3108f4336677ba,48 St & Broadway,40.755763,-73.912715,29,0,29,2026-02-17 14:02:31.974200,2026-02-17 14:02:31.974201
citi-bike-nyc,Citi Bike,"New York, NY",US,e5e55ebe404d2d0a909a3cc89b9a5ae0,57 St & 7 Ave,40.638566,-74.010147,3,18,21,2026-02-17 14:02:31.974203,2026-02-17 14:02:31.974204
citi-bike-nyc,Citi Bike,"New York, NY",US,e5eed79cc0c82033b474da8aed4d8fe4,8 Ave & W 24 St,40.74591072834279,-73.99807110428809,13,24,37,2026-02-17 14:02:31.974205,2026-02-17 14:02:31.974206
citi-bike-nyc,Citi Bike,"New York, NY",US,e5f5c621a5435d2c4d68293befe114f5,Monroe St & Tompkins Ave,40.686203,-73.944694,0,18,18,2026-02-17 14:02:31.974207,2026-02-17 14:02:31.974208
citi-bike-nyc,Citi Bike,"New York, NY",US,e61202b4b0546a9143da2a3c49bd7225,E 204 St & Webster Ave,40.87095,-73.87679,0,21,21,2026-02-17 14:02:31.974210,2026-02-17 14:02:31.974211
citi-bike-nyc,Citi Bike,"New York, NY",US,e621ac77460ef50b56824719c16af20f,Union Ave & Jackson St,40.7160751,-73.952029,7,9,16,2026-02-17 14:02:31.974217,2026-02-17 14:02:31.974218
citi-bike-nyc,Citi Bike,"New York, NY",US,e63d7a8ac9a6739b68dee631c3a46697,10 Ave & W 34 St,40.75476986284269,-73.99914588449698,30,3,33,2026-02-17 14:02:31.974219,2026-02-17 14:02:31.974220
citi-bike-nyc,Citi Bike,"New York, NY",US,e65acf5e01b607c578cae4f0a607e354,Front St & Gold St,40.70224,-73.982578,30,1,31,2026-02-17 14:02:31.974221,2026-02-17 14:02:31.974222
citi-bike-nyc,Citi Bike,"New York, NY",US,e68bd408bba2486a42bc33a42b4ad56b,Crescent St & 30 Ave,40.768692,-73.9249574,11,9,20,2026-02-17 14:02:31.974224,2026-02-17 14:02:31.974225
citi-bike-nyc,Citi Bike,"New York, NY",US,e6cc3276c8e41f8cdcdba8f182f56a1d,19 St & 8 Ave,40.658489,-73.985543,4,17,21,2026-02-17 14:02:31.974226,2026-02-17 14:02:31.974227
citi-bike-nyc,Citi Bike,"New York, NY",US,e6d9657ad938c5220eb6082de4202857,102 St & 34 Ave,40.75584,-73.86621,7,15,22,2026-02-17 14:02:31.974228,2026-02-17 14:02:31.974229
citi-bike-nyc,Citi Bike,"New York, NY",US,e6e66a5a316cabb6a385cbcd95ea387d,W 180 St & Fort Washington Ave,40.849972,-73.938423,0,21,21,2026-02-17 14:02:31.974231,2026-02-17 14:02:31.974232
citi-bike-nyc,Citi Bike,"New York, NY",US,e71577342c522f803be610a89edb38ef,Columbia St & Lorraine St,40.6747055,-74.0075572,34,3,37,2026-02-17 14:02:31.974233,2026-02-17 14:02:31.974234
citi-bike-nyc,Citi Bike,"New York, NY",US,e74e478766a794d9c8a30aa56c9a718a,Brook Ave & E 141 St,40.809619,-73.917875,2,17,19,2026-02-17 14:02:31.974235,2026-02-17 14:02:31.974236
citi-bike-nyc,Citi Bike,"New York, NY",US,e7726449b34a191de1d86b242611f3b5,Grand Concourse & E 176 St,40.84761,-73.90745,4,18,22,2026-02-17 14:02:31.974238,2026-02-17 14:02:31.974239
citi-bike-nyc,Citi Bike,"New York, NY",US,e778cc46a14fd10472aaa5977915551b,Brooklyn Bridge Park - Pier 2,40.698458,-73.997178,7,22,29,2026-02-17 14:02:31.974240,2026-02-17 14:02:31.974241
citi-bike-nyc,Citi Bike,"New York, NY",US,e7795e8e12ed2c9fbb114d32552c4ff6,West End Ave & W 94 St,40.7941654,-73.974124,2,26,28,2026-02-17 14:02:31.974242,2026-02-17 14:02:31.974243
citi-bike-nyc,Citi Bike,"New York, NY",US,e796bb1060995c40b6edf95b7cd077d3,E 19 St & 3 Ave,40.73624527,-73.98473765,0,29,29,2026-02-17 14:02:31.974245,2026-02-17 14:02:31.974246
citi-bike-nyc,Citi Bike,"New York, NY",US,e7a37a7bbf2096ec4a8db9d8bb09ef6f,39 St & 2 Ave,40.6553997745,-74.0106278658,31,2,33,2026-02-17 14:02:31.974247,2026-02-17 14:02:31.974248
citi-bike-nyc,Citi Bike,"New York, NY",US,e7bd8f546bba3bdcd8a8259dd1dc3ade,Ditmars Blvd & 31 Dr,40.76138,-73.86035,11,14,25,2026-02-17 14:02:31.974250,2026-02-17 14:02:31.974251
citi-bike-nyc,Citi Bike,"New York, NY",US,e8577befa5165b22b8efd20965598772,Leonard St & Maujer St,40.7103685423523,-73.94705951213837,12,10,22,2026-02-17 14:02:31.974252,2026-02-17 14:02:31.974253
citi-bike-nyc,Citi Bike,"New York, NY",US,e8628032eae1aa28ba999c2d4bdacd1b,Fort Washington Ave & W 190 St,40.856906,-73.935662,2,17,19,2026-02-17 14:02:31.974254,2026-02-17 14:02:31.974255
citi-bike-nyc,Citi Bike,"New York, NY",US,e8720caf59880913fe1ef7e642ba74f9,E 163 St & Tiffany St,40.821075,-73.895069,11,2,13,2026-02-17 14:02:31.974257,2026-02-17 14:02:31.974258
citi-bike-nyc,Citi Bike,"New York, NY",US,e886fd011f16b1c5bb33f2acb4e584e9,Oakland Ave,40.7376037,-74.0524783,9,16,25,2026-02-17 14:02:31.974259,2026-02-17 14:02:31.974260
citi-bike-nyc,Citi Bike,"New York, NY",US,e8aa1fee9ba544731b242c7322fe9551,W 26 St & 10 Ave,40.749717753,-74.002950346,10,37,47,2026-02-17 14:02:31.974261,2026-02-17 14:02:31.974262
citi-bike-nyc,Citi Bike,"New York, NY",US,e8fa9904605cc086fac846d1e48dd965,E 58 St & 1 Ave (NW Corner),40.759125,-73.962658,10,40,50,2026-02-17 14:02:31.974264,2026-02-17 14:02:31.974265
citi-bike-nyc,Citi Bike,"New York, NY",US,e914db868b2f0e317d5d03aaacb26d12,5 Ave & E 30 St,40.7459849,-73.98629487,36,15,51,2026-02-17 14:02:31.974266,2026-02-17 14:02:31.974267
citi-bike-nyc,Citi Bike,"New York, NY",US,e918f2e6b5c3a1aab1f5093e8710ebe9,Scholes St & Lorimer St,40.708323,-73.948732,2,21,23,2026-02-17 14:02:31.974268,2026-02-17 14:02:31.974270
citi-bike-nyc,Citi Bike,"New York, NY",US,e9276235baf90ef9a7e64ee4b8913d14,100 St & Northern Blvd,40.75748,-73.86843,8,12,20,2026-02-17 14:02:31.974273,2026-02-17 14:02:31.974274
citi-bike-nyc,Citi Bike,"New York, NY",US,e94a89a94e01b1551aab828d199d050f,Amsterdam Ave & W 172 St,40.842173,-73.935111,4,17,21,2026-02-17 14:02:31.974276,2026-02-17 14:02:31.974277
citi-bike-nyc,Citi Bike,"New York, NY",US,e96cfb33a431f10e7c5766a987ebf0a0,Southern Blvd & Tiffany St,40.818185,-73.894143,17,2,19,2026-02-17 14:02:31.974278,2026-02-17 14:02:31.974279
citi-bike-nyc,Citi Bike,"New York, NY",US,e9748aedbeb083d8b9b52aa57b756966,47 Ave & 104 St,40.7458,-73.85945,17,0,17,2026-02-17 14:02:31.974280,2026-02-17 14:02:31.974281
citi-bike-nyc,Citi Bike,"New York, NY",US,e99c97fd8792bc37d9669ace03f8887f,Carroll St & Smith St,40.680611,-73.99475825,32,4,36,2026-02-17 14:02:31.974283,2026-02-17 14:02:31.974284
citi-bike-nyc,Citi Bike,"New York, NY",US,e99f3e89fa8216f552ec1b01f29e4077,E 10 St & Ave A,40.72740794,-73.98142006,12,89,101,2026-02-17 14:02:31.974285,2026-02-17 14:02:31.974286
citi-bike-nyc,Citi Bike,"New York, NY",US,e9cbca600c0eeb3688b0fbfe5f3be934,South End Ave & Albany St,40.709957,-74.016538,39,3,42,2026-02-17 14:02:31.974287,2026-02-17 14:02:31.974288
citi-bike-nyc,Citi Bike,"New York, NY",US,e9f2bc6216defa945626db1c1894658a,Dwight St & Dikeman St,40.67487503856169,-74.01048018571481,17,1,18,2026-02-17 14:02:31.974290,2026-02-17 14:02:31.974291
citi-bike-nyc,Citi Bike,"New York, NY",US,ea577512364ea89046d6b5337f5e658d,Montgomery St,40.71942,-74.05099,4,8,12,2026-02-17 14:02:31.974292,2026-02-17 14:02:31.974293
citi-bike-nyc,Citi Bike,"New York, NY",US,ea60272f1959b101ebe9904d8bdc83e8,Douglass St & 4 Ave,40.6792788,-73.98154004,42,5,47,2026-02-17 14:02:31.974295,2026-02-17 14:02:31.974296
citi-bike-nyc,Citi Bike,"New York, NY",US,ea65c42ffa7858ccfe18d62737a149ea,President St & Nostrand Ave,40.66811,-73.9505,1,23,24,2026-02-17 14:02:31.974298,2026-02-17 14:02:31.974299
citi-bike-nyc,Citi Bike,"New York, NY",US,eaa1bf5aec2885ff78ce02e4c02547c9,FDR Drive & E 35 St,40.744219,-73.97121214,1,108,109,2026-02-17 14:02:31.974301,2026-02-17 14:02:31.974302
citi-bike-nyc,Citi Bike,"New York, NY",US,eaa62a119b6c9ac52f902847a03e5812,Hamilton Pl & W 140 St,40.822756,-73.951346,1,20,21,2026-02-17 14:02:31.974303,2026-02-17 14:02:31.974304
citi-bike-nyc,Citi Bike,"New York, NY",US,eaa9ea36f7bc5464e6a3d7066ce56a8c,7 Ave & 22 St,40.658029,-73.989605,3,22,25,2026-02-17 14:02:31.974306,2026-02-17 14:02:31.974307
citi-bike-nyc,Citi Bike,"New York, NY",US,eaafbda2b575e1a44cbced9218556a75,Sedgwick Ave & W Tremont Ave,40.85304455868985,-73.91830623149872,3,14,17,2026-02-17 14:02:31.974308,2026-02-17 14:02:31.974309
citi-bike-nyc,Citi Bike,"New York, NY",US,eab3fab61c2fe184388452b5444605b9,Convent Ave & W 151 St,40.82831,-73.942924,0,24,24,2026-02-17 14:02:31.974310,2026-02-17 14:02:31.974311
citi-bike-nyc,Citi Bike,"New York, NY",US,eaf4c68559b484c7014e64ae025f99b1,Grand Ave & 58 Ave,40.72098,-73.90701,11,9,20,2026-02-17 14:02:31.974313,2026-02-17 14:02:31.974314
citi-bike-nyc,Citi Bike,"New York, NY",US,eb1883b17a32f18a47bfe7505dcd2971,E 158 St & Melrose Ave,40.822215,-73.914688,15,7,22,2026-02-17 14:02:31.974319,2026-02-17 14:02:31.974320
citi-bike-nyc,Citi Bike,"New York, NY",US,eb1c805a341a8c97b53aee7ac058b5c1,Jerome Ave & W 184 St,40.860814,-73.902541,1,17,18,2026-02-17 14:02:31.974322,2026-02-17 14:02:31.974323
citi-bike-nyc,Citi Bike,"New York, NY",US,eb1f9c8d0357597ca2ca0f52c9a2b766,39 Ave & 99 St,40.74962,-73.86677,4,15,19,2026-02-17 14:02:31.974324,2026-02-17 14:02:31.974325
citi-bike-nyc,Citi Bike,"New York, NY",US,eb32e90cceb6ab7dfaaa5617ecafcc1b,Willis Ave & Bruckner Blvd,40.805701,-73.925177,4,14,18,2026-02-17 14:02:31.974326,2026-02-17 14:02:31.974327
citi-bike-nyc,Citi Bike,"New York, NY",US,eb638f8f522d9999cf780f7dbee927b7,Convent Ave & W 135 St,40.818215,-73.950988,0,27,27,2026-02-17 14:02:31.974329,2026-02-17 14:02:31.974330
citi-bike-nyc,Citi Bike,"New York, NY",US,eb897f35c3235fb07c881a1e171b5afc,Brooklyn Ave & Dean St,40.67669,-73.94437,0,18,18,2026-02-17 14:02:31.974331,2026-02-17 14:02:31.974332
citi-bike-nyc,Citi Bike,"New York, NY",US,eb8c17fb0fc05d3fb99c611167feae7d,30 Ave & 47 St,40.761294,-73.909562,6,10,16,2026-02-17 14:02:31.974333,2026-02-17 14:02:31.974334
citi-bike-nyc,Citi Bike,"New York, NY",US,eb8cb42925cc468d0bce833903f4096a,Southern Blvd & E 187 St,40.8535,-73.88177,2,12,14,2026-02-17 14:02:31.974336,2026-02-17 14:02:31.974337
citi-bike-nyc,Citi Bike,"New York, NY",US,ebb1cf8510ded98f7e9ee8cf76a9ea28,E 93 St & 2 Ave,40.782454175279874,-73.9489196240902,67,2,69,2026-02-17 14:02:31.974338,2026-02-17 14:02:31.974339
citi-bike-nyc,Citi Bike,"New York, NY",US,ebb71b9b3f2e8b9dfdd8e12e5c7c2f6d,Monmouth & 6th,40.72568548362901,-74.04879033565521,2,11,13,2026-02-17 14:02:31.974340,2026-02-17 14:02:31.974341
citi-bike-nyc,Citi Bike,"New York, NY",US,ebbdbda93223cb10a52c1a7f7d6e75bf,Church Sq Park - 5 St & Park Ave,40.74265933273143,-74.03223305940628,11,8,19,2026-02-17 14:02:31.974343,2026-02-17 14:02:31.974344
citi-bike-nyc,Citi Bike,"New York, NY",US,ebccab5a7276c06054fafb18ebacc055,Adams St & 2 St,40.73981372311843,-74.03690412640572,10,3,13,2026-02-17 14:02:31.974345,2026-02-17 14:02:31.974346
citi-bike-nyc,Citi Bike,"New York, NY",US,ec1021250c1094c74d7393c99f94f68a,Sterling Pl & Bedford Ave,40.672695,-73.954131,3,20,23,2026-02-17 14:02:31.974348,2026-02-17 14:02:31.974349
citi-bike-nyc,Citi Bike,"New York, NY",US,ec32c68998841be2ff4529d8864d9ccf,3 Ave & 14 St,40.6685455,-73.99333264,16,4,20,2026-02-17 14:02:31.974350,2026-02-17 14:02:31.974351
citi-bike-nyc,Citi Bike,"New York, NY",US,ec45725fb8cac55c40d277208369a68e,Broadway & 12 St,40.7668,-73.9347774,15,14,29,2026-02-17 14:02:31.974352,2026-02-17 14:02:31.974353
citi-bike-nyc,Citi Bike,"New York, NY",US,ec4887aa95704e0941bbac84a6215c93,9 Ave & W 204 St,40.86169883507865,-73.91855701804161,8,9,17,2026-02-17 14:02:31.974355,2026-02-17 14:02:31.974356
citi-bike-nyc,Citi Bike,"New York, NY",US,ec4f36c3dc8adfdf4d7b19cf72b8060e,Elmhurst Ave & Forley St,40.74615,-73.87763,5,13,18,2026-02-17 14:02:31.974357,2026-02-17 14:02:31.974358
citi-bike-nyc,Citi Bike,"New York, NY",US,ec6d27c9d9fcad5ddad7d173eb4224b8,Corona Ave & 90 St,40.74154,-73.87484,8,11,19,2026-02-17 14:02:31.974359,2026-02-17 14:02:31.974360
citi-bike-nyc,Citi Bike,"New York, NY",US,ec98e70b67d08617f1e6db2cdbab8ce9,99 St & 58 Ave,40.73761,-73.85959,19,4,23,2026-02-17 14:02:31.974362,2026-02-17 14:02:31.974363
citi-bike-nyc,Citi Bike,"New York, NY",US,ec9b7a5491e0ac3afb18a7eeef474991,9 Ave & W 18 St,40.74317449,-74.00366443,53,22,75,2026-02-17 14:02:31.974364,2026-02-17 14:02:31.974365
citi-bike-nyc,Citi Bike,"New York, NY",US,ecc62b5e5f743ba9cddcad04369ad7a6,Pacific St & Rochester Ave,40.67639,-73.92748,3,15,18,2026-02-17 14:02:31.974366,2026-02-17 14:02:31.974367
citi-bike-nyc,Citi Bike,"New York, NY",US,ecc7f6dfe773efb191eb21bfcc597ccd,23 Rd & 31 St,40.77336750284339,-73.91382560133934,9,7,16,2026-02-17 14:02:31.974369,2026-02-17 14:02:31.974370
citi-bike-nyc,Citi Bike,"New York, NY",US,ecd995e9eed2c8fe60ee895616c13fe3,Kosciuszko St & Nostrand Ave,40.69072549,-73.95133465,8,13,21,2026-02-17 14:02:31.974371,2026-02-17 14:02:31.974372
citi-bike-nyc,Citi Bike,"New York, NY",US,ecf7cfb2c3340b06f426a1fb940537c4,North Moore St & Greenwich St,40.72019521437465,-74.0103006362915,7,0,7,2026-02-17 14:02:31.974373,2026-02-17 14:02:31.974374
citi-bike-nyc,Citi Bike,"New York, NY",US,ed090d8ebb24e2c2c7a1891e802b1e22,N 11 St & Kent Ave,40.72248188638219,-73.95921930670738,23,1,24,2026-02-17 14:02:31.974376,2026-02-17 14:02:31.974377
citi-bike-nyc,Citi Bike,"New York, NY",US,ed781a892eebc428a39fc6c4b12a71a9,Townsend Ave & E 175 St,40.84741,-73.911359,2,14,16,2026-02-17 14:02:31.974378,2026-02-17 14:02:31.974379
citi-bike-nyc,Citi Bike,"New York, NY",US,eda6dbeba94294ab04325c7ec0075f5c,Lorimer St & Harrison Ave,40.702726,-73.94984,9,8,17,2026-02-17 14:02:31.974381,2026-02-17 14:02:31.974382
citi-bike-nyc,Citi Bike,"New York, NY",US,edb4bf0bc9b428451a329ae665584805,W 44 St & 11 Ave,40.762009,-73.996975,0,77,77,2026-02-17 14:02:31.974383,2026-02-17 14:02:31.974384
citi-bike-nyc,Citi Bike,"New York, NY",US,edb559c2dec76ecc0e802cfeb3856b1f,Nelson Ave & 167 St,40.83670566862804,-73.92608866095543,3,17,20,2026-02-17 14:02:31.974385,2026-02-17 14:02:31.974386
citi-bike-nyc,Citi Bike,"New York, NY",US,edb8b818331ff141c2caf0f4312e97d5,W 190 St & St Nicholas Ave,40.854788,-73.929513,1,26,27,2026-02-17 14:02:31.974388,2026-02-17 14:02:31.974389
citi-bike-nyc,Citi Bike,"New York, NY",US,edc24da53a2269ebb65bb4bc824fe88b,Bedford Ave & Clarkson Ave,40.65519,-73.9564,12,3,15,2026-02-17 14:02:31.974390,2026-02-17 14:02:31.974391
citi-bike-nyc,Citi Bike,"New York, NY",US,ee2e8bfbeba200c84c7d43ecad9e4472,Railroad Ave & Kay Ave,40.70514807698391,-73.97078096866608,21,8,29,2026-02-17 14:02:31.974392,2026-02-17 14:02:31.974393
citi-bike-nyc,Citi Bike,"New York, NY",US,ee39e8d7ab5adc2107013361a1d8d7cb,N Portland Ave & Flushing Ave,40.697926,-73.97663,22,11,33,2026-02-17 14:02:31.974395,2026-02-17 14:02:31.974396
citi-bike-nyc,Citi Bike,"New York, NY",US,ee58d9804566f1b0ab72e830c2709543,Longfellow Ave & Aldus St,40.82319448542357,-73.88762910982096,15,5,20,2026-02-17 14:02:31.974397,2026-02-17 14:02:31.974398
citi-bike-nyc,Citi Bike,"New York, NY",US,ee79eef0eb17730c4b2f2e2dcad51744,47 St & 3 Ave,40.649143,-74.012384,8,8,16,2026-02-17 14:02:31.974399,2026-02-17 14:02:31.974400
citi-bike-nyc,Citi Bike,"New York, NY",US,ee82af892d66dd7d9da02af46b7d7316,E 13 St & 2 Ave,40.73153937464073,-73.9853024482727,17,33,50,2026-02-17 14:02:31.974402,2026-02-17 14:02:31.974403
citi-bike-nyc,Citi Bike,"New York, NY",US,eeb724167dff4a0e99164dc712d29f51,91 St & 31 Ave,40.76022,-73.87774,8,11,19,2026-02-17 14:02:31.974404,2026-02-17 14:02:31.974405
citi-bike-nyc,Citi Bike,"New York, NY",US,eec0080fe5e49b9436901239bd95c47d,Cypress Ave & Palmetto St,40.701573408737914,-73.90876293182373,10,15,25,2026-02-17 14:02:31.974406,2026-02-17 14:02:31.974407
citi-bike-nyc,Citi Bike,"New York, NY",US,ef0c8fb29b82ed7bf6a2b26759c6d65c,E 167 St & Franklin Ave,40.82895,-73.90521,0,19,19,2026-02-17 14:02:31.974409,2026-02-17 14:02:31.974410
citi-bike-nyc,Citi Bike,"New York, NY",US,ef1833c723d1fc9dc9a23916de74f98d,Lafayette Ave & Franklin Ave,40.689271,-73.957324,0,25,25,2026-02-17 14:02:31.974411,2026-02-17 14:02:31.974412
citi-bike-nyc,Citi Bike,"New York, NY",US,ef4085db1383afac4ab9459588497a3d,Tibbett Ave & W 234 St,40.88324,-73.90587,11,6,17,2026-02-17 14:02:31.974415,2026-02-17 14:02:31.974416
citi-bike-nyc,Citi Bike,"New York, NY",US,ef915609236c4279ca138bf1c361a2fa,31 Ave & 103 St,40.76134,-73.86666,4,15,19,2026-02-17 14:02:31.974418,2026-02-17 14:02:31.974419
citi-bike-nyc,Citi Bike,"New York, NY",US,efa5adf8465f1e24eb8cbf401b9aae5d,61 St & Woodside Ave,40.74501,-73.9036,9,7,16,2026-02-17 14:02:31.974420,2026-02-17 14:02:31.974421
citi-bike-nyc,Citi Bike,"New York, NY",US,eff036bd135165895d3aec6a488a9d4e,E 58 St & 3 Ave,40.76095756,-73.96724467,38,7,45,2026-02-17 14:02:31.974423,2026-02-17 14:02:31.974424
citi-bike-nyc,Citi Bike,"New York, NY",US,f009a246a1f45c52eaa72e0f35b89090,6 Ave & 12 St,40.6663181,-73.9854617,1,26,27,2026-02-17 14:02:31.974425,2026-02-17 14:02:31.974426
citi-bike-nyc,Citi Bike,"New York, NY",US,f01591acb276fa1bab2327cf6e09733d,Eldert St & Bushwick Ave,40.68652,-73.91321,4,17,21,2026-02-17 14:02:31.974427,2026-02-17 14:02:31.974428
citi-bike-nyc,Citi Bike,"New York, NY",US,f0472586da461504f6f09a869f2c6230,Valentine Ave & E 198 St,40.86941,-73.88994,8,8,16,2026-02-17 14:02:31.974430,2026-02-17 14:02:31.974431
citi-bike-nyc,Citi Bike,"New York, NY",US,f055da17e830624c9e27580e930309b7,W 95 St & Broadway,40.7937704,-73.971888,10,20,30,2026-02-17 14:02:31.974432,2026-02-17 14:02:31.974433
citi-bike-nyc,Citi Bike,"New York, NY",US,f0c1209ae37d4e41269620e85d040df1,W 37 St & Broadway,40.75227093837409,-73.98770570755005,66,7,73,2026-02-17 14:02:31.974434,2026-02-17 14:02:31.974435
citi-bike-nyc,Citi Bike,"New York, NY",US,f0d48ab5d236667d32ea45385e2cc6bf,12 St & 4 Ave,40.668603,-73.9904394,19,2,21,2026-02-17 14:02:31.974437,2026-02-17 14:02:31.974438
citi-bike-nyc,Citi Bike,"New York, NY",US,f0faf9fac7fe796c7f9919f77966ff72,Central Park S & Grand Army Plaza,40.764555,-73.973473,41,42,83,2026-02-17 14:02:31.974439,2026-02-17 14:02:31.974440
citi-bike-nyc,Citi Bike,"New York, NY",US,f11d436444d971ffe42c91026d74a42b,Lewis Ave & Kosciuszko St,40.69237074,-73.93705428,0,0,0,2026-02-17 14:02:31.974442,2026-02-17 14:02:31.974443
citi-bike-nyc,Citi Bike,"New York, NY",US,f130c0465cb97f328451476e33dd2ee0,Morris Canal,40.7124188237569,-74.03852552175522,1,11,12,2026-02-17 14:02:31.974444,2026-02-17 14:02:31.974445
citi-bike-nyc,Citi Bike,"New York, NY",US,f14f11c812901f5382ec8c16cbdea193,51 St & Queens Blvd,40.7429,-73.91395,1,17,18,2026-02-17 14:02:31.974446,2026-02-17 14:02:31.974447
citi-bike-nyc,Citi Bike,"New York, NY",US,f16d8ee98b68d6d91c42bb8db34de65f,E 91 St & 2 Ave,40.781152764279156,-73.94963040947914,60,11,71,2026-02-17 14:02:31.974449,2026-02-17 14:02:31.974450
citi-bike-nyc,Citi Bike,"New York, NY",US,f1925a3ff9ba4c9be4a0158c066160cc,51 Ave & 61 St,40.73568,-73.90387,3,12,15,2026-02-17 14:02:31.974451,2026-02-17 14:02:31.974452
citi-bike-nyc,Citi Bike,"New York, NY",US,f1ad2d411ca41d27990cc9ba4e8b9a53,Wilkins Ave & Crotona Park E,40.835302,-73.895133,0,17,17,2026-02-17 14:02:31.974453,2026-02-17 14:02:31.974454
citi-bike-nyc,Citi Bike,"New York, NY",US,f1d5bca0e0df6c5566469986535d6bcd,65 St & Roosevelt Ave,40.74589,-73.89915,17,10,27,2026-02-17 14:02:31.974456,2026-02-17 14:02:31.974457
citi-bike-nyc,Citi Bike,"New York, NY",US,f1d6746af9acf4289c12b1481266a60d,Riverside Dr E & W 155 St,40.834097985815255,-73.94834974194816,2,20,22,2026-02-17 14:02:31.974458,2026-02-17 14:02:31.974459
citi-bike-nyc,Citi Bike,"New York, NY",US,f1f2bee911363f224c77a971752f2575,Henry St & Middagh St,40.7003,-73.991581,10,22,32,2026-02-17 14:02:31.974460,2026-02-17 14:02:31.974461
citi-bike-nyc,Citi Bike,"New York, NY",US,f2487a2c6a842f4b0949544f685f27f5,E 50 St & Park Ave,40.757334,-73.974235,4,20,24,2026-02-17 14:02:31.974463,2026-02-17 14:02:31.974464
citi-bike-nyc,Citi Bike,"New York, NY",US,f24e6dc015d0cf4366ec438777f3a125,Crescent St & Ditmars Blvd,40.7787185,-73.9145645,4,13,17,2026-02-17 14:02:31.974465,2026-02-17 14:02:31.974466
citi-bike-nyc,Citi Bike,"New York, NY",US,f275ff49c30c175683e23f81dd77c626,Thompson St & Bleecker St,40.72840059450829,-73.99968780577183,28,26,54,2026-02-17 14:02:31.974467,2026-02-17 14:02:31.974468
citi-bike-nyc,Citi Bike,"New York, NY",US,f2b816c01071e8567677767151ae17c1,Banker St & Meserole Ave,40.72606,-73.95621,21,8,29,2026-02-17 14:02:31.974470,2026-02-17 14:02:31.974471
citi-bike-nyc,Citi Bike,"New York, NY",US,f2c654c93e21af0419d1bff72e0883d0,51 St & 43 Ave,40.74451,-73.91412,5,21,26,2026-02-17 14:02:31.974472,2026-02-17 14:02:31.974473
citi-bike-nyc,Citi Bike,"New York, NY",US,f31ccfe61376a9a6fcf0898f31bae7e7,Sterling Pl & 5 Ave,40.678970070475735,-73.97855266928671,18,7,25,2026-02-17 14:02:31.974474,2026-02-17 14:02:31.974475
citi-bike-nyc,Citi Bike,"New York, NY",US,f3429c91fe2ab4d84ff2dc15caa59076,Pioneer St & Richards St,40.6777748,-74.0094613,20,2,22,2026-02-17 14:02:31.974477,2026-02-17 14:02:31.974478
citi-bike-nyc,Citi Bike,"New York, NY",US,f366cd03e2725ddaffd211f01d00cde2,Turner Pl & Coney Island Ave,40.64521,-73.97073,16,3,19,2026-02-17 14:02:31.974479,2026-02-17 14:02:31.974480
citi-bike-nyc,Citi Bike,"New York, NY",US,f3a2f3d133b3b42f3692a8289718ffa4,Arlington Ave & Wilkinson Ave,40.704503,-74.07721,3,10,13,2026-02-17 14:02:31.974481,2026-02-17 14:02:31.974482
citi-bike-nyc,Citi Bike,"New York, NY",US,f3a68c3b4b6614f7c5c706b96c867386,Concord St & Bridge St,40.69766564,-73.98476437,13,3,16,2026-02-17 14:02:31.974484,2026-02-17 14:02:31.974485
citi-bike-nyc,Citi Bike,"New York, NY",US,f3a774db8c4b4e7a20afc4a48a9ecb4e,Greenwood Ave & E 4 St,40.650739,-73.977739,10,9,19,2026-02-17 14:02:31.974486,2026-02-17 14:02:31.974487
citi-bike-nyc,Citi Bike,"New York, NY",US,f3b68140aec0b0434cedcd137cee864b,Greenwich St & Hubert St,40.721319,-74.010065,6,27,33,2026-02-17 14:02:31.974489,2026-02-17 14:02:31.974490
citi-bike-nyc,Citi Bike,"New York, NY",US,f3e02a990584cbee72647b1088d67296,34 Ave & 48 St,40.75388,-73.914952,17,6,23,2026-02-17 14:02:31.974491,2026-02-17 14:02:31.974492
citi-bike-nyc,Citi Bike,"New York, NY",US,f42e23b1d89191f08ff849055dd9d411,N 6 St & Bedford Ave,40.71745169,-73.95850939,26,0,26,2026-02-17 14:02:31.974493,2026-02-17 14:02:31.974494
citi-bike-nyc,Citi Bike,"New York, NY",US,f44617115ed7859dd13175873d9f2ef2,Stewart Ave & Johnson Ave,40.70869,-73.92587,12,4,16,2026-02-17 14:02:31.974496,2026-02-17 14:02:31.974497
citi-bike-nyc,Citi Bike,"New York, NY",US,f454afae3434b76a59d95a544b1d69d1,Crown St & Troy Ave,40.66559,-73.93712,1,15,16,2026-02-17 14:02:31.974498,2026-02-17 14:02:31.974499
citi-bike-nyc,Citi Bike,"New York, NY",US,f45b00937013fa4647a62bcab9813508,E 80 St & 2 Ave,40.77391390238118,-73.9543953537941,6,26,32,2026-02-17 14:02:31.974500,2026-02-17 14:02:31.974501
citi-bike-nyc,Citi Bike,"New York, NY",US,f491c510da9a01ae4a95232b014fed5d,Bushwick Ave & McKibbin St,40.705517,-73.93936,11,7,18,2026-02-17 14:02:31.974503,2026-02-17 14:02:31.974504
citi-bike-nyc,Citi Bike,"New York, NY",US,f4ab5ac1fa623289f06065347701ec54,Ditmars Blvd & 76 St,40.768442,-73.893531,16,2,18,2026-02-17 14:02:31.974505,2026-02-17 14:02:31.974506
citi-bike-nyc,Citi Bike,"New York, NY",US,f4af932b36eded77c54b1c3cb8b49fcc,Pitkin Ave & Grafton St,40.66852,-73.91908,18,2,20,2026-02-17 14:02:31.974507,2026-02-17 14:02:31.974508
citi-bike-nyc,Citi Bike,"New York, NY",US,f4cc656c1b96422286a779a7dd8fe400,56 Dr & 59 St,40.72403,-73.90853,18,1,19,2026-02-17 14:02:31.974511,2026-02-17 14:02:31.974512
citi-bike-nyc,Citi Bike,"New York, NY",US,f4d7a575245011c65290d0488d8c8c60,Narrows Ave & MacKay Pl,40.63692,-74.03449,3,5,8,2026-02-17 14:02:31.974513,2026-02-17 14:02:31.974514
citi-bike-nyc,Citi Bike,"New York, NY",US,f500a6012f90d32762eb9f651f35ef55,Sterling Pl & Franklin Ave,40.67324785,-73.95689517,2,17,19,2026-02-17 14:02:31.974515,2026-02-17 14:02:31.974516
citi-bike-nyc,Citi Bike,"New York, NY",US,f51eb799d2313812f1302f7414686d3c,46 Ave & 5 St,40.74731,-73.95451,15,24,39,2026-02-17 14:02:31.974518,2026-02-17 14:02:31.974519
citi-bike-nyc,Citi Bike,"New York, NY",US,f544fc02cca39ea2efd5dbdca4a45671,30 Ave & 96 St,40.76086,-73.87308,14,6,20,2026-02-17 14:02:31.974520,2026-02-17 14:02:31.974521
citi-bike-nyc,Citi Bike,"New York, NY",US,f551ce4f76127719dbbd100580cbad06,5 Ave & 67 St,40.63593237994821,-74.01975896253617,8,10,18,2026-02-17 14:02:31.974522,2026-02-17 14:02:31.974523
citi-bike-nyc,Citi Bike,"New York, NY",US,f566f1604a110e77162f79ff2189256f,Stagg St & Morgan Ave,40.710681,-73.93372,17,2,19,2026-02-17 14:02:31.974525,2026-02-17 14:02:31.974526
citi-bike-nyc,Citi Bike,"New York, NY",US,f58b32fa2c490aa7d183afb4b9d5ecd5,River St & Newark St,40.736722273163316,-74.02900660353771,0,15,15,2026-02-17 14:02:31.974527,2026-02-17 14:02:31.974528
citi-bike-nyc,Citi Bike,"New York, NY",US,f58d8ea56ab03b3f9dcd26d918fcd755,60 Ave & Fresh Pond Rd,40.71693,-73.90198,11,5,16,2026-02-17 14:02:31.974529,2026-02-17 14:02:31.974530
citi-bike-nyc,Citi Bike,"New York, NY",US,f5be38129a4cd9966cd6049ba85ce0bb,Greene Ave & Nostrand Ave,40.6883337,-73.950916,2,18,20,2026-02-17 14:02:31.974532,2026-02-17 14:02:31.974533
citi-bike-nyc,Citi Bike,"New York, NY",US,f5cf7e1338ed7a97489407903088d7ba,58 St & 56 Dr,40.72419,-73.91244,14,4,18,2026-02-17 14:02:31.974534,2026-02-17 14:02:31.974535
citi-bike-nyc,Citi Bike,"New York, NY",US,f5da0df6487f7e5a605f80f30eedd95a,Woodside Ave & 69 St,40.7428,-73.89584,0,16,16,2026-02-17 14:02:31.974536,2026-02-17 14:02:31.974538
citi-bike-nyc,Citi Bike,"New York, NY",US,f5fa2836e9a311eb07c74683ae2c512b,Southpoint Park,40.75370225419114,-73.95865201950072,28,5,33,2026-02-17 14:02:31.974539,2026-02-17 14:02:31.974540
citi-bike-nyc,Citi Bike,"New York, NY",US,f61cf8801de509d20da7406a892ec725,49 Ave & 108 St,40.74535,-73.8558,16,5,21,2026-02-17 14:02:31.974541,2026-02-17 14:02:31.974542
citi-bike-nyc,Citi Bike,"New York, NY",US,f64c060aad3a6ed470ee3f04583cdfa3,W 29 St & 9 Ave,40.7500727,-73.99839279,23,18,41,2026-02-17 14:02:31.974544,2026-02-17 14:02:31.974545
citi-bike-nyc,Citi Bike,"New York, NY",US,f653e3ef579ba04306c5ddf5bd829d82,W 52 St & 6 Ave,40.76132983124814,-73.97982001304626,51,0,51,2026-02-17 14:02:31.974546,2026-02-17 14:02:31.974547
citi-bike-nyc,Citi Bike,"New York, NY",US,f6919f5e16b53b0fc7a873fe9f3f8f50,37 St & 13 Ave,40.64166,-73.98505,10,3,13,2026-02-17 14:02:31.974548,2026-02-17 14:02:31.974549
citi-bike-nyc,Citi Bike,"New York, NY",US,f6b62283c1c8b89001ea82bc65d73873,Lewis Ave & Madison St,40.686312,-73.935775,1,21,22,2026-02-17 14:02:31.974551,2026-02-17 14:02:31.974552
citi-bike-nyc,Citi Bike,"New York, NY",US,f6bfa1354cdaffd45b300d23b6c7615a,Hoboken Ave at Monmouth St,40.73520838045357,-74.04696375131607,23,3,26,2026-02-17 14:02:31.974553,2026-02-17 14:02:31.974554
citi-bike-nyc,Citi Bike,"New York, NY",US,f6c001e7821524c96669f2e7ef5e3e41,Taylor St & Bedford Ave,40.705774,-73.963252,17,6,23,2026-02-17 14:02:31.974555,2026-02-17 14:02:31.974556
citi-bike-nyc,Citi Bike,"New York, NY",US,f6d5f0d1ca571465c335d6970de828f0,Hamilton Park,40.727595966,-74.044247311,7,19,26,2026-02-17 14:02:31.974558,2026-02-17 14:02:31.974559
citi-bike-nyc,Citi Bike,"New York, NY",US,f6d9c5dce190761d5d510d2050f0e633,Willis Ave & E 141 St,40.81093,-73.921606,10,9,19,2026-02-17 14:02:31.974560,2026-02-17 14:02:31.974561
citi-bike-nyc,Citi Bike,"New York, NY",US,f6fb5895e87a62550256a761a95a05af,E 81 St & Park Ave,40.77677702,-73.9590097,33,7,40,2026-02-17 14:02:31.974563,2026-02-17 14:02:31.974564
citi-bike-nyc,Citi Bike,"New York, NY",US,f7015e1957884737d7c2550703b77af2,Whitney Ave & Ketcham Pl,40.74249,-73.87809,15,5,20,2026-02-17 14:02:31.974565,2026-02-17 14:02:31.974566
citi-bike-nyc,Citi Bike,"New York, NY",US,f703103bec09f0ad712ddee47b8e69c6,10 Ave & W 14 St,40.741981599940225,-74.00831580162048,78,0,78,2026-02-17 14:02:31.974567,2026-02-17 14:02:31.974568
citi-bike-nyc,Citi Bike,"New York, NY",US,f7106fe32e1c1817a95c37b308532a1b,W 144 St & Adam Clayton Powell Blvd,40.820877,-73.939249,3,20,23,2026-02-17 14:02:31.974570,2026-02-17 14:02:31.974571
citi-bike-nyc,Citi Bike,"New York, NY",US,f71c44a67c3d42d8ad16daf7970cf39b,E 9 St & 5 Ave,40.73275887045087,-73.99581670761108,48,10,58,2026-02-17 14:02:31.974572,2026-02-17 14:02:31.974573
citi-bike-nyc,Citi Bike,"New York, NY",US,f73145f29b963dab83ba34675483cacc,Echo Pl & Grand Concourse,40.849955,-73.905943,8,17,25,2026-02-17 14:02:31.974574,2026-02-17 14:02:31.974575
citi-bike-nyc,Citi Bike,"New York, NY",US,f758ea43289ae81086e537baba472da6,Vesey St & Church St,40.71221958009051,-74.01047229766846,47,25,72,2026-02-17 14:02:31.974577,2026-02-17 14:02:31.974578
citi-bike-nyc,Citi Bike,"New York, NY",US,f7a649623652c20e4e1fd27149526feb,E 191 St & Bathgate Ave,40.8601,-73.8866,9,18,27,2026-02-17 14:02:31.974579,2026-02-17 14:02:31.974580
citi-bike-nyc,Citi Bike,"New York, NY",US,f7a8ed8110fd788fd1043fada7392a29,Amsterdam Ave & W 82 St,40.78524672,-73.97667321,0,32,32,2026-02-17 14:02:31.974582,2026-02-17 14:02:31.974583
citi-bike-nyc,Citi Bike,"New York, NY",US,f80b6ca10f2984715d7f70c50cebaa61,Ashland Pl & Dekalb Ave,40.690065,-73.978776,45,1,46,2026-02-17 14:02:31.974584,2026-02-17 14:02:31.974585
citi-bike-nyc,Citi Bike,"New York, NY",US,f831e27b9c5d28f4debc958ccd8199f9,10 Ave & W 207 St,40.864632,-73.918598,26,11,37,2026-02-17 14:02:31.974586,2026-02-17 14:02:31.974587
citi-bike-nyc,Citi Bike,"New York, NY",US,f835d16bb01c22974f01c5f991f2aaa9,Willoughby Ave & Tompkins Ave,40.69425403,-73.94626915,4,13,17,2026-02-17 14:02:31.974589,2026-02-17 14:02:31.974590
citi-bike-nyc,Citi Bike,"New York, NY",US,f84f6cf9a2f27d25ad37bca238e0c6a3,Sterling Pl & Rochester Ave,40.67128,-73.92825,4,17,21,2026-02-17 14:02:31.974591,2026-02-17 14:02:31.974592
citi-bike-nyc,Citi Bike,"New York, NY",US,f85664fbbb6abac8a1bf1e8e5785fc3a,Vesey St & Greenwich St,40.71254669463547,-74.01113051087516,60,3,63,2026-02-17 14:02:31.974593,2026-02-17 14:02:31.974594
citi-bike-nyc,Citi Bike,"New York, NY",US,f8688cd29161ff395f3da02dcefd9c85,Davis St & Jackson Ave,40.745627,-73.945661,31,0,31,2026-02-17 14:02:31.974596,2026-02-17 14:02:31.974597
citi-bike-nyc,Citi Bike,"New York, NY",US,f8749f39ecf3a3b876af8291112bd1b8,Old Slip & South St,40.70336686695866,-74.007867872715,89,0,89,2026-02-17 14:02:31.974598,2026-02-17 14:02:31.974599
citi-bike-nyc,Citi Bike,"New York, NY",US,f87e92bfd3e1fdf3c9fcf2e2d7160fe5,Beverley Rd & Nostrand Ave,40.64507,-73.9488,22,1,23,2026-02-17 14:02:31.974600,2026-02-17 14:02:31.974601
citi-bike-nyc,Citi Bike,"New York, NY",US,f89392068b217df2cf20c058e9d08ce2,4 Ave & 99 St,40.61327,-74.03315,2,13,15,2026-02-17 14:02:31.974603,2026-02-17 14:02:31.974604
citi-bike-nyc,Citi Bike,"New York, NY",US,f8b59837ed7104dd6ec101d925ed03b8,E 84 St & 1 Ave,40.77565541,-73.95068615,8,10,18,2026-02-17 14:02:31.974610,2026-02-17 14:02:31.974611
citi-bike-nyc,Citi Bike,"New York, NY",US,f8bd20eb4cd1d8d484093b105d5aef48,Bedford Ave & Albemarle Rd,40.64796,-73.9556,4,15,19,2026-02-17 14:02:31.974612,2026-02-17 14:02:31.974613
citi-bike-nyc,Citi Bike,"New York, NY",US,f8dda0067aa3c8f6e0a944f0ba3394ce,W 165 St & Fort Washington Ave,40.84004,-73.942939,3,23,26,2026-02-17 14:02:31.974614,2026-02-17 14:02:31.974615
citi-bike-nyc,Citi Bike,"New York, NY",US,f8e3c1bda1173342a3bd738e6356c194,11 Ave & W 59 St,40.77149671054441,-73.99046033620834,0,30,30,2026-02-17 14:02:31.974617,2026-02-17 14:02:31.974618
citi-bike-nyc,Citi Bike,"New York, NY",US,f8fa1dbcc5f1539cba71fefc650ae103,Broadway & W 25 St,40.74286877312112,-73.98918628692627,95,0,95,2026-02-17 14:02:31.974619,2026-02-17 14:02:31.974620
citi-bike-nyc,Citi Bike,"New York, NY",US,f91821d395298c1654b5890bdcb79bec,Hilltop,40.7311689,-74.0575736,9,15,24,2026-02-17 14:02:31.974621,2026-02-17 14:02:31.974622
citi-bike-nyc,Citi Bike,"New York, NY",US,f91f198ec2933aa744d7bb79afe346f8,E 115 St & Lexington Ave,40.797911,-73.9423,0,24,24,2026-02-17 14:02:31.974624,2026-02-17 14:02:31.974625
citi-bike-nyc,Citi Bike,"New York, NY",US,f939e85ded06b3f7adcf4db499b6e5b5,E 88 St & 1 Ave,40.778301,-73.9488134,9,21,30,2026-02-17 14:02:31.974626,2026-02-17 14:02:31.974627
citi-bike-nyc,Citi Bike,"New York, NY",US,f93e2ff72d8c96ba17297332be6799a3,55 St & Northern Blvd,40.75326,-73.90585,15,8,23,2026-02-17 14:02:31.974628,2026-02-17 14:02:31.974629
citi-bike-nyc,Citi Bike,"New York, NY",US,f94c608006091d14afc8a771d3362e25,Sunken Meadow Comfort Station,40.79558,-73.91906,0,2,2,2026-02-17 14:02:31.974631,2026-02-17 14:02:31.974632
citi-bike-nyc,Citi Bike,"New York, NY",US,f96270611d59548a61e0bf151941e8fe,29 St & Skillman Ave,40.744831,-73.938411,22,4,26,2026-02-17 14:02:31.974633,2026-02-17 14:02:31.974634
citi-bike-nyc,Citi Bike,"New York, NY",US,f9651104d04d2006f9184cc619d35943,Metropolitan Ave & Meeker Ave,40.71413311,-73.95234386,26,0,26,2026-02-17 14:02:31.974636,2026-02-17 14:02:31.974637
citi-bike-nyc,Citi Bike,"New York, NY",US,f997501d09606eee9adfaac02f9f7e1c,Manhattan Ave & Leonard St,40.72084,-73.94844,10,6,16,2026-02-17 14:02:31.974638,2026-02-17 14:02:31.974639
citi-bike-nyc,Citi Bike,"New York, NY",US,f9f481fcb52e792d9e0c08e2628747a8,6 Ave & 60 St,40.638196,-74.013821,0,15,15,2026-02-17 14:02:31.974640,2026-02-17 14:02:31.974641
citi-bike-nyc,Citi Bike,"New York, NY",US,fa2feadc70e7bec6baafddd52112ce60,Crotona Park North & Prospect Ave,40.841092,-73.892317,1,18,19,2026-02-17 14:02:31.974643,2026-02-17 14:02:31.974644
citi-bike-nyc,Citi Bike,"New York, NY",US,fa541f645c63caaefaa15ad6daf5d01b,11 Ave & W 27 St,40.751396,-74.005226,21,21,42,2026-02-17 14:02:31.974645,2026-02-17 14:02:31.974646
citi-bike-nyc,Citi Bike,"New York, NY",US,fadc32d8edfbad988c04e485fb5430dc,South St & Broad St,40.70188858913366,-74.01089876890182,17,5,22,2026-02-17 14:02:31.974647,2026-02-17 14:02:31.974648
citi-bike-nyc,Citi Bike,"New York, NY",US,fb1ec7c9f2bc94577a6c1a82755f63c8,Ridge Blvd & 89 St,40.62194,-74.03477,12,0,12,2026-02-17 14:02:31.974650,2026-02-17 14:02:31.974651
citi-bike-nyc,Citi Bike,"New York, NY",US,fb9ffbc567a63080b21f57bf1b4c3e1b,W 192 St & University Ave,40.866899,-73.901942,3,13,16,2026-02-17 14:02:31.974652,2026-02-17 14:02:31.974653
citi-bike-nyc,Citi Bike,"New York, NY",US,fbe2bb1bde048f4c6e24712911712b18,114 St & 39 Ave,40.7532,-73.853,16,12,28,2026-02-17 14:02:31.974654,2026-02-17 14:02:31.974655
citi-bike-nyc,Citi Bike,"New York, NY",US,fc209408e323fe0a2a8c01451c2a489e,Buffalo Ave & St John's Pl,40.67015,-73.92538,2,16,18,2026-02-17 14:02:31.974657,2026-02-17 14:02:31.974658
citi-bike-nyc,Citi Bike,"New York, NY",US,fc271da0e69a16c52ab27f8c168a6b37,Carroll St & Columbia St,40.6830456,-74.00348559,17,20,37,2026-02-17 14:02:31.974659,2026-02-17 14:02:31.974660
citi-bike-nyc,Citi Bike,"New York, NY",US,fc493f4dba4ed13900b74edfe3d6d8d5,Pacific Ave & Communipaw Ave,40.711354,-74.062446,3,14,17,2026-02-17 14:02:31.974661,2026-02-17 14:02:31.974662
citi-bike-nyc,Citi Bike,"New York, NY",US,fc4aa829fb9fd8fc1674c29d8ab374b3,W 11 St & 6 Ave,40.73532427,-73.99800419,49,27,76,2026-02-17 14:02:31.974664,2026-02-17 14:02:31.974665
citi-bike-nyc,Citi Bike,"New York, NY",US,fc73f52b8210656aab1b05fe8a0e97e8,Dyckman St & 10 Ave,40.85890447538412,-73.9230939745903,11,3,14,2026-02-17 14:02:31.974666,2026-02-17 14:02:31.974667
citi-bike-nyc,Citi Bike,"New York, NY",US,fce143cad9247a960d1bbe2660592a73,Lexington Ave & E 128 St,40.806414,-73.936085,4,20,24,2026-02-17 14:02:31.974669,2026-02-17 14:02:31.974670
citi-bike-nyc,Citi Bike,"New York, NY",US,fd03b8cbcb04e28f8a97e7d206b5df01,Maurice Ave & 53 Dr,40.73028,-73.90421,13,0,13,2026-02-17 14:02:31.974671,2026-02-17 14:02:31.974672
citi-bike-nyc,Citi Bike,"New York, NY",US,fd0f92e2b55b1f8d13158098eed865ab,Steinway St & 19 Ave,40.778089,-73.899558,18,3,21,2026-02-17 14:02:31.974673,2026-02-17 14:02:31.974674
citi-bike-nyc,Citi Bike,"New York, NY",US,fd182aba25e81ba1adfe4fe1eaf32525,DeKalb Ave & Vanderbilt Ave,40.68940747,-73.96885458,4,15,19,2026-02-17 14:02:31.974676,2026-02-17 14:02:31.974677
citi-bike-nyc,Citi Bike,"New York, NY",US,fd18598d8da48d2a2b0ea8229a938025,16 St & 4 Ave,40.666197,-73.992466,22,6,28,2026-02-17 14:02:31.974678,2026-02-17 14:02:31.974679
citi-bike-nyc,Citi Bike,"New York, NY",US,fd2aab967b20a472d0df75f7a9602063,Division Ave & Hooper St,40.70684203101325,-73.9544353965357,44,15,59,2026-02-17 14:02:31.974681,2026-02-17 14:02:31.974682
citi-bike-nyc,Citi Bike,"New York, NY",US,fd44f537b8fdf0a63924505f2f799274,N 10 St & Berry St,40.720253,-73.957082,35,0,35,2026-02-17 14:02:31.974683,2026-02-17 14:02:31.974684
citi-bike-nyc,Citi Bike,"New York, NY",US,fd6a307113329106f6c13ac20d23e00d,McDonald Ave & Vanderbilt St,40.651654,-73.981231,16,4,20,2026-02-17 14:02:31.974685,2026-02-17 14:02:31.974686
citi-bike-nyc,Citi Bike,"New York, NY",US,fd88320c90d1d8010099a249a1caefb1,E 180 St & Prospect Ave,40.84696,-73.88663,2,18,20,2026-02-17 14:02:31.974692,2026-02-17 14:02:31.974693
citi-bike-nyc,Citi Bike,"New York, NY",US,fdb4831d3335a9aea380117ea4f4b81a,Frederick Douglass Blvd & W 112 St,40.801694,-73.957145,1,33,34,2026-02-17 14:02:31.974695,2026-02-17 14:02:31.974696
citi-bike-nyc,Citi Bike,"New York, NY",US,fdc434827095569a0617bd1eb255044a,21 Ave & Crescent St,40.780478,-73.912212,6,16,22,2026-02-17 14:02:31.974697,2026-02-17 14:02:31.974698
citi-bike-nyc,Citi Bike,"New York, NY",US,fdf85ee78d2b08da8702caf317743a25,Canal St & Rutgers St,40.71427487,-73.98990025,21,23,44,2026-02-17 14:02:31.974700,2026-02-17 14:02:31.974701
citi-bike-nyc,Citi Bike,"New York, NY",US,fe2a26e3b83b8f78257e86a61a0319bb,E 116 St & 2 Ave,40.796879,-73.937261,3,22,25,2026-02-17 14:02:31.974702,2026-02-17 14:02:31.974703
citi-bike-nyc,Citi Bike,"New York, NY",US,fe3524d1b8bb3a7a3cc7b001c171d56d,Shore Pkwy Greenway & Bay Ridge Ave,40.63896,-74.03678,9,8,17,2026-02-17 14:02:31.974704,2026-02-17 14:02:31.974705
citi-bike-nyc,Citi Bike,"New York, NY",US,fe3aafbae1ab143a0c86515efde67b45,University Pl & E 8 St,40.73143724085228,-73.99490341544151,57,3,60,2026-02-17 14:02:31.974707,2026-02-17 14:02:31.974708
citi-bike-nyc,Citi Bike,"New York, NY",US,fe408526f231d286ed2e58a2da50f372,Bainbridge Ave & E 196 St,40.86648,-73.89042,0,16,16,2026-02-17 14:02:31.974710,2026-02-17 14:02:31.974711
citi-bike-nyc,Citi Bike,"New York, NY",US,fe4127801b519a5c73bf20cda5997aeb,Cooper Ave & 65 Pl,40.69953,-73.88873,9,13,22,2026-02-17 14:02:31.974712,2026-02-17 14:02:31.974713
citi-bike-nyc,Citi Bike,"New York, NY",US,fe476c6c9aac55195a4c31a99b8f9d89,Wadsworth Ave & W 179 St,40.848467,-73.936064,2,31,33,2026-02-17 14:02:31.974715,2026-02-17 14:02:31.974716
citi-bike-nyc,Citi Bike,"New York, NY",US,fe77d499d0064660a936aa00f1519bb2,Glenwood Ave,40.72755146730012,-74.07106071710587,0,16,16,2026-02-17 14:02:31.974720,2026-02-17 14:02:31.974721
citi-bike-nyc,Citi Bike,"New York, NY",US,fe9ebb874e7c965a962cd95ab1e067a8,50 St & 30 Ave,40.760083,-73.907107,2,16,18,2026-02-17 14:02:31.974722,2026-02-17 14:02:31.974723
citi-bike-nyc,Citi Bike,"New York, NY",US,fea1d1842c59357983263a97c4fa5002,74 St & Woodside Ave,40.74325,-73.89079,1,18,19,2026-02-17 14:02:31.974725,2026-02-17 14:02:31.974726
citi-bike-nyc,Citi Bike,"New York, NY",US,fee667e79e35b047d29e85189cc412c1,St Felix Ave & 61 St,40.69715,-73.8936,4,12,16,2026-02-17 14:02:31.974727,2026-02-17 14:02:31.974728
citi-bike-nyc,Citi Bike,"New York, NY",US,fefaf0e5e8545318b3cd5e35af2ead6c,2 Ave & E 125 St,40.802554,-73.933509,3,25,28,2026-02-17 14:02:31.974729,2026-02-17 14:02:31.974730
citi-bike-nyc,Citi Bike,"New York, NY",US,ff16d37e30ac19a00d21e1d5d2d8032d,Pier 40 - Hudson River Park,40.7277140777778,-74.01129573583603,11,9,20,2026-02-17 14:02:31.974732,2026-02-17 14:02:31.974733
citi-bike-nyc,Citi Bike,"New York, NY",US,ff281493b562b67162c2ef9b9c3b0f69,60 Pl & Bleecker St,40.71107,-73.903,1,14,15,2026-02-17 14:02:31.974734,2026-02-17 14:02:31.974735
citi-bike-nyc,Citi Bike,"New York, NY",US,ff2ae7535e4713928b83a5e8fabcae8d,47 Ave & Skillman Ave,40.7437524099784,-73.94176483154297,8,10,18,2026-02-17 14:02:31.974736,2026-02-17 14:02:31.974737
citi-bike-nyc,Citi Bike,"New York, NY",US,ff2f088627090e550307de251e788b80,Columbus Ave & W 72 St,40.7770575,-73.97898475,0,62,62,2026-02-17 14:02:31.974739,2026-02-17 14:02:31.974740
citi-bike-nyc,Citi Bike,"New York, NY",US,ff740e13f44126eac725dd9fafbd24de,E 138 St & Willow Ave,40.804168,-73.911545,0,15,15,2026-02-17 14:02:31.974741,2026-02-17 14:02:31.974742
citi-bike-nyc,Citi Bike,"New York, NY",US,ffa1de1039109f34b259df1275fda2a6,Dean St & Franklin Ave,40.67759206937376,-73.955637216568,11,8,19,2026-02-17 14:02:31.974743,2026-02-17 14:02:31.974744
citi-bike-nyc,Citi Bike,"New York, NY",US,ffdca64c32febb7cf8462c1bee53cd54,E 149 St & Morris Ave,40.81734,-73.922962,11,22,33,2026-02-17 14:02:31.974746,2026-02-17 14:02:31.974747
citi-bike-nyc,Citi Bike,"New York, NY",US,fff99e891c3b1544ca626836ea603c5c,58 St & 32 Ave,40.75574,-73.903427,9,8,17,2026-02-17 14:02:31.974748,2026-02-17 14:02:31.974749
santander-cycles,Santander Cycles,London,GB,001420f03e8b4f08f1bcc9bdc0260651,"300073 - Prince of Wales Drive, Battersea Park",51.47515398,-0.159169801,2,17,19,2026-02-17 14:02:31.974756,2026-02-17 14:02:31.974757
santander-cycles,Santander Cycles,London,GB,004cab6485d7adb50b6a85cbe152399a,"003447 - Gloucester Road (North), Kensington",51.49792478,-0.183834706,16,0,16,2026-02-17 14:02:31.974759,2026-02-17 14:02:31.974760
santander-cycles,Santander Cycles,London,GB,00531c4ce0f2e75ef2cebf19f1a6c1e3,"200213 - Durant Street, Bethnal Green",51.52868155,-0.065550321,4,18,22,2026-02-17 14:02:31.974761,2026-02-17 14:02:31.974762
santander-cycles,Santander Cycles,London,GB,01903a65b9708a1e212087ee368ee320,"001229 - High Holborn , Covent Garden",51.516398,-0.12425700000000006,18,1,19,2026-02-17 14:02:31.974764,2026-02-17 14:02:31.974765
santander-cycles,Santander Cycles,London,GB,0191ad8ece6d587cff8369b58327aacb,"003488 - Charles II Street, West End",51.50844614,-0.131961389,16,0,16,2026-02-17 14:02:31.974766,2026-02-17 14:02:31.974767
santander-cycles,Santander Cycles,London,GB,01995d3d3cff733f43d7809d397b3a7e,"001126 - North Audley Street, Mayfair",51.5129118,-0.153645496,12,0,12,2026-02-17 14:02:31.974768,2026-02-17 14:02:31.974769
santander-cycles,Santander Cycles,London,GB,01ff16aaefe2f189c5666ca0fb84b4e0,"300004 - Harris Academy, Bermondsey",51.492668,-0.072350665,1,17,18,2026-02-17 14:02:31.974771,2026-02-17 14:02:31.974772
santander-cycles,Santander Cycles,London,GB,021c9ca075163dcca7edbe920bf0d586,"001209 - Empire Square, The Borough",51.50082346,-0.089740764,7,36,43,2026-02-17 14:02:31.974773,2026-02-17 14:02:31.974774
santander-cycles,Santander Cycles,London,GB,0229d9e377ddbec96804f441d5eaabc3,"001189 - Long Lane , Bermondsey",51.49907558,-0.085666316,1,17,18,2026-02-17 14:02:31.974776,2026-02-17 14:02:31.974777
santander-cycles,Santander Cycles,London,GB,0240e9a1639bc6cb84aa11a2d28e1584,"001068 - Norton Folgate, Liverpool Street",51.52111369,-0.078869751,21,1,22,2026-02-17 14:02:31.974778,2026-02-17 14:02:31.974779
santander-cycles,Santander Cycles,London,GB,0299b28dbeb0f206f4bd894105b3c143,"001057 - Hardwick Street, Clerkenwell",51.5278427,-0.1080682,16,11,27,2026-02-17 14:02:31.974780,2026-02-17 14:02:31.974781
santander-cycles,Santander Cycles,London,GB,02e9d06ab5407e6eaf1dec246d8c452f,"001204 - Queen's Gate (North), Kensington",51.50102668,-0.180246101,36,0,36,2026-02-17 14:02:31.974783,2026-02-17 14:02:31.974784
santander-cycles,Santander Cycles,London,GB,02f4e9383757666a559b4d993f41233a,"200052 - Exhibition Road Museums 2, South Kensington",51.495947,-0.17368958,13,0,13,2026-02-17 14:02:31.974785,2026-02-17 14:02:31.974786
santander-cycles,Santander Cycles,London,GB,0356bcafae23d70c27ca1c0daeb2a764,"001158 - St. Martin's Street, West End",51.50908747,-0.129697889,17,0,17,2026-02-17 14:02:31.974787,2026-02-17 14:02:31.974788
santander-cycles,Santander Cycles,London,GB,03e4ed5b11a4fcefaa386917dd722a5b,"001143 - Kensington Church Street, Kensington",51.50315739,-0.191496313,9,6,15,2026-02-17 14:02:31.974790,2026-02-17 14:02:31.974791
santander-cycles,Santander Cycles,London,GB,047b30f0dab5c5bfc2104549f1738a5d,"200072 - Houndsditch, Aldgate",51.514449,-0.077178979,17,9,26,2026-02-17 14:02:31.974792,2026-02-17 14:02:31.974793
santander-cycles,Santander Cycles,London,GB,048167d1aabd3c8fe55fe75b2b93dbda,"002701 - Columbia Road, Shoreditch",51.528187,-0.075375,7,17,24,2026-02-17 14:02:31.974795,2026-02-17 14:02:31.974796
santander-cycles,Santander Cycles,London,GB,056303b9788eab5234cff4abb1bdeff9,"001190 - Kennington Lane Rail Bridge, Vauxhall",51.4863434,-0.12249239999999872,2,26,28,2026-02-17 14:02:31.974797,2026-02-17 14:02:31.974798
santander-cycles,Santander Cycles,London,GB,0605a2d505f1a706adb2ebf85cf41188,"200249 - Queen Mary's, Mile End",51.522507,-0.041378,11,33,44,2026-02-17 14:02:31.974799,2026-02-17 14:02:31.974800
santander-cycles,Santander Cycles,London,GB,062ad453718b685176b2cbb07ddcc225,"200050 - Naval Row, Blackwall",51.508981,-0.00699,16,4,20,2026-02-17 14:02:31.974802,2026-02-17 14:02:31.974803
santander-cycles,Santander Cycles,London,GB,069a306e841aed284a84444048b364f2,"001152 - Marylebone Lane, Marylebone",51.51475963,-0.148105415,18,2,20,2026-02-17 14:02:31.974804,2026-02-17 14:02:31.974805
santander-cycles,Santander Cycles,London,GB,072c36394de14cadaae53d0086822740,"300212 - Birkenhead Street, King's Cross",51.5301998755,-0.122299440803,11,14,25,2026-02-17 14:02:31.974806,2026-02-17 14:02:31.974807
santander-cycles,Santander Cycles,London,GB,0793190786c7e2436cbd7b2e35b80783,"001174 - Alderney Street, Pimlico",51.48805753,-0.140741432,5,7,12,2026-02-17 14:02:31.974809,2026-02-17 14:02:31.974810
santander-cycles,Santander Cycles,London,GB,0808c4044c132d65fe7b2993667ff21a,"001099 - Frampton Street, Paddington",51.5233534,-0.175116099,23,4,27,2026-02-17 14:02:31.974811,2026-02-17 14:02:31.974812
santander-cycles,Santander Cycles,London,GB,08edaa617d83bde5b4442416268ec796,"200127 - East India DLR, Blackwall",51.509474,-0.002275,17,30,47,2026-02-17 14:02:31.974816,2026-02-17 14:02:31.974817
santander-cycles,Santander Cycles,London,GB,08fa4d8316678d7c4402b0c03a09c952,"200198 - Seymour Place, Marylebone",51.520331,-0.163667,15,12,27,2026-02-17 14:02:31.974819,2026-02-17 14:02:31.974820
santander-cycles,Santander Cycles,London,GB,090f297e79c030688a8a51755ebeafe3,"001231 - Queen's Gate, Kensington Gardens",51.5017154373867,-0.1798541843891,11,1,12,2026-02-17 14:02:31.974821,2026-02-17 14:02:31.974822
santander-cycles,Santander Cycles,London,GB,09adf52031e9e0915474c56d5e9c8fb5,"200017 - Lancaster Gate , Bayswater",51.511654,-0.179668,20,17,37,2026-02-17 14:02:31.974823,2026-02-17 14:02:31.974824
santander-cycles,Santander Cycles,London,GB,0b1af5c403eabe65f15ec20245a57ee5,"200118 - Albert Street, Camden Town",51.537706,-0.14480190000000448,18,6,24,2026-02-17 14:02:31.974826,2026-02-17 14:02:31.974827
santander-cycles,Santander Cycles,London,GB,0b3566396cee460796fa2c3a08c1bf64,"200091 - Wandsworth Town Station, Wandsworth",51.46086446,-0.187427294,21,11,32,2026-02-17 14:02:31.974828,2026-02-17 14:02:31.974829
santander-cycles,Santander Cycles,London,GB,0b3b4139c1537752cee3c2a49f3551ca,"001191 - Barbican Centre, Barbican",51.52004497,-0.092176447,16,2,18,2026-02-17 14:02:31.974831,2026-02-17 14:02:31.974832
santander-cycles,Santander Cycles,London,GB,0b9d0cf63466b494b222dda8bf8a61aa,"010623 - Greycoat Street , Westminster",51.49459148,-0.134234258,3,14,17,2026-02-17 14:02:31.974833,2026-02-17 14:02:31.974834
santander-cycles,Santander Cycles,London,GB,0bac19abb9e5463ff38a991da6337555,"200149 - Watney Street, Shadwell",51.511542,-0.056667,1,24,25,2026-02-17 14:02:31.974836,2026-02-17 14:02:31.974837
santander-cycles,Santander Cycles,London,GB,0c01f449802222cdd504c8eafa0322a4,"001019 - Ampton Street , Clerkenwell",51.52728093,-0.11829517,10,11,21,2026-02-17 14:02:31.974838,2026-02-17 14:02:31.974839
santander-cycles,Santander Cycles,London,GB,0c214fd5844b79f5ace4631b36babc8a,"300058 - The Vale, Chelsea",51.48512191,-0.174971902,5,16,21,2026-02-17 14:02:31.974840,2026-02-17 14:02:31.974841
santander-cycles,Santander Cycles,London,GB,0c45f2e9221ff70fcd1393becd3e189e,"200073 - Cephas Street, Bethnal Green",51.522561,-0.054883,14,9,23,2026-02-17 14:02:31.974843,2026-02-17 14:02:31.974844
santander-cycles,Santander Cycles,London,GB,0c7b199636e8a47f15dd707b6954ee02,"200180 - South Park, Sands End",51.46706414,-0.193502076,16,10,26,2026-02-17 14:02:31.974845,2026-02-17 14:02:31.974846
santander-cycles,Santander Cycles,London,GB,0d050bd8136b44ea4429f899aa5dd06c,"300081 - Haggerston Road, Haggerston",51.53932857,-0.074284675,25,10,35,2026-02-17 14:02:31.974848,2026-02-17 14:02:31.974849
santander-cycles,Santander Cycles,London,GB,0d1d53561dbd7567ed35c217a7b37224,"200189 - Phene Street, Chelsea",51.48498496,-0.167919869,4,19,23,2026-02-17 14:02:31.974850,2026-02-17 14:02:31.974851
santander-cycles,Santander Cycles,London,GB,0d3bf8a2ca4aff840df4ed3428d77be2,"200209 - Shepherd's Bush Road North, Shepherd's Bush",51.5015946,-0.222293381,3,31,34,2026-02-17 14:02:31.974852,2026-02-17 14:02:31.974853
santander-cycles,Santander Cycles,London,GB,0d9f93bc4ef280232f179859b1e0735a,"200077 - Vicarage Crescent, Battersea",51.47287627,-0.176267008,0,30,30,2026-02-17 14:02:31.974855,2026-02-17 14:02:31.974856
santander-cycles,Santander Cycles,London,GB,0e0da3923f69b417e9c9a6eda7d1cb72,"002587 - Wormwood Street, Liverpool Street",51.51615461,-0.082422399,12,1,13,2026-02-17 14:02:31.974857,2026-02-17 14:02:31.974858
santander-cycles,Santander Cycles,London,GB,0e1efdedabfc5562db830161f77361ae,"200190 - Queen's Circus, Battersea Park",51.47761941,-0.149551631,6,19,25,2026-02-17 14:02:31.974860,2026-02-17 14:02:31.974861
santander-cycles,Santander Cycles,London,GB,0e32bed2bf97efb8e0ddcdd0446caf15,"200220 - Blythe Road West, Shepherd's Bush",51.49968,-0.221791551,0,20,20,2026-02-17 14:02:31.974862,2026-02-17 14:02:31.974863
santander-cycles,Santander Cycles,London,GB,0f1607337db3f448a30c88647bf8842d,"001037 - Park Lane , Hyde Park",51.5100172,-0.157275636,13,10,23,2026-02-17 14:02:31.974864,2026-02-17 14:02:31.974865
santander-cycles,Santander Cycles,London,GB,0f16524487ca1a3265628ca1fdd0bdb9,"300208 - Lavington Street, Bankside",51.5052241745,-0.0980318118664,24,4,28,2026-02-17 14:02:31.974867,2026-02-17 14:02:31.974868
santander-cycles,Santander Cycles,London,GB,0f942ff0a5dec38e456175dfeebf0c7d,"200168 - Southern Grove, Bow",51.523538,-0.030556,2,13,15,2026-02-17 14:02:31.974869,2026-02-17 14:02:31.974870
santander-cycles,Santander Cycles,London,GB,0fce6ee73e33ca39c6e551b9347a33ad,"002641 - New North Road 2, Hoxton",51.53114,-0.086016,10,12,22,2026-02-17 14:02:31.974872,2026-02-17 14:02:31.974873
santander-cycles,Santander Cycles,London,GB,0fff4a36bcc719131b5b5f1452148c1a,"001155 - Regency Street, Westminster",51.49206037,-0.132224622,2,18,20,2026-02-17 14:02:31.974874,2026-02-17 14:02:31.974875
santander-cycles,Santander Cycles,London,GB,105a2dff2d4a179b561b6e28eab59185,"200218 - Addison Road, Holland Park",51.504199,-0.210941,1,23,24,2026-02-17 14:02:31.974876,2026-02-17 14:02:31.974877
santander-cycles,Santander Cycles,London,GB,106c1fdcd37c9cd81b5cfe053d3a1afe,"300209 - Albert Square, Stockwell",51.4765900593,-0.118256789081,2,29,31,2026-02-17 14:02:31.974879,2026-02-17 14:02:31.974880
santander-cycles,Santander Cycles,London,GB,10c02c62cbb5a643643975e3ab27f7d6,"003449 - Breams Buildings, Holborn",51.51593725,-0.111778348,16,7,23,2026-02-17 14:02:31.974881,2026-02-17 14:02:31.974882
santander-cycles,Santander Cycles,London,GB,10f2182940197719972c8582dedc455d,"010629 - Rotherhithe Roundabout, Rotherhithe",51.499169,-0.055846029,0,17,17,2026-02-17 14:02:31.974883,2026-02-17 14:02:31.974884
santander-cycles,Santander Cycles,London,GB,11058fd9a19c1e3eb1be438a8fe78026,"200194 - Clarence Walk, Stockwell",51.47073264,-0.126994068,12,13,25,2026-02-17 14:02:31.974886,2026-02-17 14:02:31.974887
santander-cycles,Santander Cycles,London,GB,1136bc9f41f8ac2a6f7cf136c698b78a,"001122 - Ashley Place, Victoria",51.49616092,-0.140947636,18,3,21,2026-02-17 14:02:31.974888,2026-02-17 14:02:31.974889
santander-cycles,Santander Cycles,London,GB,113ae8a7469fe61e3e0a225bf7f68eb1,"001147 - Clifton Road, Maida Vale",51.52557531,-0.179592915,2,16,18,2026-02-17 14:02:31.974891,2026-02-17 14:02:31.974892
santander-cycles,Santander Cycles,London,GB,11ae894c98e442b611293fff9ff8e8c5,"001144 - Poured Lines, Bankside",51.50669284,-0.103137426,16,14,30,2026-02-17 14:02:31.974893,2026-02-17 14:02:31.974894
santander-cycles,Santander Cycles,London,GB,11b191b7d850e1bc3d117a2bf999bed5,"200238 - Westferry DLR, Limehouse",51.509303,-0.025996,12,24,36,2026-02-17 14:02:31.974895,2026-02-17 14:02:31.974896
santander-cycles,Santander Cycles,London,GB,12a2abe76471e64e22ffc5f2721fb250,"200106 - Spanish Road, Clapham Junction",51.45922541,-0.180884959,19,9,28,2026-02-17 14:02:31.974898,2026-02-17 14:02:31.974899
santander-cycles,Santander Cycles,London,GB,12cf22b370092bd57925f3347d093bc9,"300024 - Dunston Road , Haggerston",51.53658514,-0.075885686,6,36,42,2026-02-17 14:02:31.974900,2026-02-17 14:02:31.974901
santander-cycles,Santander Cycles,London,GB,135df949e376eccd60c1439395b54c91,"001121 - Lexham Gardens, Kensington",51.49586666,-0.191933711,0,16,16,2026-02-17 14:02:31.974903,2026-02-17 14:02:31.974904
santander-cycles,Santander Cycles,London,GB,139cdedf16e97544e1a19d440914ca93,"001109 - Wellington Arch, Hyde Park",51.50274025,-0.149569201,11,21,32,2026-02-17 14:02:31.974905,2026-02-17 14:02:31.974906
santander-cycles,Santander Cycles,London,GB,13fdc0f79bab3e188def7e1fe2489cd8,"001192 - Embankment (Savoy), Strand",51.50963123,-0.119047563,39,0,39,2026-02-17 14:02:31.974908,2026-02-17 14:02:31.974909
santander-cycles,Santander Cycles,London,GB,140eade370399498e89843c64f593e91,"003450 - Great Titchfield Street, Fitzrovia",51.52025302,-0.141327271,8,9,17,2026-02-17 14:02:31.974910,2026-02-17 14:02:31.974911
santander-cycles,Santander Cycles,London,GB,142d474ce6a827391ae84df4d6b219ac,"200153 - Blythe Road, Olympia",51.496927,-0.21350087,9,13,22,2026-02-17 14:02:31.974913,2026-02-17 14:02:31.974914
santander-cycles,Santander Cycles,London,GB,14e89f7dd9cfc6c05e4969720bd9a7d9,"001038 - Harrington Square 1, Camden Town",51.53301907,-0.139174593,16,10,26,2026-02-17 14:02:31.974916,2026-02-17 14:02:31.974917
santander-cycles,Santander Cycles,London,GB,15109e5a69409fd8aced9f4f43e9b282,"022169 - Wren Street, Holborn",51.524564,-0.116279,4,27,31,2026-02-17 14:02:31.974918,2026-02-17 14:02:31.974919
santander-cycles,Santander Cycles,London,GB,1573adc95e0db280dd1531ea15f74eda,"300205 - Cromer Street, Bloomsbury",51.528279,-0.11955857,16,10,26,2026-02-17 14:02:31.974921,2026-02-17 14:02:31.974922
santander-cycles,Santander Cycles,London,GB,15bfe9b89d354f9e475cb0f51d3a85e2,"022167 - Millharbour, Millwall",51.496137,-0.019355,9,10,19,2026-02-17 14:02:31.974923,2026-02-17 14:02:31.974924
santander-cycles,Santander Cycles,London,GB,15d2f9136d250343100bd764a6f25b10,"300065 - Clapham Common North Side, Clapham Common",51.46134382,-0.159322467,3,34,37,2026-02-17 14:02:31.974925,2026-02-17 14:02:31.974926
santander-cycles,Santander Cycles,London,GB,1607af940b203fa105918dfa704b7f8a,"200086 - Ilchester Gardens, Bayswater",51.51244,-0.19096,3,16,19,2026-02-17 14:02:31.974928,2026-02-17 14:02:31.974929
santander-cycles,Santander Cycles,London,GB,168e816f71ad97ebac3b5d5e8f30e262,"300061 - Crimscott Street, Bermondsey",51.495598,-0.078893,0,18,18,2026-02-17 14:02:31.974930,2026-02-17 14:02:31.974931
santander-cycles,Santander Cycles,London,GB,16fab6f03a4ee334399813f20d6dd47a,"200162 - Watney Market, Stepney",51.5142228,-0.055656,1,47,48,2026-02-17 14:02:31.974932,2026-02-17 14:02:31.974933
santander-cycles,Santander Cycles,London,GB,17080ae3ef6c19fbe59e8e5c17d31d9b,"001026 - Roscoe Street, St. Luke's",51.52295439,-0.094934859,12,4,16,2026-02-17 14:02:31.974935,2026-02-17 14:02:31.974936
santander-cycles,Santander Cycles,London,GB,17173be0e45e78e08e129395bd66733d,"300008 - Normand Park, West Kensington",51.48438657,-0.20481514,7,13,20,2026-02-17 14:02:31.974937,2026-02-17 14:02:31.974938
santander-cycles,Santander Cycles,London,GB,176ce23fdcdb9ad0098ba629d49278ad,"200116 - Vereker Road, West Kensington",51.48959104,-0.209378594,12,19,31,2026-02-17 14:02:31.974939,2026-02-17 14:02:31.974940
santander-cycles,Santander Cycles,London,GB,17958937b1c48b0fd144259a19a9771e,"200007 - Holden Street, Battersea",51.4687905,-0.158230901,7,12,19,2026-02-17 14:02:31.974942,2026-02-17 14:02:31.974943
santander-cycles,Santander Cycles,London,GB,17a040536d0ab9b22526033eb45c721e,"200063 - Mexfield Road, East Putney",51.45682071,-0.202802098,0,18,18,2026-02-17 14:02:31.974944,2026-02-17 14:02:31.974945
santander-cycles,Santander Cycles,London,GB,17d8ba160bcfddec9db7ee7396528784,"200202 - Storey's Gate, Westminster",51.50070305,-0.129698963,11,7,18,2026-02-17 14:02:31.974946,2026-02-17 14:02:31.974947
santander-cycles,Santander Cycles,London,GB,17dd7cad2893d58d50f9f8391bc81d0a,"300245 - Clapham Road, Lingham Street, Stockwell",51.4714330677,-0.123670735702,14,15,29,2026-02-17 14:02:31.974949,2026-02-17 14:02:31.974950
santander-cycles,Santander Cycles,London,GB,17e868fdabd0f2c24c7bdc613919eaa9,"200204 - Northfields, Wandsworth",51.46095151,-0.20066766,4,24,28,2026-02-17 14:02:31.974951,2026-02-17 14:02:31.974952
santander-cycles,Santander Cycles,London,GB,17f03df378612d2d000989d143fd4cb3,"001211 - Bunhill Row, Moorgate",51.52085887,-0.089887855,22,1,23,2026-02-17 14:02:31.974953,2026-02-17 14:02:31.974955
santander-cycles,Santander Cycles,London,GB,18e9d0e2737aeb5fc6c99c3fd8942ecd,"200028 - Elysium Place, Fulham",51.47107905,-0.207842908,2,19,21,2026-02-17 14:02:31.974956,2026-02-17 14:02:31.974957
santander-cycles,Santander Cycles,London,GB,18f219af91ff4dc266c398c03a819291,"001065 - Aldersgate Street, Barbican",51.5208417,-0.097340162,9,4,13,2026-02-17 14:02:31.974958,2026-02-17 14:02:31.974959
santander-cycles,Santander Cycles,London,GB,192af6c05ee0929d16619c738b4bf2f7,"001043 - Museum of London, Barbican",51.51782144,-0.096496865,49,0,49,2026-02-17 14:02:31.974961,2026-02-17 14:02:31.974962
santander-cycles,Santander Cycles,London,GB,1937b785eb3b88881c353b4b0285849b,"003459 - Collingham Gardens, Earl's Court",51.4916156,-0.186753859,4,10,14,2026-02-17 14:02:31.974963,2026-02-17 14:02:31.974964
santander-cycles,Santander Cycles,London,GB,1946a8144eb01a06fbfe3bc398accbba,"001176 - Waterloo Road, South Bank",51.50486,-0.113001,9,4,13,2026-02-17 14:02:31.974965,2026-02-17 14:02:31.974966
santander-cycles,Santander Cycles,London,GB,19b283347402fac16a177e074e2c9572,"200188 - Neville Gill Close, Wandsworth",51.45475251,-0.195197203,14,17,31,2026-02-17 14:02:31.974968,2026-02-17 14:02:31.974969
santander-cycles,Santander Cycles,London,GB,1a4af3b8d9ae338a82ccc50e677ad526,"200203 - King Edward Street, St Pauls",51.51601,-0.0985,17,0,17,2026-02-17 14:02:31.974970,2026-02-17 14:02:31.974971
santander-cycles,Santander Cycles,London,GB,1abd626b32beaac8cb1120144d0c97a4,"300076 - Lots Road, West Chelsea",51.4795738,-0.17903854,12,12,24,2026-02-17 14:02:31.974973,2026-02-17 14:02:31.974974
santander-cycles,Santander Cycles,London,GB,1b342d9cf15dc60b185b8dedc3f7ef35,"200057 - Belford House, Haggerston",51.5366541,-0.07023031,1,37,38,2026-02-17 14:02:31.974975,2026-02-17 14:02:31.974976
santander-cycles,Santander Cycles,London,GB,1b835ecc23009691754761254cf8c0f7,"001066 - Calshot Street , King's Cross",51.53136059,-0.117069978,14,4,18,2026-02-17 14:02:31.974977,2026-02-17 14:02:31.974978
santander-cycles,Santander Cycles,London,GB,1bbe1a87ecfe81fd0bc63095f343f6fb,"200251 - Bow Road Station, Bow",51.527058,-0.025296,3,38,41,2026-02-17 14:02:31.974980,2026-02-17 14:02:31.974981
santander-cycles,Santander Cycles,London,GB,1bdad998deaa6975621b1c1bc6de6b1e,"003458 - Waterloo Place, St. James's",51.50663341,-0.131773845,17,0,17,2026-02-17 14:02:31.974982,2026-02-17 14:02:31.974983
santander-cycles,Santander Cycles,London,GB,1c2b25875836a3fb31722e96f8e28e03,"022161 - Vincent Street, Pimlico",51.493072,-0.129925,8,9,17,2026-02-17 14:02:31.974985,2026-02-17 14:02:31.974986
santander-cycles,Santander Cycles,London,GB,1c5b32240dab6a67650acf77d6aa677b,"010627 - Grosvenor Square, Mayfair",51.51217033,-0.150481272,14,0,14,2026-02-17 14:02:31.974987,2026-02-17 14:02:31.974988
santander-cycles,Santander Cycles,London,GB,1c8b54899f475eef63a106429e499ef1,"001059 - Albert Embankment, Vauxhall",51.4904357,-0.1228069000000005,10,13,23,2026-02-17 14:02:31.974989,2026-02-17 14:02:31.974990
santander-cycles,Santander Cycles,London,GB,1c8ffe2672b1bea7d3873f35da9f91d7,"200143 - Lancaster Drive, Blackwall",51.503143,-0.008428,5,21,26,2026-02-17 14:02:31.974992,2026-02-17 14:02:31.974993
santander-cycles,Santander Cycles,London,GB,1cbf5f3da660fc4a56e15cc2d4cef723,"003455 - Arundel Street, Temple",51.511726,-0.11385596,15,0,15,2026-02-17 14:02:31.974994,2026-02-17 14:02:31.974995
santander-cycles,Santander Cycles,London,GB,1e816bbbb2182f9673f9b15db86165bf,"300207 - Gauden Road, Clapham",51.464995,-0.13090885,5,16,21,2026-02-17 14:02:31.974997,2026-02-17 14:02:31.974998
santander-cycles,Santander Cycles,London,GB,1eabd7ac8e781befd03f52ef56a18aa7,"001022 - Brunswick Square, Bloomsbury",51.52395143,-0.122502346,21,2,23,2026-02-17 14:02:31.974999,2026-02-17 14:02:31.975000
santander-cycles,Santander Cycles,London,GB,1ec5489218722c40b4af21fcecb38b03,"200230 - Maplin Street, Mile End",51.525501,-0.032267200000006824,16,23,39,2026-02-17 14:02:31.975002,2026-02-17 14:02:31.975003
santander-cycles,Santander Cycles,London,GB,1ed9e09a1b36013966b9e4881467acf1,"200171 - Peterborough Road, Sands End",51.46904022,-0.19627483,10,10,20,2026-02-17 14:02:31.975004,2026-02-17 14:02:31.975005
santander-cycles,Santander Cycles,London,GB,1ef34aa90f6cb964a929a6ce99413e60,"002681 - Harriet Street, Knightsbridge",51.50024195,-0.15934065,21,1,22,2026-02-17 14:02:31.975006,2026-02-17 14:02:31.975007
santander-cycles,Santander Cycles,London,GB,1f349127b8f58a8a3d1f7294d298dce0,"002589 - Pembridge Villas, Notting Hill",51.51108452,-0.197524944,7,7,14,2026-02-17 14:02:31.975010,2026-02-17 14:02:31.975011
santander-cycles,Santander Cycles,London,GB,1f723dda1baca2b8c13e7395f4766955,"300084 - Sirdar Road, Avondale",51.51092871,-0.214594781,15,5,20,2026-02-17 14:02:31.975012,2026-02-17 14:02:31.975013
santander-cycles,Santander Cycles,London,GB,1f74fb4f82fb54925d9c191dbe89c8c8,"200134 - Albany Street, The Regent's Park",51.528302,-0.1444659999999942,12,10,22,2026-02-17 14:02:31.975015,2026-02-17 14:02:31.975016
santander-cycles,Santander Cycles,London,GB,1f8af740ce4b0aceaf3a6f327d3338c2,"001105 - LMU Commercial Road, Whitechapel",51.51492456,-0.066078037,1,11,12,2026-02-17 14:02:31.975017,2026-02-17 14:02:31.975018
santander-cycles,Santander Cycles,London,GB,1fc53089767ea1c8d51982563a0b43ea,"003427 - Fanshaw Street, Hoxton",51.52953709,-0.083353323,14,21,35,2026-02-17 14:02:31.975019,2026-02-17 14:02:31.975020
santander-cycles,Santander Cycles,London,GB,200ce1c95540e578b1ef93671d5c2e08,"200062 - William Morris Way, Sands End",51.46881971,-0.184318843,15,11,26,2026-02-17 14:02:31.975022,2026-02-17 14:02:31.975023
santander-cycles,Santander Cycles,London,GB,207110e525a28de8b818f389ff45e820,"200210 - Westbridge Road, Battersea",51.47768469,-0.170329317,9,17,26,2026-02-17 14:02:31.975024,2026-02-17 14:02:31.975025
santander-cycles,Santander Cycles,London,GB,212adf7b98627cc26db562dc1c293fd0,"000997 - Worship Street, Shoreditch",51.521668,-0.079608554,39,10,49,2026-02-17 14:02:31.975026,2026-02-17 14:02:31.975027
santander-cycles,Santander Cycles,London,GB,2170152c4efd40a4dff0f6c219fd0061,"001110 - Palace Gate, Kensington Gardens",51.50204238,-0.184400221,0,9,9,2026-02-17 14:02:31.975029,2026-02-17 14:02:31.975030
santander-cycles,Santander Cycles,London,GB,217edc964437eb6efdbccc3ed36b0b3e,"200110 - Bishop's Bridge Road West, Bayswater",51.51616,-0.18697,1,14,15,2026-02-17 14:02:31.975031,2026-02-17 14:02:31.975032
santander-cycles,Santander Cycles,London,GB,21c8166f2da7268d15a593e1055fe1f6,"001194 - Westminster University, Marylebone",51.52248185,-0.154907218,5,5,10,2026-02-17 14:02:31.975033,2026-02-17 14:02:31.975034
santander-cycles,Santander Cycles,London,GB,22111b71adc75acb6bd0a3584907b0c6,"001002 - Holy Trinity Brompton, Knightsbridge",51.49705603,-0.168917077,24,2,26,2026-02-17 14:02:31.975036,2026-02-17 14:02:31.975037
santander-cycles,Santander Cycles,London,GB,2252f79019ed2aa466bd5750fbe43997,"300067 - Grenfell Road, Avondale",51.5129006,-0.214762686,13,10,23,2026-02-17 14:02:31.975038,2026-02-17 14:02:31.975039
santander-cycles,Santander Cycles,London,GB,2293635ff034ae614ff2679f273e6972,"001140 - Grosvenor Road, Pimlico",51.4853572,-0.142207481,8,20,28,2026-02-17 14:02:31.975041,2026-02-17 14:02:31.975042
santander-cycles,Santander Cycles,London,GB,229d9889deda4e8b1a1b6a0f219e159f,"000964 - Bath Street, St. Luke's",51.52589324,-0.090847761,13,0,13,2026-02-17 14:02:31.975043,2026-02-17 14:02:31.975044
santander-cycles,Santander Cycles,London,GB,22b232cd84d08aa6a4f1432aad2dbcbd,"001201 - Bank of England Museum, Bank",51.51444134,-0.087587447,8,3,11,2026-02-17 14:02:31.975045,2026-02-17 14:02:31.975046
santander-cycles,Santander Cycles,London,GB,22dd9c7f455f2c8b36f130b8c84d8bbe,"300050 - Walworth Square, Walworth",51.491327,-0.096518684,0,21,21,2026-02-17 14:02:31.975048,2026-02-17 14:02:31.975049
santander-cycles,Santander Cycles,London,GB,22ea277021b0890c2cb89459df7fa1c2,"300083 - Duke Street Hill, London Bridge",51.50630441,-0.087262995,5,11,16,2026-02-17 14:02:31.975050,2026-02-17 14:02:31.975051
santander-cycles,Santander Cycles,London,GB,2302e612fc97753472b534a6bb2e4c73,"001221 - St. George Street, Mayfair",51.51196,-0.142783033,13,0,13,2026-02-17 14:02:31.975052,2026-02-17 14:02:31.975053
santander-cycles,Santander Cycles,London,GB,23584469231acbea6b4fbeac077c2844,"200160 - Langdon Park, Poplar",51.51549,-0.013475,7,17,24,2026-02-17 14:02:31.975055,2026-02-17 14:02:31.975056
santander-cycles,Santander Cycles,London,GB,23a69ac4ef6a7307d45f5a6f56eacdb3,"001218 - Flood Street, Chelsea",51.48802358,-0.166878535,15,15,30,2026-02-17 14:02:31.975057,2026-02-17 14:02:31.975058
santander-cycles,Santander Cycles,London,GB,23c0d5f1a5a05824a6f13720427977a7,"003432 - Farringdon Lane, Clerkenwell",51.52352001,-0.108340165,14,1,15,2026-02-17 14:02:31.975059,2026-02-17 14:02:31.975060
santander-cycles,Santander Cycles,London,GB,23ee76ce7a5418e315a92a4f79ea12a2,"010630 - George Place Mews, Marylebone",51.51689296,-0.158249929,7,7,14,2026-02-17 14:02:31.975062,2026-02-17 14:02:31.975063
santander-cycles,Santander Cycles,London,GB,23efb32f80a9dcd0e4f61fb44b353ce1,"000980 - Malet Street, Bloomsbury",51.52168078,-0.130431727,43,0,43,2026-02-17 14:02:31.975064,2026-02-17 14:02:31.975065
santander-cycles,Santander Cycles,London,GB,240847c90be435be6a1385b18cb689d5,"200129 - Charlotte Terrace, Angel",51.53639219,-0.112721065,12,13,25,2026-02-17 14:02:31.975066,2026-02-17 14:02:31.975067
santander-cycles,Santander Cycles,London,GB,24ab10d466840d868d4bf46225049c54,"300213 - Monier Road, Hackney Wick",51.5403115,-0.021630359,8,15,23,2026-02-17 14:02:31.975069,2026-02-17 14:02:31.975070
santander-cycles,Santander Cycles,London,GB,251599019e831fcb8b10dbc859eb2c77,"300037 - Ravenscourt Park Station, Hammersmith",51.49422354,-0.236769936,1,23,24,2026-02-17 14:02:31.975071,2026-02-17 14:02:31.975072
santander-cycles,Santander Cycles,London,GB,2564725d535c69c5d1f915d8d3c24777,"200211 - Union Grove, Wandsworth Road",51.472993,-0.133972,33,10,43,2026-02-17 14:02:31.975074,2026-02-17 14:02:31.975075
santander-cycles,Santander Cycles,London,GB,258bae71934e334dd7f77a6826073776,"300018 - Charing Cross Hospital, Hammersmith",51.48728535,-0.217995921,2,16,18,2026-02-17 14:02:31.975076,2026-02-17 14:02:31.975077
santander-cycles,Santander Cycles,London,GB,26184215d38089fcad213ef222e69780,"001024 - Park Street, Bankside",51.50597426,-0.092754157,6,11,17,2026-02-17 14:02:31.975078,2026-02-17 14:02:31.975079
santander-cycles,Santander Cycles,London,GB,262b58663806397b5489fce04412a3b2,"022165 - Fisherman's Walk West, Canary Wharf",51.50623,-0.02296,30,4,34,2026-02-17 14:02:31.975081,2026-02-17 14:02:31.975082
santander-cycles,Santander Cycles,London,GB,2648082b0340961e2ca04b2dc1eb3e9a,"300023 - All Saints Church, Portobello",51.51632095,-0.202608612,8,27,35,2026-02-17 14:02:31.975083,2026-02-17 14:02:31.975084
santander-cycles,Santander Cycles,London,GB,26f3ace6e97fd4188f5059d957af55e7,"001082 - Borough Road, Elephant & Castle",51.49889832,-0.100440521,19,21,40,2026-02-17 14:02:31.975085,2026-02-17 14:02:31.975087
santander-cycles,Santander Cycles,London,GB,270f267381a6a855aeaddebcec4d8003,"300007 - Rifle Place, Avondale",51.509224,-0.216016,13,6,19,2026-02-17 14:02:31.975088,2026-02-17 14:02:31.975089
santander-cycles,Santander Cycles,London,GB,273c07f533bc9f3e5e83f81162a3c09b,"001060 - Torrens Street, Angel",51.53219984,-0.105480698,15,3,18,2026-02-17 14:02:31.975090,2026-02-17 14:02:31.975091
santander-cycles,Santander Cycles,London,GB,2765e4eac07830d01f38edd39e52b6e0,"300070 - Imperial Wharf Station, Sands End",51.474665,-0.18316517,5,17,22,2026-02-17 14:02:31.975093,2026-02-17 14:02:31.975094
santander-cycles,Santander Cycles,London,GB,282e3f242d2799ecfd97d0e50197ecb9,"001138 - Elizabeth Bridge, Victoria",51.49236962,-0.147478734,9,20,29,2026-02-17 14:02:31.975095,2026-02-17 14:02:31.975096
santander-cycles,Santander Cycles,London,GB,2873127caabb5916e1e153e5000ff06b,"300229 - Sidney Road, Stockwell",51.469202,-0.11902256,0,19,19,2026-02-17 14:02:31.975098,2026-02-17 14:02:31.975099
santander-cycles,Santander Cycles,London,GB,287b0e689e6bfee27869923990b91bf5,"001077 - Royal London Hospital, Whitechapel",51.518675,-0.06111,30,7,37,2026-02-17 14:02:31.975100,2026-02-17 14:02:31.975101
santander-cycles,Santander Cycles,London,GB,2886e8ab5bbcc55d7dbe224274057198,"200243 - St. John's Park, Cubitt Town",51.496454,-0.009506,12,18,30,2026-02-17 14:02:31.975103,2026-02-17 14:02:31.975103
santander-cycles,Santander Cycles,London,GB,288af2ce5056d6b0c5f7df002bd065fe,"200121 - Shoreditch Court, Haggerston",51.53908372,-0.070329419,7,28,35,2026-02-17 14:02:31.975106,2026-02-17 14:02:31.975107
santander-cycles,Santander Cycles,London,GB,2af132980e1adfb83bf1c03d248d3d9c,"001106 - Rampayne Street, Pimlico",51.48997562,-0.132845681,11,10,21,2026-02-17 14:02:31.975108,2026-02-17 14:02:31.975109
santander-cycles,Santander Cycles,London,GB,2b2da69426aebcd92baa6a767f6e6577,"200247 - Globe Town Market, Bethnal Green",51.528869,-0.047548,0,17,17,2026-02-17 14:02:31.975111,2026-02-17 14:02:31.975112
santander-cycles,Santander Cycles,London,GB,2b2e79b5240d07027b2d16bce65e378d,"022172 - Bromley High Street, Bow",51.528828,-0.013258,3,19,22,2026-02-17 14:02:31.975114,2026-02-17 14:02:31.975115
santander-cycles,Santander Cycles,London,GB,2b52d72500bd4fb639ab9f79df7e3c78,"003446 - De Vere Gardens, Kensington",51.50173726,-0.184980612,6,22,28,2026-02-17 14:02:31.975116,2026-02-17 14:02:31.975117
santander-cycles,Santander Cycles,London,GB,2b583796f0c314671d377d6bb7ac374a,"001173 - Gloucester Terrace, Bayswater",51.51791921,-0.188098863,0,20,20,2026-02-17 14:02:31.975119,2026-02-17 14:02:31.975120
santander-cycles,Santander Cycles,London,GB,2b5f1abbbff8e176025b26fae6f0b9ed,"001214 - Kensington Olympia Station, Olympia",51.49815779,-0.209494128,8,15,23,2026-02-17 14:02:31.975121,2026-02-17 14:02:31.975122
santander-cycles,Santander Cycles,London,GB,2b80a6a07465f920bf35dd5a913bec8c,"200150 - Cantrell Road, Bow",51.521564,-0.022694,10,13,23,2026-02-17 14:02:31.975123,2026-02-17 14:02:31.975124
santander-cycles,Santander Cycles,London,GB,2bac4746bdb4724e87dcdb4cdf9e13fb,"002662 - Butler Place, Westminster",51.49782999,-0.135440826,13,4,17,2026-02-17 14:02:31.975126,2026-02-17 14:02:31.975127
santander-cycles,Santander Cycles,London,GB,2c789b57ba3a7662fa47d6555fedec69,"001103 - Gloucester Street, Pimlico",51.49096258,-0.139625122,5,19,24,2026-02-17 14:02:31.975128,2026-02-17 14:02:31.975129
santander-cycles,Santander Cycles,London,GB,2c8768870b94da967a117e459bfc38a8,"002693 - Shouldham Street, Marylebone",51.51809,-0.163609,13,3,16,2026-02-17 14:02:31.975130,2026-02-17 14:02:31.975131
santander-cycles,Santander Cycles,London,GB,2d1fd6bf5426f3dc34fae06f43f76f69,"001012 - Christopher Street, Liverpool Street",51.52128377,-0.084605692,32,0,32,2026-02-17 14:02:31.975132,2026-02-17 14:02:31.975133
santander-cycles,Santander Cycles,London,GB,2d384a63aaa0a93306df49a5fbb1836d,"200114 - Orbel Street, Battersea",51.47453545,-0.170210533,0,25,25,2026-02-17 14:02:31.975135,2026-02-17 14:02:31.975136
santander-cycles,Santander Cycles,London,GB,2d3a46775fd3177343d04ab2ddb36d31,"001131 - Graham Street, Angel",51.53266186,-0.099981142,23,2,25,2026-02-17 14:02:31.975137,2026-02-17 14:02:31.975138
santander-cycles,Santander Cycles,London,GB,2d8793fa049d18f478c1670474d17b46,"200141 - Westfield Ariel Way, White City",51.509158,-0.2241030000000137,10,31,41,2026-02-17 14:02:31.975142,2026-02-17 14:02:31.975143
santander-cycles,Santander Cycles,London,GB,2db775eff9ba5222e5c53580d025782b,"001197 - Sackville Street, Mayfair",51.51004801,-0.138846453,16,1,17,2026-02-17 14:02:31.975144,2026-02-17 14:02:31.975145
santander-cycles,Santander Cycles,London,GB,2def7ed51fc5105a88010ba794791c9a,"200151 - Hoxton Station, Hoxton",51.531091,-0.075901,3,17,20,2026-02-17 14:02:31.975147,2026-02-17 14:02:31.975148
santander-cycles,Santander Cycles,London,GB,2e58420ba565800834858cb4a8afcde6,"003429 - Abbey Orchard Street, Westminster",51.4981256,-0.1321021999999914,21,5,26,2026-02-17 14:02:31.975149,2026-02-17 14:02:31.975150
santander-cycles,Santander Cycles,London,GB,2e63a39cd85a12083f31d2022220a671,"002666 - Howick Place, Westminster",51.49675303,-0.138733562,21,5,26,2026-02-17 14:02:31.975151,2026-02-17 14:02:31.975152
santander-cycles,Santander Cycles,London,GB,2ee4a83f8407ed8dbccfb872bc3421c1,"300090 - Blenheim Crescent, Ladbroke Grove",51.51510818,-0.208565479,3,19,22,2026-02-17 14:02:31.975154,2026-02-17 14:02:31.975155
santander-cycles,Santander Cycles,London,GB,2efb9f0a73b49ad5f5b5645775bb0781,"200205 - Montserrat Road , Putney",51.46321128,-0.215550761,19,3,22,2026-02-17 14:02:31.975156,2026-02-17 14:02:31.975157
santander-cycles,Santander Cycles,London,GB,2f14a0cf466890807bb172bc12d326b3,"300046 - Alma Road, Wandsworth",51.45799126,-0.184806157,11,15,26,2026-02-17 14:02:31.975158,2026-02-17 14:02:31.975159
santander-cycles,Santander Cycles,London,GB,2f1b132e8ba437cf2c675a845fea7265,"001053 - Clerkenwell Green, Clerkenwell",51.52326004,-0.104708922,19,2,21,2026-02-17 14:02:31.975163,2026-02-17 14:02:31.975164
santander-cycles,Santander Cycles,London,GB,2f432dd6fb789831aa0e815906f0aefe,"200008 - Portman Square, Marylebone",51.516204,-0.155525,13,2,15,2026-02-17 14:02:31.975166,2026-02-17 14:02:31.975167
santander-cycles,Santander Cycles,London,GB,2f86532efc540bb6ac562b048690f15d,"000968 - Warwick Row, Westminster",51.497998,-0.14296064,2,17,19,2026-02-17 14:02:31.975168,2026-02-17 14:02:31.975169
santander-cycles,Santander Cycles,London,GB,2f99eb25296c0d8a23bcc9fa5e1ab6d9,"001200 - Ontario Street, Elephant & Castle",51.49652013,-0.101384068,1,12,13,2026-02-17 14:02:31.975170,2026-02-17 14:02:31.975171
santander-cycles,Santander Cycles,London,GB,2fbca07f26ddd1f83e5e70cda8a15abd,"200232 - Preston's Road, Cubitt Town",51.499286,-0.009152,0,25,25,2026-02-17 14:02:31.975172,2026-02-17 14:02:31.975173
santander-cycles,Santander Cycles,London,GB,310944038d05d714291606b973508343,"300056 - Mile End Stadium, Mile End",51.51854104,-0.034903714,0,20,20,2026-02-17 14:02:31.975175,2026-02-17 14:02:31.975176
santander-cycles,Santander Cycles,London,GB,314bdb3ef5ec9df9f21c179d59808dff,"003489 - Broadwick Street, Soho",51.5136846,-0.135580879,15,1,16,2026-02-17 14:02:31.975177,2026-02-17 14:02:31.975178
santander-cycles,Santander Cycles,London,GB,31bdd619e2329a357d6a2539e03a204e,"003426 - Lansdowne Drive, Hackney Central",51.539834,-0.062806212,1,23,24,2026-02-17 14:02:31.975179,2026-02-17 14:02:31.975180
santander-cycles,Santander Cycles,London,GB,32bd39de4a640ecf8a3fbd217d94e6b1,"022181 - Camley Street, Camden Town",51.53792,-0.13052999999999315,2,15,17,2026-02-17 14:02:31.975181,2026-02-17 14:02:31.975182
santander-cycles,Santander Cycles,London,GB,32d43fd5127553dd5359b7d176a25496,"300014 - Falcon Road, Clapham Junction",51.46663393,-0.169821175,18,7,25,2026-02-17 14:02:31.975184,2026-02-17 14:02:31.975185
santander-cycles,Santander Cycles,London,GB,333a60e91dc5a90dbbfdb664a578ed79,"001100 - Strand, Strand",51.512582,-0.11505729999998948,32,0,32,2026-02-17 14:02:31.975186,2026-02-17 14:02:31.975187
santander-cycles,Santander Cycles,London,GB,33706f39140272de1b3ccd41e4e2b788,"200241 - Bonner Gate, Victoria Park",51.53341,-0.049591815,6,14,20,2026-02-17 14:02:31.975191,2026-02-17 14:02:31.975192
santander-cycles,Santander Cycles,London,GB,33a8f7debb870fa15bb4c843fc2b5120,"300222 - Fore Street, Guildhall",51.518093,-0.0914017,11,14,25,2026-02-17 14:02:31.975194,2026-02-17 14:02:31.975194
santander-cycles,Santander Cycles,London,GB,33b43cd4ba904b92de79cf2e570970dc,"003439 - Tavistock Place, Bloomsbury",51.5262503,-0.123509611,9,9,18,2026-02-17 14:02:31.975196,2026-02-17 14:02:31.975197
santander-cycles,Santander Cycles,London,GB,346e7f44f79a74e8f17c994a049986a1,"022158 - Exhibition Road Museums 1, South Kensington",51.496468,-0.17379696,9,1,10,2026-02-17 14:02:31.975198,2026-02-17 14:02:31.975199
santander-cycles,Santander Cycles,London,GB,349b2935f590e6258b7a77835b51126b,"001118 - Hampton Street, Walworth",51.49217002,-0.101536865,0,19,19,2026-02-17 14:02:31.975200,2026-02-17 14:02:31.975201
santander-cycles,Santander Cycles,London,GB,34b0ed5dc0e100f0b0f5cd9dc1439f33,"001070 - Bricklayers Arms, Borough",51.49506109,-0.085814489,9,19,28,2026-02-17 14:02:31.975203,2026-02-17 14:02:31.975204
santander-cycles,Santander Cycles,London,GB,34f12d82e3ca61d17f7d9c12370d3a94,"000970 - Scala Street, Fitzrovia",51.51991453,-0.136039674,17,1,18,2026-02-17 14:02:31.975205,2026-02-17 14:02:31.975206
santander-cycles,Santander Cycles,London,GB,3551a750788ff29b0acf85bcf5513a1c,"300026 - All Saints' Road, Portobello",51.5190427,-0.204764421,16,6,22,2026-02-17 14:02:31.975211,2026-02-17 14:02:31.975212
santander-cycles,Santander Cycles,London,GB,35eecf933325826bd2f7a27a8bf9e7e6,"200169 - Ashley Crescent, Battersea",51.46718562,-0.152248582,7,16,23,2026-02-17 14:02:31.975213,2026-02-17 14:02:31.975214
santander-cycles,Santander Cycles,London,GB,362c216ecec8c67cb68c7c67a8ceb26e,"001156 - Bedford Way, Bloomsbury",51.52367314,-0.128377673,16,3,19,2026-02-17 14:02:31.975216,2026-02-17 14:02:31.975217
santander-cycles,Santander Cycles,London,GB,36357d1b79aad476e8f97e70dde9f83c,"001154 - Kennington Road, Vauxhall",51.49571828,-0.110889274,6,30,36,2026-02-17 14:02:31.975218,2026-02-17 14:02:31.975219
santander-cycles,Santander Cycles,London,GB,367d60bd642bccad99e175c831253da3,"200005 - New Cavendish Street, Marylebone",51.519167,-0.147983,9,6,15,2026-02-17 14:02:31.975220,2026-02-17 14:02:31.975221
santander-cycles,Santander Cycles,London,GB,367e08c523c6b20c0bfcb44d92acb002,"001114 - Pont Street, Knightsbridge",51.4968865,-0.161203828,23,0,23,2026-02-17 14:02:31.975223,2026-02-17 14:02:31.975224
santander-cycles,Santander Cycles,London,GB,3704deafdc9a47f1a3b445511be1477b,"003425 - Northington Street , Holborn",51.5222641,-0.114079481,8,10,18,2026-02-17 14:02:31.975225,2026-02-17 14:02:31.975226
santander-cycles,Santander Cycles,London,GB,3744c757c4d94f29c6e13ca57a1d1ae2,"200212 - Blackfriars Station, St. Paul's",51.511934,-0.10307894,23,8,31,2026-02-17 14:02:31.975227,2026-02-17 14:02:31.975228
santander-cycles,Santander Cycles,London,GB,3747098b1d3172d39190f67f08e4db9a,"000967 - Golden Lane, Barbican",51.52174785,-0.094475072,18,8,26,2026-02-17 14:02:31.975229,2026-02-17 14:02:31.975230
santander-cycles,Santander Cycles,London,GB,37dc40e2a5a71717670821b31382212e,"300022 - Evesham Street, Avondale",51.51148696,-0.218190203,17,3,20,2026-02-17 14:02:31.975232,2026-02-17 14:02:31.975233
santander-cycles,Santander Cycles,London,GB,3867c27ec16223caa0914ccab9bc37cf,"001067 - St. James's Square, St. James's",51.50742485,-0.134621209,36,2,38,2026-02-17 14:02:31.975234,2026-02-17 14:02:31.975235
santander-cycles,Santander Cycles,London,GB,38862fd132e383ed6ae160fd8629517c,"300233 - Aquatic Centre, Queen Elizabeth Olympic Park",51.541482,-0.010437700000011318,17,7,24,2026-02-17 14:02:31.975236,2026-02-17 14:02:31.975237
santander-cycles,Santander Cycles,London,GB,38bf21ad3764f351f8edcd41f7839135,"022170 - Kennington Station, Kennington",51.488852,-0.105593,2,20,22,2026-02-17 14:02:31.975239,2026-02-17 14:02:31.975240
santander-cycles,Santander Cycles,London,GB,392ea98fd6b699f24a565c640ab7278d,"002670 - Paddington Green, Paddington",51.520205,-0.174593,12,8,20,2026-02-17 14:02:31.975241,2026-02-17 14:02:31.975242
santander-cycles,Santander Cycles,London,GB,39b56b87515a429d96e6d4187e9c378e,"001075 - Hyde Park Corner, Hyde Park",51.50311799,-0.153520935,3,30,33,2026-02-17 14:02:31.975243,2026-02-17 14:02:31.975244
santander-cycles,Santander Cycles,London,GB,39e111e0b4b279c6808de06856bbd0a4,"300034 - St. Mark's Road, North Kensington",51.51687069,-0.213872396,9,11,20,2026-02-17 14:02:31.975246,2026-02-17 14:02:31.975246
santander-cycles,Santander Cycles,London,GB,3ac0f53e7d63fd7e6021b88a78be5f36,"022179 - Exhibition Road, Knightsbridge",51.499917,-0.174554,13,2,15,2026-02-17 14:02:31.975248,2026-02-17 14:02:31.975249
santander-cycles,Santander Cycles,London,GB,3ade22da02fcbef9d0d87489c3bb0e18,"001006 - Percy Street, Bloomsbury",51.51863,-0.13267630000001418,22,2,24,2026-02-17 14:02:31.975250,2026-02-17 14:02:31.975251
santander-cycles,Santander Cycles,London,GB,3b1abe36d3e2cfd291a57774d5923947,"001128 - Westbourne Green, Westbourne",51.522168,-0.1928141999999866,0,20,20,2026-02-17 14:02:31.975252,2026-02-17 14:02:31.975253
santander-cycles,Santander Cycles,London,GB,3b74b71fc8dc2b7b869911f7a13d7b22,"200215 - Greyhound Road, Hammersmith",51.48606206,-0.214428378,0,37,37,2026-02-17 14:02:31.975258,2026-02-17 14:02:31.975259
santander-cycles,Santander Cycles,London,GB,3b837e258b1fc7c844a62e292d7e4e39,"300230 - Wynne Road, Stockwell",51.469217,-0.11268674,6,18,24,2026-02-17 14:02:31.975260,2026-02-17 14:02:31.975261
santander-cycles,Santander Cycles,London,GB,3c35be6e1fd5840889c6c0b24f0cec4b,"200172 - Lansdowne Road, Ladbroke Grove",51.50748124,-0.205535908,7,21,28,2026-02-17 14:02:31.975262,2026-02-17 14:02:31.975263
santander-cycles,Santander Cycles,London,GB,3c3e712aa90b7c44661a9b86cfdea364,"200010 - Manresa Road, Chelsea",51.486892,-0.170983,11,6,17,2026-02-17 14:02:31.975265,2026-02-17 14:02:31.975266
santander-cycles,Santander Cycles,London,GB,3c6fe0ea578cbec01bb88d126dfa7d3a,"300236 - Bevington Road West, North Kensington",51.5212,-0.208888173,2,19,21,2026-02-17 14:02:31.975267,2026-02-17 14:02:31.975268
santander-cycles,Santander Cycles,London,GB,3cc40cfffd2cb138659ac4de8ba3abcb,"300062 - South Bermondsey Station, Bermondsey",51.488067,-0.057774596,4,20,24,2026-02-17 14:02:31.975269,2026-02-17 14:02:31.975270
santander-cycles,Santander Cycles,London,GB,3cfb2e2f14bae0a732355a62bddc9c5b,"003422 - Charlbert Street, St. John's Wood",51.53430039,-0.1680743,4,10,14,2026-02-17 14:02:31.975272,2026-02-17 14:02:31.975272
santander-cycles,Santander Cycles,London,GB,3d10ad40c87e4e7b0d1ebcd7f771ac69,"200009 - Stebondale Street, Cubitt Town",51.489096,-0.009205,7,19,26,2026-02-17 14:02:31.975274,2026-02-17 14:02:31.975275
santander-cycles,Santander Cycles,London,GB,3d1d3d7c761aba65a36b6b22d4975c92,"300242 - Allington Street, Victoria",51.496863,-0.1429434,20,6,26,2026-02-17 14:02:31.975279,2026-02-17 14:02:31.975280
santander-cycles,Santander Cycles,London,GB,3d1e7eb1edeefdbc9b6387c7c13c27de,"001096 - Bayswater Road, Hyde Park",51.511933,-0.174411,6,16,22,2026-02-17 14:02:31.975281,2026-02-17 14:02:31.975282
santander-cycles,Santander Cycles,London,GB,3d4b2ff3bc7e66de0a5b53ab9fcd8662,"200133 - South Lambeth Road, Vauxhall",51.481747,-0.124642,1,18,19,2026-02-17 14:02:31.975283,2026-02-17 14:02:31.975284
santander-cycles,Santander Cycles,London,GB,3d6462a5765901813cd2ce67cfc4d4b4,"001028 - William IV Street, Strand",51.50946212,-0.124749274,20,2,22,2026-02-17 14:02:31.975286,2026-02-17 14:02:31.975287
santander-cycles,Santander Cycles,London,GB,3d839a0c388434f3f6bb1ec344832c0b,"200201 - Battersea Church Road, Battersea",51.47696496,-0.174347066,1,21,22,2026-02-17 14:02:31.975288,2026-02-17 14:02:31.975289
santander-cycles,Santander Cycles,London,GB,3d945db428fc6c2372fd51f232de38cf,"300249 - Westminster Pier, Westminster",51.501513,-0.12382322,14,1,15,2026-02-17 14:02:31.975290,2026-02-17 14:02:31.975291
santander-cycles,Santander Cycles,London,GB,3ddf95a88940413acffe973f6d391e3d,"003487 - Campden Hill Road, Notting Hill",51.50658458,-0.199004026,8,8,16,2026-02-17 14:02:31.975292,2026-02-17 14:02:31.975293
santander-cycles,Santander Cycles,London,GB,3e9342f574d2256a1e9482fbd14f84bf,"200032 - Kennington Oval, Oval",51.483145,-0.113134,0,31,31,2026-02-17 14:02:31.975295,2026-02-17 14:02:31.975296
santander-cycles,Santander Cycles,London,GB,3eba01f321c887b482b7ec3fc0856c6e,"200034 - Wapping Lane, Wapping",51.504749,-0.057544,2,26,28,2026-02-17 14:02:31.975297,2026-02-17 14:02:31.975298
santander-cycles,Santander Cycles,London,GB,3f28f578d3de1ffad83363ea9326bdcd,"200099 - Upper Bank Street, Canary Wharf",51.503083,-0.017676,26,4,30,2026-02-17 14:02:31.975299,2026-02-17 14:02:31.975300
santander-cycles,Santander Cycles,London,GB,3f8494a0ce80e37e608d50b1b91a15e7,"200154 - Hansard Mews, Holland Park",51.503802,-0.215808,5,14,19,2026-02-17 14:02:31.975301,2026-02-17 14:02:31.975302
santander-cycles,Santander Cycles,London,GB,3f92e6135b78142c34afdcdcbc7cddda,"300055 - Stewart's Road, Wandsworth Road",51.47311696,-0.137235175,21,6,27,2026-02-17 14:02:31.975304,2026-02-17 14:02:31.975305
santander-cycles,Santander Cycles,London,GB,401befc18c421e5517b680377cc2dda4,"200068 - Somerset House, Strand",51.509943,-0.117619,38,0,38,2026-02-17 14:02:31.975306,2026-02-17 14:02:31.975307
santander-cycles,Santander Cycles,London,GB,4138c93e85376e4fa18aae25aeacf573,"003465 - Eccleston Place, Victoria",51.49395092,-0.147624377,14,5,19,2026-02-17 14:02:31.975309,2026-02-17 14:02:31.975310
santander-cycles,Santander Cycles,London,GB,4185f641b62b25a84f5ae4037a6fb1e3,"300012 - Irene Road, Parsons Green",51.4737636,-0.197010096,6,17,23,2026-02-17 14:02:31.975312,2026-02-17 14:02:31.975313
santander-cycles,Santander Cycles,London,GB,4199b8128833a99369bc72178ed8721b,"003506 - Stanhope Gate, Mayfair",51.50686435,-0.150666888,18,3,21,2026-02-17 14:02:31.975314,2026-02-17 14:02:31.975315
santander-cycles,Santander Cycles,London,GB,42d7fc630fd13200727d88af5f655d87,"010631 - Holland Park, Kensington",51.502319,-0.200742,15,14,29,2026-02-17 14:02:31.975316,2026-02-17 14:02:31.975317
santander-cycles,Santander Cycles,London,GB,42ec5cd61c5a76834cd53baa47f295ae,"200161 - Clinton Road, Mile End",51.525941,-0.036017,18,14,32,2026-02-17 14:02:31.975318,2026-02-17 14:02:31.975319
santander-cycles,Santander Cycles,London,GB,43394f786a5dae0e1a96bd5fdc09cbd4,"001196 - Vincent Square, Westminster",51.49398524,-0.136928582,0,19,19,2026-02-17 14:02:31.975321,2026-02-17 14:02:31.975322
santander-cycles,Santander Cycles,London,GB,4363606abfd3d732499c427978102b08,"200142 - Hammersmith Road, Hammersmith",51.493267,-0.21985,8,10,18,2026-02-17 14:02:31.975323,2026-02-17 14:02:31.975324
santander-cycles,Santander Cycles,London,GB,43683893fc3c5bd00726ebdba71eaccb,"001073 - Kennington Road Post Office, Oval",51.48478899,-0.110683213,0,16,16,2026-02-17 14:02:31.975325,2026-02-17 14:02:31.975326
santander-cycles,Santander Cycles,London,GB,436d4a44ab9d0a46411f741bb259bbf9,"300003 - Eel Brook Common, Walham Green",51.47625965,-0.193254007,15,8,23,2026-02-17 14:02:31.975327,2026-02-17 14:02:31.975328
santander-cycles,Santander Cycles,London,GB,4390c32dba33599524f05b3bab0de1dc,"300238 - Southwark Street, Bankside",51.5054099403,-0.0983410884509,10,12,22,2026-02-17 14:02:31.975330,2026-02-17 14:02:31.975331
santander-cycles,Santander Cycles,London,GB,43a7f48d18b5950311a758a86869c23b,"000981 - British Museum, Bloomsbury",51.51908011,-0.124678402,23,9,32,2026-02-17 14:02:31.975332,2026-02-17 14:02:31.975333
santander-cycles,Santander Cycles,London,GB,43efeb29033bf6a0cd3a282133638595,"001101 - Knightsbridge, Hyde Park",51.50275704,-0.155349725,10,31,41,2026-02-17 14:02:31.975334,2026-02-17 14:02:31.975335
santander-cycles,Santander Cycles,London,GB,449e5356254f1ab3c8aa352a4abfa564,"001091 - St. John's Wood Church, The Regent's Park",51.530529,-0.167515,28,16,44,2026-02-17 14:02:31.975336,2026-02-17 14:02:31.975337
santander-cycles,Santander Cycles,London,GB,44ff26b437e830b5b869ac206ef62434,"003479 - Old Brompton Road, South Kensington",51.49094565,-0.181190899,11,17,28,2026-02-17 14:02:31.975339,2026-02-17 14:02:31.975340
santander-cycles,Santander Cycles,London,GB,450ffd4b07d1f9b121adac68d54b836e,"300096 - Tallis Street, Temple",51.511891,-0.107349,21,0,21,2026-02-17 14:02:31.975341,2026-02-17 14:02:31.975342
santander-cycles,Santander Cycles,London,GB,45585621706d1455904ba45097902e13,"300246 - Belvedere Road 2, South Bank",51.50621,-0.114842,37,1,38,2026-02-17 14:02:31.975343,2026-02-17 14:02:31.975344
santander-cycles,Santander Cycles,London,GB,45ea36f06867de36abe81328a8c0baa3,"200088 - Clarges Street, Mayfair",51.507326,-0.145827,15,1,16,2026-02-17 14:02:31.975345,2026-02-17 14:02:31.975346
santander-cycles,Santander Cycles,London,GB,45f0da54e1a89d1baa652bc1824ee2a4,"022176 - Reardon Street, Wapping",51.506946,-0.058681,13,7,20,2026-02-17 14:02:31.975347,2026-02-17 14:02:31.975348
santander-cycles,Santander Cycles,London,GB,465c84c404e8f3f73e1143adfc7d538c,"200237 - Parson's Green , Parson's Green",51.472817,-0.199783,13,6,19,2026-02-17 14:02:31.975350,2026-02-17 14:02:31.975351
santander-cycles,Santander Cycles,London,GB,46693665d824142293283904bf0cc18c,"200004 - Lightermans Road, Millwall",51.499041,-0.020157,2,27,29,2026-02-17 14:02:31.975352,2026-02-17 14:02:31.975353
santander-cycles,Santander Cycles,London,GB,468e55c11e25e3e31cf8b6305a6858fb,"002699 - Snow Hill, Farringdon",51.51733427,-0.103604248,12,1,13,2026-02-17 14:02:31.975354,2026-02-17 14:02:31.975355
santander-cycles,Santander Cycles,London,GB,472240b0886fa0cc682fd7786ca41e8d,"003460 - Warwick Square, Pimlico",51.48985626,-0.141923621,7,10,17,2026-02-17 14:02:31.975356,2026-02-17 14:02:31.975357
santander-cycles,Santander Cycles,London,GB,47bba14a9288c1ae740ef66500ed5107,"300227 - Timber Lodge, Queen Elizabeth Olympic Park",51.546805,-0.01469126,3,31,34,2026-02-17 14:02:31.975359,2026-02-17 14:02:31.975360
santander-cycles,Santander Cycles,London,GB,4838dbea96e0282e553c5ffec7d2507b,"003469 - Cadogan Place, Knightsbridge",51.49464523,-0.158105512,31,1,32,2026-02-17 14:02:31.975361,2026-02-17 14:02:31.975362
santander-cycles,Santander Cycles,London,GB,484160f9061218d6e62a64342a93f8b6,"010624 - Strata, Elephant & Castle",51.493146,-0.099828,26,10,36,2026-02-17 14:02:31.975363,2026-02-17 14:02:31.975364
santander-cycles,Santander Cycles,London,GB,487c571900f018ad6147950f3f57b9e3,"200207 - Hartington Road, Stockwell",51.47787084,-0.126874471,1,32,33,2026-02-17 14:02:31.975365,2026-02-17 14:02:31.975366
santander-cycles,Santander Cycles,London,GB,488f2307faa3e0c03d1f6f08c6c79fa2,"200059 - Crisp Road, Hammersmith",51.48810829,-0.22660621,18,27,45,2026-02-17 14:02:31.975368,2026-02-17 14:02:31.975369
santander-cycles,Santander Cycles,London,GB,48c62bda2793ce5deac0a94be8e51838,"001129 - Sun Street, Liverpool Street",51.520009,-0.083935724,23,1,24,2026-02-17 14:02:31.975370,2026-02-17 14:02:31.975371
santander-cycles,Santander Cycles,London,GB,48fff4b472ff41ab137fe1af457aefa3,"001132 - Albert Gate, Hyde Park",51.50295379,-0.158456089,9,21,30,2026-02-17 14:02:31.975372,2026-02-17 14:02:31.975373
santander-cycles,Santander Cycles,London,GB,490fc8f7ce4600ede9fbbd905746a28a,"200070 - Arlington Road, Camden Town",51.539957,-0.145246,3,19,22,2026-02-17 14:02:31.975374,2026-02-17 14:02:31.975375
santander-cycles,Santander Cycles,London,GB,491db6b066ce2d6b406508a8ceeb060b,"001020 - Leonard Circus , Shoreditch",51.5246962,-0.08443930000001387,38,2,40,2026-02-17 14:02:31.975377,2026-02-17 14:02:31.975378
santander-cycles,Santander Cycles,London,GB,49910ad7791337e48885a90cb46b78d2,"200165 - Wellington Row, Bethnal Green",51.528222,-0.069743,11,22,33,2026-02-17 14:02:31.975379,2026-02-17 14:02:31.975380
santander-cycles,Santander Cycles,London,GB,4a4e7d4e529dab07f129b7ee61ea8a9f,"003491 - Princes Square, Bayswater",51.5134891,-0.191351186,1,13,14,2026-02-17 14:02:31.975381,2026-02-17 14:02:31.975382
santander-cycles,Santander Cycles,London,GB,4a5e3fb94e4c3a95a10da349093a715e,"003477 - Porchester Place, Paddington",51.5147461,-0.1651640000000043,13,2,15,2026-02-17 14:02:31.975384,2026-02-17 14:02:31.975384
santander-cycles,Santander Cycles,London,GB,4aafc6a5480978bfe21cd20a44fe9995,"003478 - Guildhouse Street, Victoria",51.49234577,-0.141334487,6,9,15,2026-02-17 14:02:31.975386,2026-02-17 14:02:31.975387
santander-cycles,Santander Cycles,London,GB,4ab25e79ef8c9921df430c66cef66e42,"200042 - York Hall, Bethnal Green",51.528936,-0.055894,2,25,27,2026-02-17 14:02:31.975388,2026-02-17 14:02:31.975389
santander-cycles,Santander Cycles,London,GB,4b3917732d5087003e7fa0bfb9b7b652,"200152 - Pitfield Street North,Hoxton",51.53558,-0.08249,0,22,22,2026-02-17 14:02:31.975391,2026-02-17 14:02:31.975392
santander-cycles,Santander Cycles,London,GB,4b4417d3be97d1bf90708cabf8844806,"200137 - Caldwell Street, Stockwell",51.477839,-0.116493,0,43,43,2026-02-17 14:02:31.975393,2026-02-17 14:02:31.975394
santander-cycles,Santander Cycles,London,GB,4c4028fef9930764b34cc63c411cd29f,"001010 - Cartwright Gardens , Bloomsbury",51.52635795,-0.125979294,2,15,17,2026-02-17 14:02:31.975395,2026-02-17 14:02:31.975396
santander-cycles,Santander Cycles,London,GB,4c43ad395d3dac1e1fe832acfe73b271,"022174 - Granby Street, Shoreditch",51.525645,-0.069543,12,23,35,2026-02-17 14:02:31.975400,2026-02-17 14:02:31.975401
santander-cycles,Santander Cycles,London,GB,4c5f595119d2d0fe504f3e0d0166ebff,"001095 - LSBU (Borough Road), Elephant & Castle",51.49874469,-0.103132904,14,18,32,2026-02-17 14:02:31.975404,2026-02-17 14:02:31.975405
santander-cycles,Santander Cycles,London,GB,4cd72f7733d5495f3d51cfec30720f5c,"010632 - Kensington Town Hall, Kensington",51.50194596,-0.194392952,7,10,17,2026-02-17 14:02:31.975406,2026-02-17 14:02:31.975407
santander-cycles,Santander Cycles,London,GB,4d46d714086250894e7fc4d2ededd7b5,"001090 - Warren Street Station, Euston",51.52443845,-0.138019439,16,5,21,2026-02-17 14:02:31.975408,2026-02-17 14:02:31.975409
santander-cycles,Santander Cycles,London,GB,4d67a81d9d7aae8a8bef68b05d7fce74,"001163 - Wardour Street, Soho",51.51251523,-0.133201961,14,2,16,2026-02-17 14:02:31.975411,2026-02-17 14:02:31.975412
santander-cycles,Santander Cycles,London,GB,4df4c1a61068e8b3db4e706cd399707d,"300044 - Putney Bridge Road, East Putney",51.46199911,-0.206240805,3,25,28,2026-02-17 14:02:31.975413,2026-02-17 14:02:31.975414
santander-cycles,Santander Cycles,London,GB,4e51d9371d163d00fa429d4ab45d5a3b,"000988 - Great Russell Street, Bloomsbury",51.51772703,-0.127854211,23,0,23,2026-02-17 14:02:31.975415,2026-02-17 14:02:31.975416
santander-cycles,Santander Cycles,London,GB,4f6f219ebcb12bc09e075f477684429f,"200184 - Erin Close, Walham Green",51.47946386,-0.195777222,19,3,22,2026-02-17 14:02:31.975418,2026-02-17 14:02:31.975419
santander-cycles,Santander Cycles,London,GB,4f85079dd0dcd2d273f345f240fc95f5,"002683 - Millbank Tower, Pimlico",51.49188409,-0.125674815,12,8,20,2026-02-17 14:02:31.975420,2026-02-17 14:02:31.975421
santander-cycles,Santander Cycles,London,GB,4fea1b4bf76fd7849d6bce8682a8a0d4,"001136 - London Zoo,  The Regent's Park",51.53583617,-0.156285395,11,18,29,2026-02-17 14:02:31.975422,2026-02-17 14:02:31.975423
santander-cycles,Santander Cycles,London,GB,5032091f25ed9daffff5b4c8691cbcef,"200027 - Ford Road, Old Ford",51.532513,-0.033085,2,16,18,2026-02-17 14:02:31.975424,2026-02-17 14:02:31.975425
santander-cycles,Santander Cycles,London,GB,504982eb10df74147802015114f59769,"200092 - Mudchute DLR, Cubitt Town",51.490645,-0.014582,5,25,30,2026-02-17 14:02:31.975427,2026-02-17 14:02:31.975428
santander-cycles,Santander Cycles,London,GB,513288b27c6faacd64d5f2e17c6f6d0e,"200167 - Twig Folly Bridge, Mile End",51.530326,-0.042744,0,19,19,2026-02-17 14:02:31.975429,2026-02-17 14:02:31.975430
santander-cycles,Santander Cycles,London,GB,513d321ee2eab0fac86c99e3e904f84a,"200236 - Greenberry Street, St.John's Wood",51.53256,-0.16862,14,10,24,2026-02-17 14:02:31.975431,2026-02-17 14:02:31.975432
santander-cycles,Santander Cycles,London,GB,5165a060dd8f374c43c8b90202e34020,"001130 - Grove End Road, St. John's Wood",51.53088935,-0.176770502,1,17,18,2026-02-17 14:02:31.975433,2026-02-17 14:02:31.975434
santander-cycles,Santander Cycles,London,GB,5195a6a803c866bd21d4923f71c3e603,"003451 - Golden Square, Soho",51.5118973,-0.137043852,14,2,16,2026-02-17 14:02:31.975436,2026-02-17 14:02:31.975437
santander-cycles,Santander Cycles,London,GB,51acbe456158a598628a833232e6e2a2,"001124 - Sumner Place, South Kensington",51.49121192,-0.173715911,2,13,15,2026-02-17 14:02:31.975439,2026-02-17 14:02:31.975440
santander-cycles,Santander Cycles,London,GB,51b5abdaca17f7881f94da3ec22e981f,"200058 - Northdown Street, King's Cross",51.531066,-0.11934,18,2,20,2026-02-17 14:02:31.975442,2026-02-17 14:02:31.975443
santander-cycles,Santander Cycles,London,GB,51b87d1008bc88061163c07ce6d878f9,"300051 - Hibbert Street, Battersea",51.46517078,-0.18038939,5,28,33,2026-02-17 14:02:31.975444,2026-02-17 14:02:31.975445
santander-cycles,Santander Cycles,London,GB,52c242bf59e02288c985568d958fa5ef,"200054 - Jubilee Crescent, Cubitt Town",51.493381,-0.007542,2,51,53,2026-02-17 14:02:31.975446,2026-02-17 14:02:31.975447
santander-cycles,Santander Cycles,London,GB,5418fa3e11ec8aae7a3827182b5ebecf,"200036 - Bell Lane, Liverpool Street",51.517475,-0.075855,2,21,23,2026-02-17 14:02:31.975448,2026-02-17 14:02:31.975449
santander-cycles,Santander Cycles,London,GB,5504ece9023cac24cfc7c6b690786f28,"001104 - Claremont Square, Angel",51.53166681,-0.109914711,9,6,15,2026-02-17 14:02:31.975451,2026-02-17 14:02:31.975452
santander-cycles,Santander Cycles,London,GB,551cc979f64f7c74c95478f4ea2b59b0,"001102 - Leman Street, Aldgate",51.51236389,-0.06954201,23,12,35,2026-02-17 14:02:31.975453,2026-02-17 14:02:31.975454
santander-cycles,Santander Cycles,London,GB,558771e0ea7e67e8c6ca061364fcad88,"001040 - West Smithfield Rotunda, Farringdon",51.51821864,-0.100791005,13,2,15,2026-02-17 14:02:31.975455,2026-02-17 14:02:31.975456
santander-cycles,Santander Cycles,London,GB,55f4dfcaf7fe3970b8722067a12b2f7f,"001007 - Drury Lane, Covent Garden",51.51477076,-0.12221963,18,4,22,2026-02-17 14:02:31.975457,2026-02-17 14:02:31.975458
santander-cycles,Santander Cycles,London,GB,56265577799c01b2754edd655d4aaa06,"300201 - Coram Street, Bloomsbury",51.524,-0.12640984,19,8,27,2026-02-17 14:02:31.975460,2026-02-17 14:02:31.975461
santander-cycles,Santander Cycles,London,GB,563d60e99e374222fc0e4c463719bd0e,"300052 - Parsons Green Station, Parsons Green",51.475089,-0.201968,17,36,53,2026-02-17 14:02:31.975462,2026-02-17 14:02:31.975463
santander-cycles,Santander Cycles,London,GB,56786fa54c6f0d4be50f39668da7119d,"003482 - Beaumont Street, Marylebone",51.52200801,-0.151359288,13,10,23,2026-02-17 14:02:31.975464,2026-02-17 14:02:31.975465
santander-cycles,Santander Cycles,London,GB,57821f48dc702b5cd322266beb9e5706,"001208 - Dickens Square, Borough",51.49679128,-0.093913472,14,15,29,2026-02-17 14:02:31.975467,2026-02-17 14:02:31.975467
santander-cycles,Santander Cycles,London,GB,5850e1bdb07ee39b888a23acab0d027f,"003505 - Marloes Road, Kensington",51.496481,-0.192404,0,15,15,2026-02-17 14:02:31.975469,2026-02-17 14:02:31.975470
santander-cycles,Santander Cycles,London,GB,585cdbb961ae5660dc80e186b577717c,"200131 - Clarkson Street, Bethnal Green",51.528692,-0.059091,4,27,31,2026-02-17 14:02:31.975471,2026-02-17 14:02:31.975472
santander-cycles,Santander Cycles,London,GB,587808be4f977f94d640bee62395d3aa,"001171 - New Road 1 , Whitechapel",51.518154,-0.062697,33,1,34,2026-02-17 14:02:31.975473,2026-02-17 14:02:31.975474
santander-cycles,Santander Cycles,London,GB,59163fcd50c2826bdb8a0334dfbb79bd,"001085 - Old Quebec Street, Marylebone",51.5145776,-0.15826450000000136,5,10,15,2026-02-17 14:02:31.975476,2026-02-17 14:02:31.975477
santander-cycles,Santander Cycles,London,GB,5920e8f60ecc5076cd143c7b42a1f316,"300071 - Elgin Avenue, Maida Hill",51.524309,-0.20123459999999227,4,14,18,2026-02-17 14:02:31.975478,2026-02-17 14:02:31.975479
santander-cycles,Santander Cycles,London,GB,592fcd87128c93fee2336091e529072a,"200224 - Colet Gardens, Hammersmith",51.491093,-0.216493,11,19,30,2026-02-17 14:02:31.975480,2026-02-17 14:02:31.975481
santander-cycles,Santander Cycles,London,GB,59e072e16d3bf77a43cd89e9f2f2d35a,"000965 - Tachbrook Street, Victoria",51.49211134,-0.138364847,4,10,14,2026-02-17 14:02:31.975482,2026-02-17 14:02:31.975483
santander-cycles,Santander Cycles,London,GB,5a12fc9f1fa719a0ebd8d4d52ca5997c,"200208 - Sugden Road, Clapham",51.46512358,-0.157788279,2,17,19,2026-02-17 14:02:31.975485,2026-02-17 14:02:31.975486
santander-cycles,Santander Cycles,London,GB,5a405da1d7df902c9e221babb4770b17,"001089 - Queen's Gate (Central), South Kensington",51.49396755,-0.17873226,31,0,31,2026-02-17 14:02:31.975487,2026-02-17 14:02:31.975488
santander-cycles,Santander Cycles,London,GB,5a62c7aa856674fc3ef6edfae4fa6832,"200255 - Devons Road, Bow",51.52512,-0.015578,0,38,38,2026-02-17 14:02:31.975489,2026-02-17 14:02:31.975490
santander-cycles,Santander Cycles,London,GB,5a6d57af5918766b5c2b01a0c54316b8,"200199 - Stanley Grove, Battersea",51.47047503,-0.152130083,8,15,23,2026-02-17 14:02:31.975491,2026-02-17 14:02:31.975492
santander-cycles,Santander Cycles,London,GB,5a9da5f40280559cbdb74b2327f7a756,"200163 - Jubilee Plaza, Canary Wharf",51.5034,-0.020242300000006708,50,9,59,2026-02-17 14:02:31.975494,2026-02-17 14:02:31.975495
santander-cycles,Santander Cycles,London,GB,5aed0dcfbbed838d25751b6c950446e2,"001061 - Stonecutter Street, Holborn",51.51580998,-0.105270275,7,11,18,2026-02-17 14:02:31.975500,2026-02-17 14:02:31.975501
santander-cycles,Santander Cycles,London,GB,5b1a99b93cc26548e257b02d96214e7b,"001071 - Tower Gardens , Tower",51.50950627,-0.075459482,11,10,21,2026-02-17 14:02:31.975502,2026-02-17 14:02:31.975503
santander-cycles,Santander Cycles,London,GB,5b681d701d430c266f24ba8cb01d1fdd,"001000 - Vauxhall Cross, Vauxhall",51.48591714,-0.124469948,7,10,17,2026-02-17 14:02:31.975505,2026-02-17 14:02:31.975506
santander-cycles,Santander Cycles,London,GB,5c6681ec2db278ca2bba672b509284aa,"300221 - Battersea Power Station, Battersea Park",51.4835074867,-0.147714557371,18,8,26,2026-02-17 14:02:31.975507,2026-02-17 14:02:31.975508
santander-cycles,Santander Cycles,London,GB,5d8952bf7bb3deb72eb7ea6c63f7a737,"200122 - Hawley Crescent, Camden Town",51.54100708,-0.14326094,5,16,21,2026-02-17 14:02:31.975509,2026-02-17 14:02:31.975510
santander-cycles,Santander Cycles,London,GB,5da8b79601e2e7e7f2f324249c2372b5,"200147 - Salmon Lane, Limehouse",51.514115,-0.033828,1,31,32,2026-02-17 14:02:31.975511,2026-02-17 14:02:31.975512
santander-cycles,Santander Cycles,London,GB,5e8fa1295724fc52ac1b607c742f5ca8,"002639 - King Edward Walk, Waterloo",51.49775,-0.10988,11,11,22,2026-02-17 14:02:31.975514,2026-02-17 14:02:31.975515
santander-cycles,Santander Cycles,London,GB,5e994c58439cd4e02d7426eab22467d8,"003495 - Wells Street, Fitzrovia",51.51734403,-0.138072691,21,12,33,2026-02-17 14:02:31.975516,2026-02-17 14:02:31.975517
santander-cycles,Santander Cycles,London,GB,5effc1e4635d1fae80462676f28a4f50,"001045 - Jewry Street, Aldgate",51.51340693,-0.076793375,14,2,16,2026-02-17 14:02:31.975518,2026-02-17 14:02:31.975519
santander-cycles,Santander Cycles,London,GB,5f56fcb272427614e7e2dbe8fe57ba9a,"001001 - West Cromwell Road, Earl's Court",51.49372451,-0.198286569,17,4,21,2026-02-17 14:02:31.975520,2026-02-17 14:02:31.975521
santander-cycles,Santander Cycles,London,GB,5fc3075a5d19de383fa168861d481edd,"200093 - Thurtle Road, Haggerston",51.534776,-0.071881,0,21,21,2026-02-17 14:02:31.975523,2026-02-17 14:02:31.975524
santander-cycles,Santander Cycles,London,GB,5fdbf177176def6919385c5e4799e30f,"300049 - Aylward Street, Stepney",51.51563007,-0.049067243,6,15,21,2026-02-17 14:02:31.975525,2026-02-17 14:02:31.975526
santander-cycles,Santander Cycles,London,GB,5ff926c1323dc9ca2cce2ff5eb614962,"200223 - Ashmole Estate, Oval",51.48267821,-0.117661574,1,33,34,2026-02-17 14:02:31.975531,2026-02-17 14:02:31.975532
santander-cycles,Santander Cycles,London,GB,60428640cbb2e1d4986a8fd9f8f440ac,"001133 - Baylis Road, Waterloo",51.50144456,-0.110699309,12,10,22,2026-02-17 14:02:31.975535,2026-02-17 14:02:31.975536
santander-cycles,Santander Cycles,London,GB,607a284a2ef5f638d04bc3bbdeef1a0a,"000961 - Union Street, The Borough",51.50368837,-0.098497684,10,5,15,2026-02-17 14:02:31.975537,2026-02-17 14:02:31.975538
santander-cycles,Santander Cycles,London,GB,61b0e07b71923748b9c8bc22faed1abd,"200233 - South Quay East, Canary Wharf",51.50196,-0.016251,22,12,34,2026-02-17 14:02:31.975539,2026-02-17 14:02:31.975540
santander-cycles,Santander Cycles,London,GB,61e324d4415765955c6d325cbea107a8,"200108 - Bishop's Bridge Road East, Bayswater",51.5171,-0.18377,9,9,18,2026-02-17 14:02:31.975542,2026-02-17 14:02:31.975543
santander-cycles,Santander Cycles,London,GB,61fa256a92afa658251350cb5017638c,"001162 - Dorset Square, Marylebone",51.5225965,-0.161113413,10,3,13,2026-02-17 14:02:31.975544,2026-02-17 14:02:31.975545
santander-cycles,Santander Cycles,London,GB,6247c35c551e946ba9431f8a5c09bc6f,"002637 - Bermondsey Street, Bermondsey",51.49785559,-0.081608045,0,21,21,2026-02-17 14:02:31.975546,2026-02-17 14:02:31.975547
santander-cycles,Santander Cycles,London,GB,62bc2304298cd9c782d8668fce5510d0,"001135 - Claverton Street, Pimlico",51.48483991,-0.138089062,3,24,27,2026-02-17 14:02:31.975549,2026-02-17 14:02:31.975550
santander-cycles,Santander Cycles,London,GB,62cecd6bc82ece1b445983a7b3d110fb,"003436 - Derry Street, Kensington",51.50136494,-0.191462381,12,6,18,2026-02-17 14:02:31.975551,2026-02-17 14:02:31.975552
santander-cycles,Santander Cycles,London,GB,631049841514f97b5f6046ef94076c2b,"001175 - Mallory Street, Marylebone",51.52505151,-0.166304359,9,9,18,2026-02-17 14:02:31.975553,2026-02-17 14:02:31.975554
santander-cycles,Santander Cycles,London,GB,631d0a4d673ca6ab0a67af93f61013c1,"300098 - Hurlingham Park, Parsons Green",51.470131,-0.20464,0,19,19,2026-02-17 14:02:31.975555,2026-02-17 14:02:31.975556
santander-cycles,Santander Cycles,London,GB,6344f46f873280d0f644c5c6e08f7b23,"001127 - Risinghill Street, Angel",51.5333196,-0.1117811999999958,6,16,22,2026-02-17 14:02:31.975557,2026-02-17 14:02:31.975558
santander-cycles,Santander Cycles,London,GB,638cafe4efdc9cc3c5dea6a18f9fd314,"001031 - Nesham Street, Wapping",51.507131,-0.06691,9,5,14,2026-02-17 14:02:31.975560,2026-02-17 14:02:31.975561
santander-cycles,Santander Cycles,London,GB,63cb017e99c3f2144a223368da42fb1c,"001182 - Notting Hill Gate Station, Notting Hill",51.50935342,-0.196422,1,27,28,2026-02-17 14:02:31.975562,2026-02-17 14:02:31.975563
santander-cycles,Santander Cycles,London,GB,63d97c4650fae41b0edeb6e3be02b62d,"200193 - Snowsfields, London Bridge",51.50215353,-0.083632928,3,28,31,2026-02-17 14:02:31.975564,2026-02-17 14:02:31.975565
santander-cycles,Santander Cycles,London,GB,6411e039a76d2a69c1329d706742341b,"200214 - Woodstock Grove, Shepherd's Bush",51.50403821,-0.217400093,19,5,24,2026-02-17 14:02:31.975566,2026-02-17 14:02:31.975567
santander-cycles,Santander Cycles,London,GB,6443d6fd204d5485698ddf6113121faa,"300202 - Kings Gate House, Westminster",51.4976984561,-0.137598896295,18,5,23,2026-02-17 14:02:31.975569,2026-02-17 14:02:31.975570
santander-cycles,Santander Cycles,London,GB,6470019e9d2cfd6a0a3daab5569f4596,"300240 - Lincoln's Inn Fields, Holborn",51.5162778834,-0.118272991635,13,13,26,2026-02-17 14:02:31.975571,2026-02-17 14:02:31.975572
santander-cycles,Santander Cycles,London,GB,64765752ee49b94e43e906b5d41fb1b8,"001049 - Finsbury Leisure Centre, St. Luke's",51.52600832,-0.096317627,15,1,16,2026-02-17 14:02:31.975573,2026-02-17 14:02:31.975574
santander-cycles,Santander Cycles,London,GB,64c0f3ca3fb8cbb78e72ae97d0727471,"300042 - Upper Richmond Road, Putney",51.45971528,-0.212145939,1,23,24,2026-02-17 14:02:31.975576,2026-02-17 14:02:31.975577
santander-cycles,Santander Cycles,London,GB,64c998bc2d9034829c4561256b2e5036,"001228 - Southampton Street, Strand",51.51070161,-0.121723604,8,0,8,2026-02-17 14:02:31.975578,2026-02-17 14:02:31.975579
santander-cycles,Santander Cycles,London,GB,64da02c131835a1f7b3aea8145080bea,"001011 - Argyle Street, Kings Cross",51.529416,-0.12394439999999918,11,27,38,2026-02-17 14:02:31.975580,2026-02-17 14:02:31.975581
santander-cycles,Santander Cycles,London,GB,6519869a18cd87b32a349aa16cb6ed9e,"001078 - Lambeth Road, Vauxhall",51.49488108,-0.117974901,5,10,15,2026-02-17 14:02:31.975582,2026-02-17 14:02:31.975583
santander-cycles,Santander Cycles,London,GB,6549854ef10fd46fe5996f9e19235a18,"200221 - Crabtree Lane, Fulham",51.48294452,-0.219346128,0,26,26,2026-02-17 14:02:31.975585,2026-02-17 14:02:31.975586
santander-cycles,Santander Cycles,London,GB,655cec233ee257865f8da98f26e8077f,"001113 - Trebovir Road, Earl's Court",51.49085368,-0.196170309,8,9,17,2026-02-17 14:02:31.975587,2026-02-17 14:02:31.975588
santander-cycles,Santander Cycles,London,GB,667d571112d82080bf1cd6f7f75fe475,"002669 - Charlotte Street, Fitzrovia",51.51953043,-0.13577731,9,2,11,2026-02-17 14:02:31.975589,2026-02-17 14:02:31.975590
santander-cycles,Santander Cycles,London,GB,671b57a2aab1e479e99ac532980ed2ef,"200056 - Vauxhall Walk, Vauxhall",51.488124,-0.120903,18,9,27,2026-02-17 14:02:31.975591,2026-02-17 14:02:31.975592
santander-cycles,Santander Cycles,London,GB,67413455082bb7c33bfe468615189289,"022178 - Lindfield Street, Poplar",51.513757,-0.020467,0,41,41,2026-02-17 14:02:31.975594,2026-02-17 14:02:31.975595
santander-cycles,Santander Cycles,London,GB,6754a242a6750e1897f6ad108a29881f,"003483 - Fashion Street, Whitechapel",51.51838043,-0.073438925,11,18,29,2026-02-17 14:02:31.975600,2026-02-17 14:02:31.975601
santander-cycles,Santander Cycles,London,GB,67e6c16bce05410ba4b1f0f5000726ea,"001018 - Phillimore Gardens, Kensington",51.49960695,-0.197574246,9,26,35,2026-02-17 14:02:31.975602,2026-02-17 14:02:31.975603
santander-cycles,Santander Cycles,London,GB,685ec7e15de302e7e5b48cf569300276,"001226 - Macclesfield Rd, St Lukes",51.529423,-0.097122,14,12,26,2026-02-17 14:02:31.975604,2026-02-17 14:02:31.975605
santander-cycles,Santander Cycles,London,GB,6900a8774d4b47db2cd8c16b3488d4f2,"300235 - York Way, Kings Cross",51.541596,-0.12544145,6,17,23,2026-02-17 14:02:31.975607,2026-02-17 14:02:31.975608
santander-cycles,Santander Cycles,London,GB,69a76d985080e3588101a0e2f900735a,"300094 - Plough Terrace, Clapham Junction",51.46230566,-0.175407201,20,10,30,2026-02-17 14:02:31.975609,2026-02-17 14:02:31.975610
santander-cycles,Santander Cycles,London,GB,69ec102a3c57d63da8b14362270ff37c,"001052 - Soho Square , Soho",51.51563144,-0.132328837,28,20,48,2026-02-17 14:02:31.975611,2026-02-17 14:02:31.975612
santander-cycles,Santander Cycles,London,GB,69f18607900144bb0279ff55ca9c0a09,"200023 - Heath Road, Battersea",51.46866929,-0.146544642,15,12,27,2026-02-17 14:02:31.975613,2026-02-17 14:02:31.975614
santander-cycles,Santander Cycles,London,GB,6a07ad979e0dfd00f4efa37de319c679,"003490 - Southwick Street, Paddington",51.51595344,-0.169249375,5,6,11,2026-02-17 14:02:31.975616,2026-02-17 14:02:31.975617
santander-cycles,Santander Cycles,London,GB,6a4a5799ca9a7b71a79601454d146d0b,"300214 - Blackfriars Road, Southwark",51.505461,-0.10454093,39,0,39,2026-02-17 14:02:31.975618,2026-02-17 14:02:31.975619
santander-cycles,Santander Cycles,London,GB,6a71ec355afabf8f1e4b2176c481dbd1,"001005 - Eversholt Street , Camden Town",51.53300545,-0.136792671,2,13,15,2026-02-17 14:02:31.975620,2026-02-17 14:02:31.975621
santander-cycles,Santander Cycles,London,GB,6a909175d0c128dedd6690508f47fceb,"002636 - Prince Albert Road, The Regent's Park",51.53589283,-0.160854428,16,5,21,2026-02-17 14:02:31.975622,2026-02-17 14:02:31.975623
santander-cycles,Santander Cycles,London,GB,6b86ff2eb6ffce7a525b1f7d5290cb1f,"300100 - Limburg Road, Clapham Junction",51.4619231,-0.165297900000013,1,19,20,2026-02-17 14:02:31.975625,2026-02-17 14:02:31.975626
santander-cycles,Santander Cycles,London,GB,6b89afb2b02682c27ffdfb3c73c7a487,"002685 - South Kensington Station, South Kensington",51.494412,-0.173881,10,5,15,2026-02-17 14:02:31.975627,2026-02-17 14:02:31.975628
santander-cycles,Santander Cycles,London,GB,6be38ccc37cd0c70d4dabccf654dc86f,"000991 - Crosswall, Tower",51.51159481,-0.077121322,22,7,29,2026-02-17 14:02:31.975629,2026-02-17 14:02:31.975630
santander-cycles,Santander Cycles,London,GB,6c059635b05bf7be510ef4eaff29e93c,"003480 - Smith Square, Westminster",51.49580589,-0.127575233,5,12,17,2026-02-17 14:02:31.975631,2026-02-17 14:02:31.975632
santander-cycles,Santander Cycles,London,GB,6c7376417da7dc3ff83663054b240c04,"001150 - Queensway, Kensington Gardens",51.51031,-0.18740235,0,17,17,2026-02-17 14:02:31.975634,2026-02-17 14:02:31.975635
santander-cycles,Santander Cycles,London,GB,6d356f013370095b07a1ac81f7e7def4,"001203 - Eastbourne Mews, Paddington",51.51641749,-0.179135079,16,11,27,2026-02-17 14:02:31.975636,2026-02-17 14:02:31.975637
santander-cycles,Santander Cycles,London,GB,6d6da2e60f3c4b02c87b598efe02fa20,"001016 - Hereford Road, Bayswater",51.513735,-0.193487,4,14,18,2026-02-17 14:02:31.975638,2026-02-17 14:02:31.975639
santander-cycles,Santander Cycles,London,GB,6da973289e6a340aa31d03dc615d43c8,"000971 - Godliman Street, St. Paul's",51.51248445,-0.099141408,23,0,23,2026-02-17 14:02:31.975640,2026-02-17 14:02:31.975641
santander-cycles,Santander Cycles,London,GB,6ed3b502a2687a318dfb1b18a3bb16d5,"200012 - Stepney Green Station, Stepney",51.521889,-0.04667,7,10,17,2026-02-17 14:02:31.975642,2026-02-17 14:02:31.975643
santander-cycles,Santander Cycles,London,GB,6f0da70cca0d21bcec718b81b1f7ad4a,"001093 - Kennington Cross, Kennington",51.48894022,-0.111435796,11,31,42,2026-02-17 14:02:31.975645,2026-02-17 14:02:31.975646
santander-cycles,Santander Cycles,London,GB,6f2c392f91b28b735ee111fb3e37b403,"001220 - Imperial College, Knightsbridge",51.49942855,-0.179702476,23,5,28,2026-02-17 14:02:31.975647,2026-02-17 14:02:31.975648
santander-cycles,Santander Cycles,London,GB,6f4afa257775c2ffbbfe8d6c5f68bd39,"200051 - Percival Street, Finsbury",51.526153,-0.102208,9,10,19,2026-02-17 14:02:31.975649,2026-02-17 14:02:31.975650
santander-cycles,Santander Cycles,London,GB,705d5bc85eb3db15b490092ac523e8cf,"001017 - Great Dover Street, The Borough",51.49738251,-0.089446947,0,31,31,2026-02-17 14:02:31.975652,2026-02-17 14:02:31.975653
santander-cycles,Santander Cycles,London,GB,70c0359e29d8928f57524b25d232dd55,"200090 - Pennington Street, Wapping",51.508622,-0.065006,32,12,44,2026-02-17 14:02:31.975654,2026-02-17 14:02:31.975655
santander-cycles,Santander Cycles,London,GB,7183ee31d1efdfd22b0db020578aed9b,"010628 - Cleaver Street, Kennington",51.488105,-0.110121,2,14,16,2026-02-17 14:02:31.975656,2026-02-17 14:02:31.975657
santander-cycles,Santander Cycles,London,GB,7215fe3f29691330166b6f4c58f51c08,"200256 - Sutton Street, Shadwell",51.511066,-0.053558,10,20,30,2026-02-17 14:02:31.975658,2026-02-17 14:02:31.975659
santander-cycles,Santander Cycles,London,GB,7240d3c05408687dddf5ea08c19d15de,"200021 - Hermitage Court, Wapping",51.504719,-0.063531,0,16,16,2026-02-17 14:02:31.975661,2026-02-17 14:02:31.975662
santander-cycles,Santander Cycles,London,GB,72456ec80ef7e9a136379a8e076d0480,"200128 - Queen Street 2, Bank",51.511246,-0.093051,15,12,27,2026-02-17 14:02:31.975664,2026-02-17 14:02:31.975664
santander-cycles,Santander Cycles,London,GB,72b245bd6626f4f58721d7ddcac922e5,"300093 - Park Lane, Mayfair",51.50542628,-0.150817316,5,12,17,2026-02-17 14:02:31.975666,2026-02-17 14:02:31.975667
santander-cycles,Santander Cycles,London,GB,72c9fde8ce6037dd6c014f5f7e3bef64,"001063 - Wood Street, Guildhall",51.51700801,-0.09388536,12,2,14,2026-02-17 14:02:31.975668,2026-02-17 14:02:31.975669
santander-cycles,Santander Cycles,London,GB,72f1e1e104f50e394ec6719329d6d954,"200183 - Battersea Park Road, Nine Elms",51.4795017,-0.141770709,16,4,20,2026-02-17 14:02:31.975670,2026-02-17 14:02:31.975671
santander-cycles,Santander Cycles,London,GB,7316372c4a7205d05c5bab52e27493a6,"002667 - Tower Wharf, Bermondsey",51.500845,-0.074704305,0,19,19,2026-02-17 14:02:31.975673,2026-02-17 14:02:31.975674
santander-cycles,Santander Cycles,London,GB,735f87c6a19b1c9f4a7223d5e226b2c6,"200039 - Sail Street, Vauxhall",51.495656,-0.114605,2,21,23,2026-02-17 14:02:31.975679,2026-02-17 14:02:31.975680
santander-cycles,Santander Cycles,London,GB,73ee7ff8e483a294f1fc8baed1e2d748,"001166 - Bell Street , Marylebone",51.52202903,-0.165842551,0,14,14,2026-02-17 14:02:31.975681,2026-02-17 14:02:31.975682
santander-cycles,Santander Cycles,London,GB,740120603adebb82aaf571e1faede557,"200185 - St. John's Road, Clapham Junction",51.46239255,-0.16829214,22,10,32,2026-02-17 14:02:31.975683,2026-02-17 14:02:31.975684
santander-cycles,Santander Cycles,London,GB,74626facccd213ef091c1f9b8497f0ce,"002694 - Clapham Common Station, Clapham Common",51.461388,-0.13922146,1,17,18,2026-02-17 14:02:31.975685,2026-02-17 14:02:31.975686
santander-cycles,Santander Cycles,London,GB,74f2d9391f29014770175f75abe90553,"300101 - Little Brook Green, Brook Green",51.496664,-0.223868,16,17,33,2026-02-17 14:02:31.975688,2026-02-17 14:02:31.975689
santander-cycles,Santander Cycles,London,GB,7539c77995a0c26c3871b17bd20801af,"002648 - Waterloo Bridge, South Bank",51.50535447,-0.113656543,12,3,15,2026-02-17 14:02:31.975690,2026-02-17 14:02:31.975691
santander-cycles,Santander Cycles,London,GB,7557892fad2c965c62483fd1184096fd,"003463 - Argyll Road, Kensington",51.50040123,-0.195455928,16,1,17,2026-02-17 14:02:31.975692,2026-02-17 14:02:31.975693
santander-cycles,Santander Cycles,London,GB,75729b0848cbff44155d48a4af4da81b,"200001 - Limerston Street, West Chelsea",51.485587,-0.18119,8,7,15,2026-02-17 14:02:31.975699,2026-02-17 14:02:31.975700
santander-cycles,Santander Cycles,London,GB,75acd596908674204f6b8933c4d3d746,"001032 - New Inn Yard, Shoreditch",51.52452699,-0.079248081,17,1,18,2026-02-17 14:02:31.975701,2026-02-17 14:02:31.975702
santander-cycles,Santander Cycles,London,GB,75be1ac532d6f3fb0a8a7ff0ee0bb8ff,"200195 - St Martins Close, Camden Town",51.538792,-0.138535,5,13,18,2026-02-17 14:02:31.975704,2026-02-17 14:02:31.975705
santander-cycles,Santander Cycles,London,GB,75d93c810d5cbe6cb5a7f2fbb3fb2f61,"300085 - Freston Road, Avondale",51.5129814,-0.219486603,6,14,20,2026-02-17 14:02:31.975706,2026-02-17 14:02:31.975707
santander-cycles,Santander Cycles,London,GB,764f407d99e596ccdf7134f48b3ceaab,"000975 - Theobald's Road , Holborn",51.52059681,-0.116688468,13,10,23,2026-02-17 14:02:31.975708,2026-02-17 14:02:31.975709
santander-cycles,Santander Cycles,London,GB,7680de73ff501efdc9c7f57fc817c288,"001098 - Lower Thames Street, Monument",51.50930161,-0.084985356,18,0,18,2026-02-17 14:02:31.975710,2026-02-17 14:02:31.975711
santander-cycles,Santander Cycles,London,GB,769aad3f52773505bb81888baf8becad,"001030 - Lisson Grove, St. John's Wood",51.52644828,-0.172190727,6,11,17,2026-02-17 14:02:31.975716,2026-02-17 14:02:31.975717
santander-cycles,Santander Cycles,London,GB,76ef9b21e4b268cb49f6deb66440676e,"001217 - Serpentine Car Park, Hyde Park",51.505014,-0.17306032,10,0,10,2026-02-17 14:02:31.975718,2026-02-17 14:02:31.975719
santander-cycles,Santander Cycles,London,GB,77cab4a52fac6779037986ebf903b342,"200022 - Saunders Ness Road, Cubitt Town",51.487129,-0.0090011,25,7,32,2026-02-17 14:02:31.975720,2026-02-17 14:02:31.975721
santander-cycles,Santander Cycles,London,GB,77cea77e8439d3798d5fa927465eb6d9,"200084 - Doddington Grove, Kennington",51.48692917,-0.102996299,7,28,35,2026-02-17 14:02:31.975723,2026-02-17 14:02:31.975724
santander-cycles,Santander Cycles,London,GB,7869387b7f03aea7253facf45a28c46a,"001210 - Nevern Place, Earl's Court",51.49334336,-0.194757949,1,18,19,2026-02-17 14:02:31.975725,2026-02-17 14:02:31.975726
santander-cycles,Santander Cycles,London,GB,78af1b8acc4c3b1b5a261abe50ad7b3d,"200044 - New Fetter Lane, Holborn",51.517428,-0.107987,16,3,19,2026-02-17 14:02:31.975727,2026-02-17 14:02:31.975728
santander-cycles,Santander Cycles,London,GB,78dfc43f62e3197e9896b5e0575aaec0,"200175 - Wandsworth Rd, Isley Court, Wandsworth Road",51.46925984,-0.141812513,7,22,29,2026-02-17 14:02:31.975729,2026-02-17 14:02:31.975730
santander-cycles,Santander Cycles,London,GB,78f6e5f811d55efc101ca6fa79d497bd,"002690 - City Road, Angel",51.530344,-0.100168,26,21,47,2026-02-17 14:02:31.975732,2026-02-17 14:02:31.975733
santander-cycles,Santander Cycles,London,GB,7913cdc8a54d24804d90dbe2718c0505,"001003 - Chapel Place, Marylebone",51.51530805,-0.147203711,23,5,28,2026-02-17 14:02:31.975734,2026-02-17 14:02:31.975735
santander-cycles,Santander Cycles,London,GB,79bf4e7ec597b420028d1a376014aec1,"200006 - Hewison Street, Old Ford",51.533283,-0.028155,0,18,18,2026-02-17 14:02:31.975736,2026-02-17 14:02:31.975737
santander-cycles,Santander Cycles,London,GB,79eaa08133de6c86ad78ae63ef229fdc,"000998 - Lollard Street, Vauxhall",51.49288067,-0.114934001,1,23,24,2026-02-17 14:02:31.975738,2026-02-17 14:02:31.975739
santander-cycles,Santander Cycles,London,GB,7a313e52da56a73b85d832b03d57f561,"001056 - Finsbury Square , Moorgate",51.52096262,-0.085634242,20,12,32,2026-02-17 14:02:31.975741,2026-02-17 14:02:31.975742
santander-cycles,Santander Cycles,London,GB,7a3a5525ca95ba28f5f4edc90a52176a,"003437 - Curzon Street, Mayfair",51.50706909,-0.145904427,14,2,16,2026-02-17 14:02:31.975746,2026-02-17 14:02:31.975747
santander-cycles,Santander Cycles,London,GB,7a4a4641fc87cdf7df8317301e441489,"022160 - Chelsea Bridge, Pimlico",51.485821,-0.149004,0,13,13,2026-02-17 14:02:31.975748,2026-02-17 14:02:31.975749
santander-cycles,Santander Cycles,London,GB,7ae75eef039f7de4e0452bd69c33a304,"200003 - Cheshire Street, Bethnal Green",51.52388,-0.065076,4,23,27,2026-02-17 14:02:31.975750,2026-02-17 14:02:31.975751
santander-cycles,Santander Cycles,London,GB,7b420d2107097aa229db5cc94bfe1e3c,"003470 - Great Percy Street, Clerkenwell",51.52891573,-0.115480888,13,10,23,2026-02-17 14:02:31.975753,2026-02-17 14:02:31.975754
santander-cycles,Santander Cycles,London,GB,7ba6641f81a7669039947f3533592670,"003435 - Gloucester Road (Central), South Kensington",51.49646288,-0.183289032,12,7,19,2026-02-17 14:02:31.975755,2026-02-17 14:02:31.975756
santander-cycles,Santander Cycles,London,GB,7bee4aa893c267515322f2a1cfc103ba,"300219 - Here East South, Queen Elizabeth Olympic Park",51.5465327935,-0.0205975904647,9,10,19,2026-02-17 14:02:31.975757,2026-02-17 14:02:31.975758
santander-cycles,Santander Cycles,London,GB,7bf350e3ab69a9d547ca5339583fe69d,"001183 - Bramham Gardens, Earl's Court",51.49016361,-0.19039362,3,25,28,2026-02-17 14:02:31.975760,2026-02-17 14:02:31.975761
santander-cycles,Santander Cycles,London,GB,7bf9812c2aac8190d3fa1cf6727c708e,"200254 - Teviot Street, Poplar",51.518811,-0.011662,8,25,33,2026-02-17 14:02:31.975765,2026-02-17 14:02:31.975766
santander-cycles,Santander Cycles,London,GB,7c2cdef30e75123d21edbd7381edf2b5,"300027 - Mile End Park Leisure Centre, Mile End",51.52059714,-0.032566533,6,39,45,2026-02-17 14:02:31.975767,2026-02-17 14:02:31.975768
santander-cycles,Santander Cycles,London,GB,7c43ac2c8fefa2a6e3e0e6b57654e7cf,"003424 - Broadcasting House, Marylebone",51.51811784,-0.144228881,12,3,15,2026-02-17 14:02:31.975769,2026-02-17 14:02:31.975770
santander-cycles,Santander Cycles,London,GB,7c45c2340419e6c219adec080c16d68a,"200132 - Gaywood  Street, Elephant & Castle",51.49605,-0.104193,1,42,43,2026-02-17 14:02:31.975772,2026-02-17 14:02:31.975773
santander-cycles,Santander Cycles,London,GB,7c705926cc6ffb6202bc9e0bee60381f,"200096 - Green Park Station, Mayfair",51.506613,-0.142844,22,4,26,2026-02-17 14:02:31.975774,2026-02-17 14:02:31.975775
santander-cycles,Santander Cycles,London,GB,7ce9aac767040a31ea152e56112128da,"200170 - Esmond Street, Putney",51.46231278,-0.211468596,3,27,30,2026-02-17 14:02:31.975776,2026-02-17 14:02:31.975777
santander-cycles,Santander Cycles,London,GB,7d33e3c5865df062e812598a3667905e,"000963 - Bankside Mix, Bankside",51.50581776,-0.100186337,31,27,58,2026-02-17 14:02:31.975778,2026-02-17 14:02:31.975779
santander-cycles,Santander Cycles,London,GB,7d4bc8e5895e89cd86d1fe4025db6830,"300009 - World's End Place, West Chelsea",51.48180515,-0.18027465,1,19,20,2026-02-17 14:02:31.975780,2026-02-17 14:02:31.975781
santander-cycles,Santander Cycles,London,GB,7d53c79d13354a0926c306506e132d2e,"200197 - Barons Court Station, West Kensington",51.49021762,-0.215087092,10,20,30,2026-02-17 14:02:31.975783,2026-02-17 14:02:31.975784
santander-cycles,Santander Cycles,London,GB,7df7c586d74bbe3dc73d2f5de3686283,"300029 - Lee Valley VeloPark, Queen Elizabeth Olympic Park",51.549369,-0.015717614,4,40,44,2026-02-17 14:02:31.975785,2026-02-17 14:02:31.975786
santander-cycles,Santander Cycles,London,GB,7e06462eb104da436af357e4ccc05a76,"001062 - Braham Street, Aldgate",51.51423368,-0.073537654,31,0,31,2026-02-17 14:02:31.975787,2026-02-17 14:02:31.975788
santander-cycles,Santander Cycles,London,GB,7eee5e55c4160640d467e36acef59c1e,"200041 - Antill Road, Mile End",51.528224,-0.037471,20,10,30,2026-02-17 14:02:31.975790,2026-02-17 14:02:31.975791
santander-cycles,Santander Cycles,London,GB,7f3020118e56165ed8b2f61899edb971,"001023 - River Street , Clerkenwell",51.52916347,-0.109970527,5,12,17,2026-02-17 14:02:31.975792,2026-02-17 14:02:31.975793
santander-cycles,Santander Cycles,London,GB,7f7a5907a504e6ac189a9a05f62254b9,"200078 - Aberfeldy Street, Poplar",51.513548,-0.005659,0,16,16,2026-02-17 14:02:31.975794,2026-02-17 14:02:31.975795
santander-cycles,Santander Cycles,London,GB,7fb8ce74ed1629b194bb5f83c68d1126,"200123 - Burdett Road, Mile End",51.516196,-0.029138,0,31,31,2026-02-17 14:02:31.975796,2026-02-17 14:02:31.975797
santander-cycles,Santander Cycles,London,GB,8028515daa5c11d7b5fde5d4b7ef4fde,"300053 - Stephendale Road, Sands End",51.46822047,-0.190346493,18,29,47,2026-02-17 14:02:31.975800,2026-02-17 14:02:31.975801
santander-cycles,Santander Cycles,London,GB,811235a0fb0bd08db485df3fc85a5993,"003430 - Central House, Aldgate",51.515231,-0.07015,19,2,21,2026-02-17 14:02:31.975803,2026-02-17 14:02:31.975804
santander-cycles,Santander Cycles,London,GB,81ad7dfdd9e33c21efc5ce00302f4d92,"200144 - Sea Containers, South Bank",51.508033,-0.10682363,19,9,28,2026-02-17 14:02:31.975805,2026-02-17 14:02:31.975806
santander-cycles,Santander Cycles,London,GB,81b5079628ca78b668b84651c710531c,"200222 - Danvers Street, West Chelsea",51.48256792,-0.172078187,17,3,20,2026-02-17 14:02:31.975807,2026-02-17 14:02:31.975808
santander-cycles,Santander Cycles,London,GB,81e0b607d35ac04a4e25136976886bc2,"002586 - Cloudesley Road, Angel",51.53440868,-0.109025404,23,6,29,2026-02-17 14:02:31.975810,2026-02-17 14:02:31.975811
santander-cycles,Santander Cycles,London,GB,8277a07a35f76cf828604ae9938fea21,"200079 - Ram Street, Wandsworth",51.45752945,-0.192165613,3,22,25,2026-02-17 14:02:31.975812,2026-02-17 14:02:31.975813
santander-cycles,Santander Cycles,London,GB,8286c006b3a0df87f5dc28855bebc67d,"001172 - Queen's Gate (South), South Kensington",51.49247977,-0.178433004,3,18,21,2026-02-17 14:02:31.975814,2026-02-17 14:02:31.975815
santander-cycles,Santander Cycles,London,GB,829bfc67e7adc4619c89aced656e3840,"001212 - Concert Hall Approach, South Bank",51.504841,-0.11515320000000884,6,24,30,2026-02-17 14:02:31.975816,2026-02-17 14:02:31.975817
santander-cycles,Santander Cycles,London,GB,82df910a038aab0860599aab3b493498,"200109 - Alpha Grove, Millwall",51.497304,-0.022793,18,3,21,2026-02-17 14:02:31.975819,2026-02-17 14:02:31.975820
santander-cycles,Santander Cycles,London,GB,83257108e73bb026fc286017773acf76,"200082 - St. Mary & St. Michael Church, Stepney",51.51417,-0.052099,7,18,25,2026-02-17 14:02:31.975823,2026-02-17 14:02:31.975824
santander-cycles,Santander Cycles,London,GB,834b1e535c8263348bb85d34844874b9,"000973 - Bethnal Green Road, Shoreditch",51.52364804,-0.074754872,28,7,35,2026-02-17 14:02:31.975825,2026-02-17 14:02:31.975826
santander-cycles,Santander Cycles,London,GB,840183d5e5c0aaa1afe599b3f3b61afa,"002698 - Aberdeen Place, St. John's Wood",51.524826,-0.176268,0,14,14,2026-02-17 14:02:31.975828,2026-02-17 14:02:31.975828
santander-cycles,Santander Cycles,London,GB,843d6482837acafc806348eb0f23ba39,"200226 - Kingsway Southbound, Strand",51.513875,-0.117774,31,0,31,2026-02-17 14:02:31.975830,2026-02-17 14:02:31.975831
santander-cycles,Santander Cycles,London,GB,8489307e1040b42b2b4729a430ef93ab,"001180 - Bourne Street, Belgravia",51.490959,-0.1532331,9,5,14,2026-02-17 14:02:31.975832,2026-02-17 14:02:31.975833
santander-cycles,Santander Cycles,London,GB,84960e34bea975c535e1a68f43826654,"003461 - Sloane Avenue, Knightsbridge",51.4931848,-0.167894973,13,13,26,2026-02-17 14:02:31.975834,2026-02-17 14:02:31.975835
santander-cycles,Santander Cycles,London,GB,849f48b48bafbb89ec76ebcd99426342,"300060 - Brandon Street, Walworth",51.489102,-0.0915489,0,22,22,2026-02-17 14:02:31.975837,2026-02-17 14:02:31.975838
santander-cycles,Santander Cycles,London,GB,84ac66ae23991053fd3954c960377f24,"001039 - Wapping High Street, Wapping",51.504904,-0.06797,7,13,20,2026-02-17 14:02:31.975839,2026-02-17 14:02:31.975840
santander-cycles,Santander Cycles,London,GB,8530545a0e7ad19548966ea336e5dd26,"300095 - Michael Road, Walham Green",51.47727637,-0.189210466,24,10,34,2026-02-17 14:02:31.975841,2026-02-17 14:02:31.975842
santander-cycles,Santander Cycles,London,GB,85dd8e823090d655dd4c236851f641e8,"003448 - Webber Street , Southwark",51.50069361,-0.102091246,24,20,44,2026-02-17 14:02:31.975843,2026-02-17 14:02:31.975844
santander-cycles,Santander Cycles,London,GB,85f3fb33c271b65e3e29385a8b726e8c,"200024 - Queensbridge Road, Haggerston",51.53385,-0.06992,7,27,34,2026-02-17 14:02:31.975846,2026-02-17 14:02:31.975847
santander-cycles,Santander Cycles,London,GB,8644a3e104a87864707ba75ed71875d6,"200069 - Knaresborough Place, Earl's Court",51.49363156,-0.190603326,4,11,15,2026-02-17 14:02:31.975848,2026-02-17 14:02:31.975849
santander-cycles,Santander Cycles,London,GB,8683e5d7b15ffea00f952619d6b2950e,"001041 - Westbourne Grove, Bayswater",51.51552971,-0.190240716,8,18,26,2026-02-17 14:02:31.975850,2026-02-17 14:02:31.975851
santander-cycles,Santander Cycles,London,GB,8687fa44c969d19da9b2900804e2508b,"300064 - Ranelagh Gardens, Fulham",51.46760141,-0.20682737,1,27,28,2026-02-17 14:02:31.975853,2026-02-17 14:02:31.975853
santander-cycles,Santander Cycles,London,GB,86ad810b4f6ab5bee635aa544e8c7e20,"000969 - Gower Place , Euston",51.52522753,-0.13518856,13,2,15,2026-02-17 14:02:31.975855,2026-02-17 14:02:31.975856
santander-cycles,Santander Cycles,London,GB,875b49fd8018996a5f1840b6322d951b,"003464 - Green Street, Mayfair",51.51227622,-0.157436972,16,0,16,2026-02-17 14:02:31.975857,2026-02-17 14:02:31.975858
santander-cycles,Santander Cycles,London,GB,87de1a2c4b793d26f62410808c48f7ae,"300089 - Ormonde Gate, Chelsea",51.48796408,-0.161765173,9,13,22,2026-02-17 14:02:31.975859,2026-02-17 14:02:31.975860
santander-cycles,Santander Cycles,London,GB,87eae870d6a5bdff5873ddcfa3bcecc6,"000959 - Milroy Walk, South Bank",51.50724437,-0.106237501,8,18,26,2026-02-17 14:02:31.975862,2026-02-17 14:02:31.975862
santander-cycles,Santander Cycles,London,GB,87f883703c381d27982f597be44f2968,"001230 - Millennium Hotel, Mayfair",51.5109192966489,-0.1511263847351,8,19,27,2026-02-17 14:02:31.975864,2026-02-17 14:02:31.975865
santander-cycles,Santander Cycles,London,GB,880fa0e2ffbea15a8f200ff3c95630f4,"000999 - Queen Street 1, Bank",51.51155322,-0.0929401,12,10,22,2026-02-17 14:02:31.975866,2026-02-17 14:02:31.975867
santander-cycles,Santander Cycles,London,GB,885aa1df3cac23559eb5b40d48c37253,"300088 - Queensdale Road, Shepherd's Bush",51.50659035,-0.216104479,10,14,24,2026-02-17 14:02:31.975868,2026-02-17 14:02:31.975869
santander-cycles,Santander Cycles,London,GB,88d5d4224939683f692f0b285d9d2eb7,"001195 - St. George's Square, Pimlico",51.488226,-0.135635511,16,0,16,2026-02-17 14:02:31.975871,2026-02-17 14:02:31.975872
santander-cycles,Santander Cycles,London,GB,88e25e1d2859ec013404fde8a2e59734,"300010 - Surrey Lane, Battersea",51.47518024,-0.167160736,3,22,25,2026-02-17 14:02:31.975873,2026-02-17 14:02:31.975874
santander-cycles,Santander Cycles,London,GB,8900c1e60f0859d490ead1e113dbe9b2,"200119 - Dorothy Road, Clapham Junction",51.46506424,-0.163750945,1,25,26,2026-02-17 14:02:31.975877,2026-02-17 14:02:31.975878
santander-cycles,Santander Cycles,London,GB,8900f70cf9dd2215d75a5bcc3f6ab2fb,"000972 - Hampstead Road, Euston",51.52554222,-0.138231303,47,4,51,2026-02-17 14:02:31.975880,2026-02-17 14:02:31.975881
santander-cycles,Santander Cycles,London,GB,894a3f6a2b0c1f0ed33072625b253362,"022171 - Red Lion Street, Holborn",51.51824,-0.11655,33,3,36,2026-02-17 14:02:31.975882,2026-02-17 14:02:31.975883
santander-cycles,Santander Cycles,London,GB,897bb39e0ea6a2102df0eb098a42c594,"003433 - Sadlers Sports Centre, Finsbury",51.52486887,-0.099489485,5,11,16,2026-02-17 14:02:31.975884,2026-02-17 14:02:31.975885
santander-cycles,Santander Cycles,London,GB,89c49273f6adc36c18b8104f9900994d,"003454 - Denyer Street, Knightsbridge",51.49358391,-0.165101392,0,29,29,2026-02-17 14:02:31.975887,2026-02-17 14:02:31.975888
santander-cycles,Santander Cycles,London,GB,8a024f748718e323ba102ad5722768f9,"200174 - Mostyn Grove, Bow",51.530535,-0.025492,0,44,44,2026-02-17 14:02:31.975889,2026-02-17 14:02:31.975890
santander-cycles,Santander Cycles,London,GB,8b1f02423f3951fd6c337014465d7f7f,"010625 - Penfold Street, Marylebone",51.52289229,-0.171681991,7,8,15,2026-02-17 14:02:31.975895,2026-02-17 14:02:31.975896
santander-cycles,Santander Cycles,London,GB,8b5d1ca9a73c7c6c190ce14848ddef64,"200216 - Clements Road, Bermondsey",51.4954,-0.061698585,0,23,23,2026-02-17 14:02:31.975898,2026-02-17 14:02:31.975899
santander-cycles,Santander Cycles,London,GB,8b74031fd67c5827a8b62a6f4c130661,"300021 - Podium, Queen Elizabeth Olympic Park",51.538718,-0.011889482,36,1,37,2026-02-17 14:02:31.975901,2026-02-17 14:02:31.975902
santander-cycles,Santander Cycles,London,GB,8ba0194daeb0ac4b294433cbe7d860a3,"001157 - Black Lion Gate, Kensington Gardens",51.50990837,-0.187842717,0,22,22,2026-02-17 14:02:31.975904,2026-02-17 14:02:31.975905
santander-cycles,Santander Cycles,London,GB,8bdbc7b9369ba20858fdba2c52fe5da7,"200217 - Disraeli Road, Putney",51.4616107,-0.2161458,3,29,32,2026-02-17 14:02:31.975906,2026-02-17 14:02:31.975907
santander-cycles,Santander Cycles,London,GB,8cc102540a117cc01347c213ffead6a1,"200158 - Whiston Road, Haggerston",51.534464,-0.076341,1,17,18,2026-02-17 14:02:31.975908,2026-02-17 14:02:31.975909
santander-cycles,Santander Cycles,London,GB,8d6c20f30cccc9c52d0e2e03cdfe6588,"000990 - Cotton Garden Estate, Kennington",51.4907579,-0.106323685,6,17,23,2026-02-17 14:02:31.975911,2026-02-17 14:02:31.975912
santander-cycles,Santander Cycles,London,GB,8d8f0a34a7ed926c7ebf4d809ed0ef51,"200029 - Finlay Street, Fulham",51.4768851,-0.215895601,0,24,24,2026-02-17 14:02:31.975913,2026-02-17 14:02:31.975914
santander-cycles,Santander Cycles,London,GB,8da67bee71b3c7d2f278c25a61c71cea,"300237 - Tate Modern, Bankside",51.5067252868,-0.0988072461627,24,2,26,2026-02-17 14:02:31.975915,2026-02-17 14:02:31.975916
santander-cycles,Santander Cycles,London,GB,8db0529d213deb734a8c2aed7e4683bd,"001072 - Waterloo Station 3, Waterloo",51.50379168,-0.11282408,2,30,32,2026-02-17 14:02:31.975918,2026-02-17 14:02:31.975919
santander-cycles,Santander Cycles,London,GB,8e74e96bcc8d74d7621f8201cee921dd,"003420 - Sedding Street, Sloane Square",51.49313,-0.156876,11,13,24,2026-02-17 14:02:31.975920,2026-02-17 14:02:31.975921
santander-cycles,Santander Cycles,London,GB,8ea647e16f07cdfecb28f07afaf1482b,"200177 - Santos Road, Wandsworth",51.45705988,-0.200806304,0,30,30,2026-02-17 14:02:31.975922,2026-02-17 14:02:31.975923
santander-cycles,Santander Cycles,London,GB,8ecc337dd1950c019e8d01e27c886e23,"300011 - Victoria Park Road, Hackney Central",51.53642464,-0.054162264,8,22,30,2026-02-17 14:02:31.975925,2026-02-17 14:02:31.975926
santander-cycles,Santander Cycles,London,GB,8f10fca04e352fdc2f84a1b1a94677a8,"200196 - Simpson Street, Clapham Junction",51.47084722,-0.17070367,4,18,22,2026-02-17 14:02:31.975927,2026-02-17 14:02:31.975928
santander-cycles,Santander Cycles,London,GB,8f8b91218424d368afb1fd42d198ac48,"002703 - Fire Brigade Pier, Vauxhall",51.49369988,-0.121394101,4,26,30,2026-02-17 14:02:31.975930,2026-02-17 14:02:31.975931
santander-cycles,Santander Cycles,London,GB,8ffd15ed4e59c4953e1caa6108cff5f3,"001207 - Tavistock Street, Covent Garden",51.51196803,-0.120718759,30,0,30,2026-02-17 14:02:31.975932,2026-02-17 14:02:31.975933
santander-cycles,Santander Cycles,London,GB,90496aa7d15852e4cd32d22f4cb1d7a6,"000978 - Russell Square Station, Bloomsbury",51.52341837,-0.124121774,24,0,24,2026-02-17 14:02:31.975934,2026-02-17 14:02:31.975935
santander-cycles,Santander Cycles,London,GB,909898d9d1513581b527f22453b32aac,"001084 - Pindar Street, Liverpool Street",51.520955,-0.083493552,21,0,21,2026-02-17 14:02:31.975937,2026-02-17 14:02:31.975937
santander-cycles,Santander Cycles,London,GB,90df06e5fa9296226ac68f8064b47df8,"002635 - Agar Grove, Camden Town",51.542891,-0.132253999999989,17,1,18,2026-02-17 14:02:31.975939,2026-02-17 14:02:31.975940
santander-cycles,Santander Cycles,London,GB,90ee7aa32e29e6818e4706e49dda1c31,"001187 - St. John's Wood Road, St. John's Wood",51.5272947,-0.174653609,6,29,35,2026-02-17 14:02:31.975941,2026-02-17 14:02:31.975942
santander-cycles,Santander Cycles,London,GB,911bcf42fd06c66c5c81e7384762b84c,"001034 - Bruton Street, Mayfair",51.51073687,-0.144165239,20,0,20,2026-02-17 14:02:31.975946,2026-02-17 14:02:31.975947
santander-cycles,Santander Cycles,London,GB,912100dd5d2cde961242dcd492bac422,"300043 - St. Peter's Terrace, Fulham",51.47893931,-0.208485293,1,23,24,2026-02-17 14:02:31.975949,2026-02-17 14:02:31.975950
santander-cycles,Santander Cycles,London,GB,912b70934b914e493a25e194e4a97908,"002692 - Waterloo Station 2, Waterloo",51.50391973,-0.11342629,6,40,46,2026-02-17 14:02:31.975951,2026-02-17 14:02:31.975952
santander-cycles,Santander Cycles,London,GB,91413ad6bfda7be69a8cf41f7e47f431,"300038 - Star Road, West Kensington",51.48724429,-0.205279052,0,21,21,2026-02-17 14:02:31.975953,2026-02-17 14:02:31.975954
santander-cycles,Santander Cycles,London,GB,91962365b0cb445b06704d8ab1a4f4fe,"001170 - Horseferry Road, Westminster",51.49481649,-0.13045856,7,8,15,2026-02-17 14:02:31.975956,2026-02-17 14:02:31.975957
santander-cycles,Santander Cycles,London,GB,924df621509b9bdeb0a175ea8fdc3b53,"001035 - Boston Place, Marylebone",51.522511,-0.162298,15,7,22,2026-02-17 14:02:31.975959,2026-02-17 14:02:31.975960
santander-cycles,Santander Cycles,London,GB,92956fc8461e6fd36db4f14fea45d651,"001094 - Wright's Lane, Kensington",51.50039792,-0.193068385,35,1,36,2026-02-17 14:02:31.975962,2026-02-17 14:02:31.975963
santander-cycles,Santander Cycles,London,GB,92d750b2e1edd463883433f9ba22f9cc,"000966 - New Kent Road, The Borough",51.49443626,-0.092921165,0,33,33,2026-02-17 14:02:31.975964,2026-02-17 14:02:31.975965
santander-cycles,Santander Cycles,London,GB,92e21340a1a18bdc7b6650503b3fcfe9,"200026 - Greenland Road, Camden Town",51.539099,-0.141728,26,7,33,2026-02-17 14:02:31.975966,2026-02-17 14:02:31.975967
santander-cycles,Santander Cycles,London,GB,93b7ba3399d27c5f692353912192d241,"000986 - Finsbury Library , Finsbury",51.52671796,-0.104298194,21,8,29,2026-02-17 14:02:31.975968,2026-02-17 14:02:31.975969
santander-cycles,Santander Cycles,London,GB,93cd71b7afe01549d24d77a3615b8643,"000982 - Holborn Circus, Holborn",51.51795029,-0.108657431,30,7,37,2026-02-17 14:02:31.975971,2026-02-17 14:02:31.975972
santander-cycles,Santander Cycles,London,GB,93e7b5e58c97efa3c76192e5447d47dd,"300217 - Here East North, Queen Elizabeth Olympic Park",51.5487311915,-0.0226065549321,11,16,27,2026-02-17 14:02:31.975973,2026-02-17 14:02:31.975974
santander-cycles,Santander Cycles,London,GB,9559bd41bdd0b32ec6dfe2de4d10b425,"003502 - Palissy Street, Shoreditch",51.526293,-0.073955,6,20,26,2026-02-17 14:02:31.975975,2026-02-17 14:02:31.975976
santander-cycles,Santander Cycles,London,GB,95609b82d35fd13d1f6d1bfefcad094c,"300243 - Good's Way, King's Cross",51.5346677396,-0.125078652873,20,2,22,2026-02-17 14:02:31.975977,2026-02-17 14:02:31.975978
santander-cycles,Santander Cycles,London,GB,9577f74a502cb95e298b87ebfbda02f2,"200048 - Page Street, Westminster",51.493978,-0.127554,12,10,22,2026-02-17 14:02:31.975980,2026-02-17 14:02:31.975981
santander-cycles,Santander Cycles,London,GB,957b94f2958deb69e503d3c6ea37baa6,"001148 - Queen Mother Sports Centre, Victoria",51.49357351,-0.139956043,17,6,23,2026-02-17 14:02:31.975982,2026-02-17 14:02:31.975983
santander-cycles,Santander Cycles,London,GB,95cb9e8de32f7f352b060d10375e05a5,"001069 - Eaton Square, Belgravia",51.49654462,-0.150905245,8,8,16,2026-02-17 14:02:31.975984,2026-02-17 14:02:31.975985
santander-cycles,Santander Cycles,London,GB,95e4894efdc1051d3f2d35c74f763b5f,"200145 - Gloucester Avenue, Camden Town",51.537349,-0.14715400000000045,18,4,22,2026-02-17 14:02:31.975986,2026-02-17 14:02:31.975987
santander-cycles,Santander Cycles,London,GB,9614fa4af225345c3c2fa6fb337274bd,"300091 - Hortensia Road, West Brompton",51.48176572,-0.185273723,18,7,25,2026-02-17 14:02:31.975989,2026-02-17 14:02:31.975990
santander-cycles,Santander Cycles,London,GB,96a2d1f3d11361f21b51da0df5786d20,"300234 - Stratford Station, Stratford",51.541793,-0.00481,17,4,21,2026-02-17 14:02:31.975991,2026-02-17 14:02:31.975992
santander-cycles,Santander Cycles,London,GB,97f177f4bd2a57bccad534e306e60efb,"003452 - Panton Street, West End",51.50963938,-0.131510949,14,0,14,2026-02-17 14:02:31.975993,2026-02-17 14:02:31.975994
santander-cycles,Santander Cycles,London,GB,98f517ce692ad8848d7a957cfc44d402,"001092 - Moorfields, Moorgate",51.51906932,-0.088285377,41,9,50,2026-02-17 14:02:31.975995,2026-02-17 14:02:31.975996
santander-cycles,Santander Cycles,London,GB,99499044d72124bfdf2598f13f3123fa,"200176 - Sheepcote Lane, Battersea",51.47053858,-0.163041605,12,16,28,2026-02-17 14:02:31.975999,2026-02-17 14:02:31.976000
santander-cycles,Santander Cycles,London,GB,99c99aeaa74346da4dcfc157917181de,"000983 - Euston Road, Euston",51.5262363,-0.134407652,20,4,24,2026-02-17 14:02:31.976001,2026-02-17 14:02:31.976002
santander-cycles,Santander Cycles,London,GB,99e37e228edaf5187aa917de66113607,"003431 - Grafton Street, Mayfair",51.5099923,-0.143495266,15,0,15,2026-02-17 14:02:31.976004,2026-02-17 14:02:31.976005
santander-cycles,Santander Cycles,London,GB,9a74991295798e69d06c22e2d33a7c36,"001225 - George Street, Marylebone",51.517703,-0.154106,21,3,24,2026-02-17 14:02:31.976006,2026-02-17 14:02:31.976007
santander-cycles,Santander Cycles,London,GB,9afd36f7e608b1b369689c4d565cefa5,"200046 - Napier Avenue, Millwall",51.487679,-0.021582,15,4,19,2026-02-17 14:02:31.976008,2026-02-17 14:02:31.976009
santander-cycles,Santander Cycles,London,GB,9be353ece53f5082f98c5d926fa07ef9,"200089 - Chrisp Street Market, Poplar",51.5112,-0.014438,10,8,18,2026-02-17 14:02:31.976011,2026-02-17 14:02:31.976011
santander-cycles,Santander Cycles,London,GB,9c5b9c0b07302a61c8f094de15898226,"200097 - Beryl Road, Hammersmith",51.48814438,-0.222456468,10,13,23,2026-02-17 14:02:31.976013,2026-02-17 14:02:31.976014
santander-cycles,Santander Cycles,London,GB,9cccc5be9f1211ba2231733085780601,"200045 - Garnet Street, Shadwell",51.508447,-0.055167,1,23,24,2026-02-17 14:02:31.976015,2026-02-17 14:02:31.976016
santander-cycles,Santander Cycles,London,GB,9d0662e41f872b54e0deb92ef31c79ba,"300036 - Teversham Lane, Stockwell",51.47614939,-0.1232585,7,31,38,2026-02-17 14:02:31.976017,2026-02-17 14:02:31.976018
santander-cycles,Santander Cycles,London,GB,9da373b6d3bc7db00224ffce3844e836,"200155 - Gascoyne Road, Victoria Park",51.541515,-0.038557746,6,13,19,2026-02-17 14:02:31.976022,2026-02-17 14:02:31.976023
santander-cycles,Santander Cycles,London,GB,a00180e2a271ca35eebcb929138d5cc9,"200038 - Ackroyd Drive, Bow",51.520398,-0.026768,1,28,29,2026-02-17 14:02:31.976024,2026-02-17 14:02:31.976025
santander-cycles,Santander Cycles,London,GB,a00a8469357c70b0a63b6a19647fc6a5,"003441 - Vicarage Gate, Kensington",51.50472376,-0.192538767,3,14,17,2026-02-17 14:02:31.976026,2026-02-17 14:02:31.976027
santander-cycles,Santander Cycles,London,GB,a03acb9739d271058a5a1a82c61d9b4d,"000989 - Murray Grove , Hoxton",51.53089041,-0.089782579,12,15,27,2026-02-17 14:02:31.976029,2026-02-17 14:02:31.976030
santander-cycles,Santander Cycles,London,GB,a06cf8b22c859d4494da6c819c702fe5,"001178 - Cleveland Gardens, Bayswater",51.515607,-0.183118788,2,14,16,2026-02-17 14:02:31.976031,2026-02-17 14:02:31.976032
santander-cycles,Santander Cycles,London,GB,a0781d71e9edc3e56932d5d376277ced,"001145 - Bucknall Street, Covent Garden",51.51615,-0.12841769999999997,11,1,12,2026-02-17 14:02:31.976034,2026-02-17 14:02:31.976035
santander-cycles,Santander Cycles,London,GB,a13c0b360e7d73624fb7b891e636d6da,"002687 - Brick Lane Market, Shoreditch",51.52261762,-0.071653961,16,8,24,2026-02-17 14:02:31.976036,2026-02-17 14:02:31.976037
santander-cycles,Santander Cycles,London,GB,a16b22a924bff65593d0037d0c27c35b,"200244 - Hollybush Gardens, Bethnal Green",51.527607,-0.057133,23,9,32,2026-02-17 14:02:31.976041,2026-02-17 14:02:31.976042
santander-cycles,Santander Cycles,London,GB,a185924831891de121774a0abab95a14,"300074 - Newton Street, Covent Garden",51.51612862,-0.120909408,12,10,22,2026-02-17 14:02:31.976044,2026-02-17 14:02:31.976045
santander-cycles,Santander Cycles,London,GB,a189922493c3b84d6bf1c7ee5d613473,"200136 - BBC White City, White City",51.514767,-0.22578699999999685,22,10,32,2026-02-17 14:02:31.976046,2026-02-17 14:02:31.976047
santander-cycles,Santander Cycles,London,GB,a20657730893330fc07b24b5ff455fa9,"300047 - Alfreda Street, Battersea Park",51.47505096,-0.150908371,14,8,22,2026-02-17 14:02:31.976048,2026-02-17 14:02:31.976049
santander-cycles,Santander Cycles,London,GB,a24d558c262b3e6364a5a0d2fe61e46a,"200138 - Heron Quays DLR, Canary Wharf",51.502661,-0.021596,18,9,27,2026-02-17 14:02:31.976051,2026-02-17 14:02:31.976052
santander-cycles,Santander Cycles,London,GB,a24ee9277e9aa1238727097fc4a26f37,"300248 - Sopwith Way, Battersea Park",51.4811219398,-0.149035374873,9,18,27,2026-02-17 14:02:31.976053,2026-02-17 14:02:31.976054
santander-cycles,Santander Cycles,London,GB,a29c6d919e37e086fe65901260ba1579,"300079 - London Street, Paddington",51.515117,-0.17371276,1,17,18,2026-02-17 14:02:31.976055,2026-02-17 14:02:31.976056
santander-cycles,Santander Cycles,London,GB,a2b2b10b3d151009a34f768ebfc0bbf4,"001177 - Seville Street, Knightsbridge",51.50185512,-0.159237081,13,12,25,2026-02-17 14:02:31.976057,2026-02-17 14:02:31.976058
santander-cycles,Santander Cycles,London,GB,a2bcb76953c934e02851a2c10a0e2bdb,"022183 - Crinan Street, King's Cross",51.534474,-0.122203,17,1,18,2026-02-17 14:02:31.976063,2026-02-17 14:02:31.976064
santander-cycles,Santander Cycles,London,GB,a39712a7eba5ca2a0efb17f94b2178f1,"200020 - Shadwell Station, Shadwell",51.511088,-0.057159,6,28,34,2026-02-17 14:02:31.976065,2026-02-17 14:02:31.976066
santander-cycles,Santander Cycles,London,GB,a481bcf01f163162baa32267b19a829c,"200018 - Spindrift Avenue, Millwall",51.49109,-0.018716,5,31,36,2026-02-17 14:02:31.976067,2026-02-17 14:02:31.976068
santander-cycles,Santander Cycles,London,GB,a4ec3b1ad5679a6c57177acfb1c318ca,"003434 - Sancroft Street, Vauxhall",51.48947903,-0.115156562,6,18,24,2026-02-17 14:02:31.976070,2026-02-17 14:02:31.976071
santander-cycles,Santander Cycles,London,GB,a4ed9c494ef55af5c85cf3fc52cd7efa,"300069 - Harcourt Terrace, West Brompton",51.48795853,-0.187404506,18,5,23,2026-02-17 14:02:31.976072,2026-02-17 14:02:31.976073
santander-cycles,Santander Cycles,London,GB,a5371e8578a64c8ffafe3743ddd082c5,"300203 - Euston Square Gardens, Euston",51.527068,-0.13186102,5,24,29,2026-02-17 14:02:31.976074,2026-02-17 14:02:31.976075
santander-cycles,Santander Cycles,London,GB,a53a337ad06159c59912543b2f2e1415,"000979 - Wenlock Road , Hoxton",51.53099181,-0.093903825,14,12,26,2026-02-17 14:02:31.976082,2026-02-17 14:02:31.976083
santander-cycles,Santander Cycles,London,GB,a5981290c4d7e5e6ca27941bb54bc921,"200252 - Bow Church Station, Bow",51.528169,-0.018703,1,35,36,2026-02-17 14:02:31.976084,2026-02-17 14:02:31.976085
santander-cycles,Santander Cycles,London,GB,a5cc27e51ea4cef100f29e661c9b66a4,"001120 - Chepstow Villas, Notting Hill",51.51213691,-0.201554966,3,23,26,2026-02-17 14:02:31.976086,2026-02-17 14:02:31.976087
santander-cycles,Santander Cycles,London,GB,a5ffd1e8cbf9d9df1b3860e3afe7e9a1,"022173 - Old Ford Road, Bethnal Green",51.531127,-0.048017,3,18,21,2026-02-17 14:02:31.976089,2026-02-17 14:02:31.976090
santander-cycles,Santander Cycles,London,GB,a6ad89a32404f74180d5d21194daaac2,"200076 - Westminster Bridge Road, Elephant & Castle",51.498386,-0.107913,11,14,25,2026-02-17 14:02:31.976091,2026-02-17 14:02:31.976092
santander-cycles,Santander Cycles,London,GB,a6af68f6a64046c74531f4f7655eb209,"200033 - Philpot Street, Whitechapel",51.515256,-0.058641,10,19,29,2026-02-17 14:02:31.976093,2026-02-17 14:02:31.976094
santander-cycles,Santander Cycles,London,GB,a79f42c5d4ac72535a4e3b81fabe9197,"300250 - Temple Gardens, Temple",51.510981,-0.10832249,20,1,21,2026-02-17 14:02:31.976095,2026-02-17 14:02:31.976096
santander-cycles,Santander Cycles,London,GB,a822fc0482f21d037b47cc14427f1227,"001193 - Kensington Gore, Knightsbridge",51.50143293,-0.178656971,13,10,23,2026-02-17 14:02:31.976098,2026-02-17 14:02:31.976099
santander-cycles,Santander Cycles,London,GB,a8d02c0bebd9705845f9324574e0ffff,"200113 - Smugglers Way, Wandsworth",51.46108367,-0.191722864,4,23,27,2026-02-17 14:02:31.976101,2026-02-17 14:02:31.976102
santander-cycles,Santander Cycles,London,GB,aa805502405cb941828ae5a23ea2290b,"200094 - St. Bride Street, Holborn",51.514665,-0.10458399999998846,3,17,20,2026-02-17 14:02:31.976103,2026-02-17 14:02:31.976104
santander-cycles,Santander Cycles,London,GB,aadb55c43bffce99f9347840c76651cc,"300072 - Broadley Terrace, Marylebone",51.52456169,-0.165668686,5,11,16,2026-02-17 14:02:31.976107,2026-02-17 14:02:31.976108
santander-cycles,Santander Cycles,London,GB,aaf16bfefb12f055d960c4e0cbb7917b,"000994 - Tanner Street, Bermondsey",51.50064702,-0.078600401,5,36,41,2026-02-17 14:02:31.976109,2026-02-17 14:02:31.976110
santander-cycles,Santander Cycles,London,GB,abf6c7b8129b0fc2b96da2a2991afcbd,"002691 - Howland Street, Fitzrovia",51.520994,-0.139016,15,11,26,2026-02-17 14:02:31.976111,2026-02-17 14:02:31.976112
santander-cycles,Santander Cycles,London,GB,ac18f9273fd960145da73ab7b7689cf8,"001081 - Liverpool Road (N1 Centre), Angel",51.53450449,-0.106992706,6,13,19,2026-02-17 14:02:31.976113,2026-02-17 14:02:31.976114
santander-cycles,Santander Cycles,London,GB,ac6f840f490d0c51caeb0aef79631b25,"001205 - Black Prince Road, Vauxhall",51.4908679,-0.116911864,1,18,19,2026-02-17 14:02:31.976116,2026-02-17 14:02:31.976117
santander-cycles,Santander Cycles,London,GB,ac7bb375df802f39016e81ce8bf357b0,"200025 - London Fields, Hackney Central",51.54119,-0.058826100000004544,1,16,17,2026-02-17 14:02:31.976118,2026-02-17 14:02:31.976119
santander-cycles,Santander Cycles,London,GB,ad15e1cee91ee88986be580b61415f32,"200014 - Gunmakers Lane, Old Ford",51.535179,-0.03338,3,13,16,2026-02-17 14:02:31.976123,2026-02-17 14:02:31.976124
santander-cycles,Santander Cycles,London,GB,ad2ba3451277638c10f6949385e6c5de,"200135 - Selby Street, Whitechapel",51.521905,-0.063386,5,12,17,2026-02-17 14:02:31.976125,2026-02-17 14:02:31.976126
santander-cycles,Santander Cycles,London,GB,ad43baa18c9dbea9ba4b0966c386cc0c,"001029 - Windsor Terrace, Hoxton",51.52915444,-0.093421615,16,5,21,2026-02-17 14:02:31.976128,2026-02-17 14:02:31.976129
santander-cycles,Santander Cycles,London,GB,ad77c823e0df2ff31a5779acfe01ffdf,"000974 - Guilford Street , Bloomsbury",51.52334672,-0.120202614,28,2,30,2026-02-17 14:02:31.976130,2026-02-17 14:02:31.976131
santander-cycles,Santander Cycles,London,GB,ae29319c0f374706026630b67281e0e7,"022182 - South Parade, Chelsea",51.48902,-0.17524,3,13,16,2026-02-17 14:02:31.976132,2026-02-17 14:02:31.976133
santander-cycles,Santander Cycles,London,GB,aebfe7a6a3a7f359f526fb32c77bfcba,"300025 - Archbishop's Park, Waterloo",51.49824168,-0.117495865,20,2,22,2026-02-17 14:02:31.976134,2026-02-17 14:02:31.976135
santander-cycles,Santander Cycles,London,GB,aec630f91b132c46f24b929c9f2474aa,"300013 - Austin Road, Battersea Park",51.474376,-0.155442787,4,19,23,2026-02-17 14:02:31.976137,2026-02-17 14:02:31.976138
santander-cycles,Santander Cycles,London,GB,aee7721e1c42abcb1708ae3b0ed93bd8,"300033 - Putney Rail Station, Putney",51.46071722,-0.216526155,3,16,19,2026-02-17 14:02:31.976139,2026-02-17 14:02:31.976140
santander-cycles,Santander Cycles,London,GB,af6e4ecfa983d291fcff608792659dbf,"001112 - Nutford Place, Marylebone",51.5165179,-0.164393768,4,14,18,2026-02-17 14:02:31.976141,2026-02-17 14:02:31.976142
santander-cycles,Santander Cycles,London,GB,af92be8d5fd90a932222d0921beb37d8,"001050 - Park Road (Baker Street), The Regent's Park",51.52451738,-0.158963647,16,2,18,2026-02-17 14:02:31.976144,2026-02-17 14:02:31.976145
santander-cycles,Santander Cycles,London,GB,afc905773e187285152c9ebf422103c6,"001188 - London Zoo Car Park, The Regent's Park",51.5369222,-0.15018140000000813,22,13,35,2026-02-17 14:02:31.976146,2026-02-17 14:02:31.976147
santander-cycles,Santander Cycles,London,GB,b1c256158ef680127fc708ee48af4b3b,"300200 - East Village, Queen Elizabeth Olympic Park",51.546326,-0.00993526,13,21,34,2026-02-17 14:02:31.976148,2026-02-17 14:02:31.976149
santander-cycles,Santander Cycles,London,GB,b206d6f7fcd68bfd9c5bc5d44e8cc9e9,"001224 - Vauxhall Street, Vauxhall",51.486965,-0.116625,7,12,19,2026-02-17 14:02:31.976151,2026-02-17 14:02:31.976151
santander-cycles,Santander Cycles,London,GB,b224d41f7b616f28ab51d0a647cdcb16,"001199 - The Tennis Courts, The Regent's Park",51.52536703,-0.153463612,7,8,15,2026-02-17 14:02:31.976155,2026-02-17 14:02:31.976156
santander-cycles,Santander Cycles,London,GB,b2502d1e76848ea7a0ac8c5ac20d16bf,"022180 - Cheapside, Bank",51.51397065,-0.09294031,40,1,41,2026-02-17 14:02:31.976157,2026-02-17 14:02:31.976158
santander-cycles,Santander Cycles,London,GB,b25ab9b076fd60246136c1e5f64dadb2,"300040 - Ada Street, Hackney Central",51.53571683,-0.060291813,7,36,43,2026-02-17 14:02:31.976160,2026-02-17 14:02:31.976161
santander-cycles,Santander Cycles,London,GB,b2dab5bac41bfdcb17578e76bff6f341,"001086 - Baker Street, Marylebone",51.51891348,-0.156166631,18,1,19,2026-02-17 14:02:31.976162,2026-02-17 14:02:31.976163
santander-cycles,Santander Cycles,London,GB,b2f81c1785600d02194d55a8bbe7ba88,"001216 - Swan Street, The Borough",51.50029631,-0.092762704,2,24,26,2026-02-17 14:02:31.976164,2026-02-17 14:02:31.976165
santander-cycles,Santander Cycles,London,GB,b31dfba79454fb973dfeefbfe5253d7f,"300252 - Canada Water Station, Rotherhithe",51.498439,-0.049150215,2,30,32,2026-02-17 14:02:31.976166,2026-02-17 14:02:31.976167
santander-cycles,Santander Cycles,London,GB,b33f0ba98da0a91add5a15cb71e6285e,"003486 - St. Luke's Church, Chelsea",51.48971651,-0.170194408,16,2,18,2026-02-17 14:02:31.976169,2026-02-17 14:02:31.976170
santander-cycles,Santander Cycles,London,GB,b3bfe920f43212cf2925dfb3f6fa5c43,"300082 - Bridge Avenue, Hammersmith",51.49208492,-0.229116862,7,8,15,2026-02-17 14:02:31.976173,2026-02-17 14:02:31.976174
santander-cycles,Santander Cycles,London,GB,b41baf49a00ce422208c33520ac42a70,"001153 - Pall Mall East, West End",51.50777049,-0.130699733,16,1,17,2026-02-17 14:02:31.976176,2026-02-17 14:02:31.976177
santander-cycles,Santander Cycles,London,GB,b42a30087162a66b986e3ff33211959d,"300045 - Albert Bridge Road, Battersea Park",51.47439218,-0.163347594,3,15,18,2026-02-17 14:02:31.976178,2026-02-17 14:02:31.976179
santander-cycles,Santander Cycles,London,GB,b44e99fc6f4a9f41caad7e84d8fc598d,"200111 - Abbotsbury Road, Holland Park",51.501391,-0.205991,9,13,22,2026-02-17 14:02:31.976180,2026-02-17 14:02:31.976181
santander-cycles,Santander Cycles,London,GB,b50e7fcc091a7bb996645d914858cd81,"300077 - Ingrave Street, Clapham Junction",51.46745485,-0.172293499,24,5,29,2026-02-17 14:02:31.976183,2026-02-17 14:02:31.976184
santander-cycles,Santander Cycles,London,GB,b5492904b8e688d168315f1f272e6bd0,"001051 - Shoreditch Park, Hoxton",51.53404294,-0.086379717,7,23,30,2026-02-17 14:02:31.976185,2026-02-17 14:02:31.976186
santander-cycles,Santander Cycles,London,GB,b54a44dbd67d7e1892b2dd375b77b398,"200030 - Driffield Road, Old Ford",51.534137,-0.037366,0,17,17,2026-02-17 14:02:31.976187,2026-02-17 14:02:31.976188
santander-cycles,Santander Cycles,London,GB,b63682b45642a93433dfcbd49ea31611,"200066 - Import Dock, Canary Wharf",51.505772,-0.016460175,34,2,36,2026-02-17 14:02:31.976189,2026-02-17 14:02:31.976190
santander-cycles,Santander Cycles,London,GB,b6842b558b28d9325482727c17b98ec7,"200206 - Chicheley Street, South Bank",51.502698,-0.1167474,19,3,22,2026-02-17 14:02:31.976192,2026-02-17 14:02:31.976193
santander-cycles,Santander Cycles,London,GB,b6f5084be0c3ad9e5be9543651f265b4,"001004 - Doric Way , Somers Town",51.5288338,-0.132250369,20,27,47,2026-02-17 14:02:31.976194,2026-02-17 14:02:31.976195
santander-cycles,Santander Cycles,London,GB,b7208f4a50fc5ebd05cc965793d7d288,"001042 - Woodstock Street, Mayfair",51.51410514,-0.147301667,13,7,20,2026-02-17 14:02:31.976196,2026-02-17 14:02:31.976197
santander-cycles,Santander Cycles,London,GB,b77f782fb1f2a5abd8f1dea22b9b422d,"200182 - Rainville Road, Hammersmith",51.48373225,-0.223852256,15,20,35,2026-02-17 14:02:31.976199,2026-02-17 14:02:31.976200
santander-cycles,Santander Cycles,London,GB,b79b6cd1f4d455158a298d6165f3cdfa,"002679 - George Row, Bermondsey",51.498585,-0.068981764,0,21,21,2026-02-17 14:02:31.976201,2026-02-17 14:02:31.976202
santander-cycles,Santander Cycles,London,GB,b7c7d4a63b64fe581bf90c0f503ad850,"022159 - Ebury Bridge, Pimlico",51.490491,-0.149186,7,18,25,2026-02-17 14:02:31.976203,2026-02-17 14:02:31.976204
santander-cycles,Santander Cycles,London,GB,b80b80093cc313af910a2c5b031fbccc,"001137 - Harper Road, The Borough",51.49859784,-0.096191134,6,36,42,2026-02-17 14:02:31.976211,2026-02-17 14:02:31.976212
santander-cycles,Santander Cycles,London,GB,b81833c658539bb94d8aec6735fb8029,"001142 - Tooley Street, Bermondsey",51.5034938,-0.07962099,3,24,27,2026-02-17 14:02:31.976213,2026-02-17 14:02:31.976214
santander-cycles,Santander Cycles,London,GB,b85e28c21e5f79e0eeedb25b01bd7023,"003467 - Dock Street, Wapping",51.5097860151,-0.0681619805156,16,10,26,2026-02-17 14:02:31.976216,2026-02-17 14:02:31.976217
santander-cycles,Santander Cycles,London,GB,b88341cfa06cced2c4342ff5a26ff99d,"300231 - Lambeth Palace Road, Waterloo",51.5000891978,-0.116628700672,17,15,32,2026-02-17 14:02:31.976218,2026-02-17 14:02:31.976219
santander-cycles,Santander Cycles,London,GB,b91fe9edd1fe68c02e35c22992f206e3,"300054 - Chesilton Road, Fulham",51.47569809,-0.20587627,8,14,22,2026-02-17 14:02:31.976220,2026-02-17 14:02:31.976221
santander-cycles,Santander Cycles,London,GB,ba1926d10a426d5b3048a0fcf4ce777a,"001151 - Whitehall Place, Strand",51.50654321,-0.123179697,37,2,39,2026-02-17 14:02:31.976223,2026-02-17 14:02:31.976224
santander-cycles,Santander Cycles,London,GB,ba2cd8819fd868e29e2468cdba484f6f,"003497 - Rathbone Street, Fitzrovia",51.51816295,-0.135025698,14,2,16,2026-02-17 14:02:31.976225,2026-02-17 14:02:31.976226
santander-cycles,Santander Cycles,London,GB,ba9551ffdb93b1dabce99cafd7973461,"200049 - St. Katharine's Way, Tower",51.505697,-0.070542,2,21,23,2026-02-17 14:02:31.976227,2026-02-17 14:02:31.976228
santander-cycles,Santander Cycles,London,GB,ba9e95e11a120e75eeda6056cc2abbd3,"001055 - Wellington Road, St. John's Wood",51.53304322,-0.172528678,3,12,15,2026-02-17 14:02:31.976229,2026-02-17 14:02:31.976230
santander-cycles,Santander Cycles,London,GB,bafe2ed1fb333db963f305340c1ef993,"300247 - Cranmer Road, Stockwell",51.479601,-0.11147178,1,22,23,2026-02-17 14:02:31.976232,2026-02-17 14:02:31.976233
santander-cycles,Santander Cycles,London,GB,bba639efc6aa2bfb2fa3c9762ce92600,"003471 - Chadwell Street, Angel",51.53051587,-0.106408455,5,11,16,2026-02-17 14:02:31.976234,2026-02-17 14:02:31.976235
santander-cycles,Santander Cycles,London,GB,bbf7032a86f129ea4aff85a8c03fba45,"200067 - Princedale Road , Holland Park",51.50646524,-0.208486599,4,15,19,2026-02-17 14:02:31.976236,2026-02-17 14:02:31.976237
santander-cycles,Santander Cycles,London,GB,bc9352cb9f3a3437d85bf51e5748c262,"200019 - Malmesbury Road, Bow",51.529452,-0.027616,15,6,21,2026-02-17 14:02:31.976238,2026-02-17 14:02:31.976239
santander-cycles,Santander Cycles,London,GB,bca593837e5ed71410c9e529945554c7,"300097 - Gwendwr Road, West Kensington",51.491026,-0.209121,3,26,29,2026-02-17 14:02:31.976240,2026-02-17 14:02:31.976241
santander-cycles,Santander Cycles,London,GB,bca76764102e59f7ca3f9a0d85c89b9a,"300206 - Saltoun Road, Brixton",51.460232,-0.11537509,6,29,35,2026-02-17 14:02:31.976243,2026-02-17 14:02:31.976244
santander-cycles,Santander Cycles,London,GB,bd364689bad2536e3af104b403da4f9b,"022163 - Southwark Station 2, Southwark",51.504044,-0.104778,43,1,44,2026-02-17 14:02:31.976245,2026-02-17 14:02:31.976246
santander-cycles,Santander Cycles,London,GB,be5051500e91cfc0d0ec786281f23750,"300059 - The Blue, Bermondsey",51.492221,-0.06251309999998966,2,19,21,2026-02-17 14:02:31.976247,2026-02-17 14:02:31.976248
santander-cycles,Santander Cycles,London,GB,be8f8d329aa219de1a9d53bf3a24833c,"001179 - Chelsea Green, Chelsea",51.49066456,-0.166485083,11,1,12,2026-02-17 14:02:31.976250,2026-02-17 14:02:31.976250
santander-cycles,Santander Cycles,London,GB,bf6df1db7def4f320bacb16a643999e7,"003440 - Royal Avenue 1, Chelsea",51.489932,-0.162727,9,0,9,2026-02-17 14:02:31.976252,2026-02-17 14:02:31.976253
santander-cycles,Santander Cycles,London,GB,bfcb9cc430d19fd33ccef1a31eb34a39,"001139 - Carey Street, Holborn",51.51501025,-0.112753217,16,0,16,2026-02-17 14:02:31.976254,2026-02-17 14:02:31.976255
santander-cycles,Santander Cycles,London,GB,c05f04b34ae586704595eabcff60a4b6,"003473 - Belgrave Square, Belgravia",51.49941247,-0.152317537,9,10,19,2026-02-17 14:02:31.976256,2026-02-17 14:02:31.976257
santander-cycles,Santander Cycles,London,GB,c09593793e317790e76f8ed39696c485,"001222 - Goswell Road (City Uni), Finsbury",51.528246,-0.10102611,11,3,14,2026-02-17 14:02:31.976259,2026-02-17 14:02:31.976260
santander-cycles,Santander Cycles,London,GB,c1a56df0f3dff761f7955232efc5b3c2,"003456 - Portugal Street, Holborn",51.51494305,-0.11614642,14,0,14,2026-02-17 14:02:31.976261,2026-02-17 14:02:31.976262
santander-cycles,Santander Cycles,London,GB,c1eb30e4d2f4458fd6a41e4556047e37,"001206 - Montpelier Street, Knightsbridge",51.49888404,-0.165471605,15,0,15,2026-02-17 14:02:31.976263,2026-02-17 14:02:31.976264
santander-cycles,Santander Cycles,London,GB,c1ecc87208a30ee6ed7887fcadf07536,"200061 - Westfield Southern Terrace ,Shepherd's Bush",51.506256,-0.218337,16,13,29,2026-02-17 14:02:31.976265,2026-02-17 14:02:31.976266
santander-cycles,Santander Cycles,London,GB,c22e168276f2e869a2e4c0f19be3c3bd,"002633 - Palace Gardens Terrace, Notting Hill",51.50860544,-0.193764092,10,24,34,2026-02-17 14:02:31.976268,2026-02-17 14:02:31.976268
santander-cycles,Santander Cycles,London,GB,c2ccf91a06dab1e0506dc5ffc3936937,"001186 - Belvedere Road 1, South Bank",51.50613324,-0.114686385,35,3,38,2026-02-17 14:02:31.976270,2026-02-17 14:02:31.976271
santander-cycles,Santander Cycles,London,GB,c372997154f979a7f79fbf335ba008f2,"003481 - Rodney Road , Walworth",51.49148474,-0.090220911,0,23,23,2026-02-17 14:02:31.976272,2026-02-17 14:02:31.976273
santander-cycles,Santander Cycles,London,GB,c54e6050d68d16efd5ab004b93560c7e,"200192 - Fawcett Close, Battersea",51.46916161,-0.174485792,10,16,26,2026-02-17 14:02:31.976274,2026-02-17 14:02:31.976275
santander-cycles,Santander Cycles,London,GB,c5b540329d69c0cef8d2a49cf7f7a2fb,"300019 - Felsham Road, Putney",51.464786,-0.215618902,12,4,16,2026-02-17 14:02:31.976276,2026-02-17 14:02:31.976277
santander-cycles,Santander Cycles,London,GB,c6006053a8c0ef4c474eae5a3b0d035d,"200191 - Spencer Park, Wandsworth Common",51.4578702,-0.1746915999999885,10,15,25,2026-02-17 14:02:31.976279,2026-02-17 14:02:31.976280
santander-cycles,Santander Cycles,London,GB,c611c164e9c6b09dae6cbbf25274f23d,"200173 - Courland Grove, Wandsworth Road",51.4729184,-0.132102704,2,37,39,2026-02-17 14:02:31.976281,2026-02-17 14:02:31.976282
santander-cycles,Santander Cycles,London,GB,c67cf776725bf48f5b151fd06b6285b5,"300039 - Wendon Street, Old Ford",51.53603947,-0.026262677,9,9,18,2026-02-17 14:02:31.976283,2026-02-17 14:02:31.976284
santander-cycles,Santander Cycles,London,GB,c68f812c22596a520fa7cd2fee575e8d,"001159 - Berry Street, Clerkenwell",51.52285301,-0.099994052,33,3,36,2026-02-17 14:02:31.976286,2026-02-17 14:02:31.976287
santander-cycles,Santander Cycles,London,GB,c787b35138626eb5eb146e2c81e870e7,"300068 - Humbolt Road, Fulham",51.48321729,-0.211860644,0,25,25,2026-02-17 14:02:31.976288,2026-02-17 14:02:31.976289
santander-cycles,Santander Cycles,London,GB,c7c51ba2cbfd810b0f5b0d89f4349ff0,"001080 - Great Tower Street, Monument",51.51048489,-0.082989638,12,8,20,2026-02-17 14:02:31.976290,2026-02-17 14:02:31.976291
santander-cycles,Santander Cycles,London,GB,c86fef1505575a6c05e04db9ca1d7a95,"200064 - Regent's Row , Haggerston",51.535678,-0.062546,9,13,22,2026-02-17 14:02:31.976292,2026-02-17 14:02:31.976293
santander-cycles,Santander Cycles,London,GB,c8bdcf3ed82231a237888af8de2da458,"300080 - Culvert Road, Battersea",51.4710956,-0.157850096,16,10,26,2026-02-17 14:02:31.976295,2026-02-17 14:02:31.976296
santander-cycles,Santander Cycles,London,GB,c93a29476bef09b1d11ab598160c28f4,"000992 - St. John Street, Finsbury",51.52836014,-0.104724625,7,10,17,2026-02-17 14:02:31.976297,2026-02-17 14:02:31.976298
santander-cycles,Santander Cycles,London,GB,c967d4d35ecb709d9a1b9084e9de7991,"002665 - Lord's, St. John's Wood",51.5291212008901,-0.171185284853,14,10,24,2026-02-17 14:02:31.976299,2026-02-17 14:02:31.976300
santander-cycles,Santander Cycles,London,GB,c96940e376246397b21367f2ded1dfd2,"200015 - Ladbroke Grove Central, Ladbroke Grove",51.511624,-0.205921,1,20,21,2026-02-17 14:02:31.976306,2026-02-17 14:02:31.976307
santander-cycles,Santander Cycles,London,GB,c98f62c5d42352a3d934b1132e9c6950,"001044 - The Guildhall, Guildhall",51.51573534,-0.093080779,15,1,16,2026-02-17 14:02:31.976308,2026-02-17 14:02:31.976309
santander-cycles,Santander Cycles,London,GB,ca223882f068af0108340b1129004400,"200053 - Killick Street, King's Cross",51.5338,-0.118677,21,0,21,2026-02-17 14:02:31.976310,2026-02-17 14:02:31.976311
santander-cycles,Santander Cycles,London,GB,ca789275d1eefb41eb4c5882f709ddbc,"300216 - Gas Holders, Battersea Park",51.477966,-0.14785703,15,8,23,2026-02-17 14:02:31.976313,2026-02-17 14:02:31.976314
santander-cycles,Santander Cycles,London,GB,ca95c11b4be680ac88a023c0544a9f0a,"200159 - Goldsmith's Row, Haggerston",51.531864,-0.066035,22,2,24,2026-02-17 14:02:31.976315,2026-02-17 14:02:31.976316
santander-cycles,Santander Cycles,London,GB,cb8d64ceca4f008983502256de21105b,"001167 - South Wharf Road, Paddington",51.51733558,-0.175810943,11,2,13,2026-02-17 14:02:31.976317,2026-02-17 14:02:31.976318
santander-cycles,Santander Cycles,London,GB,cbee2dce2bbc322f7e83b4d9f08c2006,"200229 - Fulham Park Road, Fulham",51.473471,-0.20782,2,24,26,2026-02-17 14:02:31.976319,2026-02-17 14:02:31.976320
santander-cycles,Santander Cycles,London,GB,cbfcf12500f8b93b594e821ce1bdff87,"001047 - Falkirk Street, Hoxton",51.53095071,-0.078505384,15,10,25,2026-02-17 14:02:31.976322,2026-02-17 14:02:31.976323
santander-cycles,Santander Cycles,London,GB,cbfdd7b66cc21a9d41f6b6987ac96fb3,"300226 - Copper Box Arena, Queen Elizabeth Olympic Park",51.544909,-0.0205426,1,30,31,2026-02-17 14:02:31.976324,2026-02-17 14:02:31.976325
santander-cycles,Santander Cycles,London,GB,cc613f88040fad899933fccac3a43d67,"200187 - Morie Street, Wandsworth",51.45995384,-0.190184054,18,9,27,2026-02-17 14:02:31.976326,2026-02-17 14:02:31.976327
santander-cycles,Santander Cycles,London,GB,ccbe01fc953e48e3490729699f9071bf,"200098 - Aintree Street, Fulham",51.48102131,-0.209973497,1,22,23,2026-02-17 14:02:31.976328,2026-02-17 14:02:31.976329
santander-cycles,Santander Cycles,London,GB,ccd031a36e054c2989189818d02195af,"002682 - Turquoise Island, Notting Hill",51.51431171,-0.200838199,15,5,20,2026-02-17 14:02:31.976331,2026-02-17 14:02:31.976331
santander-cycles,Santander Cycles,London,GB,cd36726ef28e2fafac83653494196bb6,"200080 - Russell Gardens, Olympia",51.500088,-0.211316,0,23,23,2026-02-17 14:02:31.976333,2026-02-17 14:02:31.976334
santander-cycles,Santander Cycles,London,GB,cd3e444571fd09b673c092f8e3bfbb52,"001134 - Warwick Road, Olympia",51.49671237,-0.20528437,0,32,32,2026-02-17 14:02:31.976335,2026-02-17 14:02:31.976336
santander-cycles,Santander Cycles,London,GB,cd6c181cd00ff28ffd8456e2e2b896ba,"001146 - Tysoe Street, Clerkenwell",51.52644342,-0.109256828,20,0,20,2026-02-17 14:02:31.976337,2026-02-17 14:02:31.976338
santander-cycles,Santander Cycles,London,GB,cda3e1dfbb85c291f1d7f50af91e4e4b,"001048 - Queen Victoria Street, St. Paul's",51.51196176,-0.097441687,26,0,26,2026-02-17 14:02:31.976342,2026-02-17 14:02:31.976343
santander-cycles,Santander Cycles,London,GB,cde4356f52b190dd5030e939e2ab8e5d,"001160 - Craven Street, Strand",51.50810309,-0.12602103,16,2,18,2026-02-17 14:02:31.976345,2026-02-17 14:02:31.976346
santander-cycles,Santander Cycles,London,GB,ce35f1c4c63edf5aafb5a5c4c4d0d59e,"000985 - Hatton Garden, Holborn",51.51882555,-0.108028472,22,3,25,2026-02-17 14:02:31.976347,2026-02-17 14:02:31.976348
santander-cycles,Santander Cycles,London,GB,ce3a271d24b321f0c5f986f81d04e4b0,"003504 - Moor Street, Soho",51.51352755,-0.130110822,12,2,14,2026-02-17 14:02:31.976349,2026-02-17 14:02:31.976350
santander-cycles,Santander Cycles,London,GB,ce4c49a845b47ebc7c7a4881d4543798,"300225 - Normandy Road, Stockwell",51.473874,-0.11258096,3,27,30,2026-02-17 14:02:31.976351,2026-02-17 14:02:31.976352
santander-cycles,Santander Cycles,London,GB,cf1c7f499d25de073d091384bab78f13,"300001 - Sandilands Road, Walham Green",51.473611,-0.191803,2,16,18,2026-02-17 14:02:31.976354,2026-02-17 14:02:31.976355
santander-cycles,Santander Cycles,London,GB,cf2e61a4009ebabea219ce8b4aad0705,"200227 - Westfield Library Corner, Shepherd's Bush",51.506093,-0.2242237,4,19,23,2026-02-17 14:02:31.976356,2026-02-17 14:02:31.976357
santander-cycles,Santander Cycles,London,GB,cf4ca508a267b39144c43767b17eb289,"200035 - Walmer Road, Avondale",51.510101,-0.211358,2,22,24,2026-02-17 14:02:31.976358,2026-02-17 14:02:31.976359
santander-cycles,Santander Cycles,London,GB,cf622f2834d603950474e3f50d1432fd,"002677 - Natural History Museum, South Kensington",51.49559291,-0.179077626,40,0,40,2026-02-17 14:02:31.976360,2026-02-17 14:02:31.976361
santander-cycles,Santander Cycles,London,GB,cfccd57188cb7ecee3d3941ab2faa090,"200125 - Putney Bridge Station, Fulham",51.468814,-0.210279,4,16,20,2026-02-17 14:02:31.976363,2026-02-17 14:02:31.976364
santander-cycles,Santander Cycles,London,GB,d042ccbaa7670a7032c4691d111e3afa,"003498 - Geraldine Street, Elephant & Castle",51.49612799,-0.106000855,1,15,16,2026-02-17 14:02:31.976365,2026-02-17 14:02:31.976366
santander-cycles,Santander Cycles,London,GB,d0ca154129878ce71261d563d8da9238,"001013 - St. Chad's Street, King's Cross",51.53005939,-0.120973687,21,1,22,2026-02-17 14:02:31.976367,2026-02-17 14:02:31.976368
santander-cycles,Santander Cycles,London,GB,d0fc27bc82f47b9966c048ae5d93878b,"300032 - Victoria & Albert Museum, South Kensington",51.495898,-0.17300900000000752,14,14,28,2026-02-17 14:02:31.976369,2026-02-17 14:02:31.976370
santander-cycles,Santander Cycles,London,GB,d23bdc60c7b171b0f09176786b7f50f6,"200081 - Coomer Place, West Kensington",51.4835707,-0.2020387000000028,10,15,25,2026-02-17 14:02:31.976372,2026-02-17 14:02:31.976372
santander-cycles,Santander Cycles,London,GB,d280b7b63da641de8de0eb9afbba3ff7,"200157 - Fournier Street, Whitechapel",51.519362,-0.074431,14,1,15,2026-02-17 14:02:31.976374,2026-02-17 14:02:31.976375
santander-cycles,Santander Cycles,London,GB,d2f24b0789a5bdeca881d2fd9cd4f5fd,"001227 - Devonshire Terrace, Bayswater",51.51348,-0.17977,1,14,15,2026-02-17 14:02:31.976376,2026-02-17 14:02:31.976377
santander-cycles,Santander Cycles,London,GB,d2f75c44903053f21734412f3f99f78c,"022166 - Albert Gardens, Stepney",51.51328,-0.047784,12,20,32,2026-02-17 14:02:31.976378,2026-02-17 14:02:31.976379
santander-cycles,Santander Cycles,London,GB,d36ee573e5439138ff56a137ec945093,"300241 - Handyside Street, King's Cross",51.5372406,-0.12480740000000878,18,7,25,2026-02-17 14:02:31.976380,2026-02-17 14:02:31.976381
santander-cycles,Santander Cycles,London,GB,d3743c478be53f618f6a517de8c87131,"200115 - Flamborough Street, Limehouse",51.5128711,-0.0389866,1,24,25,2026-02-17 14:02:31.976384,2026-02-17 14:02:31.976385
santander-cycles,Santander Cycles,London,GB,d3d8bc219909f1ba1ab0edeed054a0b0,"200156 - Pott Street, Bethnal Green",51.527152,-0.058005,6,13,19,2026-02-17 14:02:31.976386,2026-02-17 14:02:31.976387
santander-cycles,Santander Cycles,London,GB,d44450634cab6bc0308883311ae165ea,"003485 - Tyers Gate, Bermondsey",51.50088934,-0.083159352,20,14,34,2026-02-17 14:02:31.976389,2026-02-17 14:02:31.976390
santander-cycles,Santander Cycles,London,GB,d46fb01d95c44d99b48a515a6fc304ed,"000995 - Little Argyll Street, West End",51.51449962,-0.141423695,20,0,20,2026-02-17 14:02:31.976391,2026-02-17 14:02:31.976392
santander-cycles,Santander Cycles,London,GB,d54e6ee2ad4516115f5db2664ad429c4,"001219 - Lower Marsh, Waterloo",51.5001394,-0.11393599999999537,10,5,15,2026-02-17 14:02:31.976393,2026-02-17 14:02:31.976394
santander-cycles,Santander Cycles,London,GB,d60c008e1f0fd885ba1086e592274386,"200148 - Ansell House, Stepney",51.520019,-0.05438,0,36,36,2026-02-17 14:02:31.976395,2026-02-17 14:02:31.976396
santander-cycles,Santander Cycles,London,GB,d6508a1b88c9ad396ab48658a7aaf8c7,"200011 - Furze Green, Bow",51.519265,-0.021345,0,33,33,2026-02-17 14:02:31.976398,2026-02-17 14:02:31.976399
santander-cycles,Santander Cycles,London,GB,d68d55f9fc5a6ecc846d4e51d9bab5bd,"000993 - Drummond Street , Euston",51.527326,-0.13605286,2,25,27,2026-02-17 14:02:31.976404,2026-02-17 14:02:31.976405
santander-cycles,Santander Cycles,London,GB,d6e1b9e0c27bc47a8adb706ca8755bfd,"300228 - Westferry Circus, Canary Wharf",51.5057030357,-0.0277727426235,21,10,31,2026-02-17 14:02:31.976407,2026-02-17 14:02:31.976408
santander-cycles,Santander Cycles,London,GB,d72f1e4f9fcc28128a22a35b05589049,"001025 - Bolsover Street, Fitzrovia",51.52351808,-0.143613641,13,3,16,2026-02-17 14:02:31.976409,2026-02-17 14:02:31.976410
santander-cycles,Santander Cycles,London,GB,d79e95513c3b5e1d3c78a65874054481,"200178 - Buckingham Gate, Westminster",51.49886563,-0.137424571,15,1,16,2026-02-17 14:02:31.976411,2026-02-17 14:02:31.976412
santander-cycles,Santander Cycles,London,GB,d82e649d2c8945a4fe10818a3b3a6517,"010621 - Upper Grosvenor Street, Mayfair",51.51013066,-0.155757901,9,8,17,2026-02-17 14:02:31.976413,2026-02-17 14:02:31.976414
santander-cycles,Santander Cycles,London,GB,d846a6e65490cdd1dd9ce3781de74e31,"001076 - Walnut Tree Walk, Vauxhall",51.49368637,-0.111014912,0,19,19,2026-02-17 14:02:31.976416,2026-02-17 14:02:31.976417
santander-cycles,Santander Cycles,London,GB,d86287521da384a2de8efb32dfc81ae7,"001223 - Buxton Street 1, Shoreditch",51.521776,-0.068856,26,15,41,2026-02-17 14:02:31.976418,2026-02-17 14:02:31.976419
santander-cycles,Santander Cycles,London,GB,d86c98696da3a97e114e02cc098b1960,"300253 - Bermondsey Station, Bermondsey",51.497995,-0.063471392,1,29,30,2026-02-17 14:02:31.976420,2026-02-17 14:02:31.976421
santander-cycles,Santander Cycles,London,GB,d8c7f5fc1ef650ef9609a03113f42d44,"002649 - Sardinia Street, Holborn",51.515208,-0.117863,17,1,18,2026-02-17 14:02:31.976422,2026-02-17 14:02:31.976423
santander-cycles,Santander Cycles,London,GB,d8ec12853314db604ab4ea2bac6b1b02,"200246 - Eagle Wharf Road, Hoxton",51.53356,-0.09315,29,15,44,2026-02-17 14:02:31.976425,2026-02-17 14:02:31.976426
santander-cycles,Santander Cycles,London,GB,d909c7c79018edca6ff5562af099e530,"300035 - Carnegie Street, King's Cross",51.53546778,-0.11619105,30,9,39,2026-02-17 14:02:31.976427,2026-02-17 14:02:31.976428
santander-cycles,Santander Cycles,London,GB,d934ab5acccbbb3f3355b65760d2c188,"003457 - Rochester Row, Westminster",51.49582705,-0.13547809,5,7,12,2026-02-17 14:02:31.976429,2026-02-17 14:02:31.976430
santander-cycles,Santander Cycles,London,GB,da31d4ed316bd9f373b9b65226e8bd9f,"300087 - Imperial Road, Sands End",51.47514228,-0.187278987,11,25,36,2026-02-17 14:02:31.976431,2026-02-17 14:02:31.976432
santander-cycles,Santander Cycles,London,GB,da61fca03c4104d78ab79bb275f31d90,"001074 - Newgate Street , St. Paul's",51.515768,-0.09989400000000614,21,14,35,2026-02-17 14:02:31.976434,2026-02-17 14:02:31.976435
santander-cycles,Santander Cycles,London,GB,daf86fce908419d1cc3c5ef61ce440db,"001164 - Portland Place, Marylebone",51.52071513,-0.14521173,34,0,34,2026-02-17 14:02:31.976436,2026-02-17 14:02:31.976437
santander-cycles,Santander Cycles,London,GB,db1aaa3d9c09d35e9eb601319d251acb,"300048 - Stainsby Road , Poplar",51.51542791,-0.02356501,0,23,23,2026-02-17 14:02:31.976438,2026-02-17 14:02:31.976439
santander-cycles,Santander Cycles,London,GB,db33eceb9f98581655c2685f7e811d8f,"001202 - Wellington Street , Strand",51.51175646,-0.119643424,18,2,20,2026-02-17 14:02:31.976440,2026-02-17 14:02:31.976441
santander-cycles,Santander Cycles,London,GB,db5d85f5545c138a6e65c603a1b414f4,"001165 - Riverlight North, Nine Elms",51.482362,-0.13612398,5,18,23,2026-02-17 14:02:31.976443,2026-02-17 14:02:31.976444
santander-cycles,Santander Cycles,London,GB,db5f489cd151eb1dde78ab05e0cf806a,"003500 - Baldwin Street, St. Luke's",51.52702563,-0.088542771,15,0,15,2026-02-17 14:02:31.976445,2026-02-17 14:02:31.976446
santander-cycles,Santander Cycles,London,GB,db79d474fae5452c0ee6cfa826d14442,"300075 - Upcerne Road, West Chelsea",51.47816972,-0.18243547,2,27,29,2026-02-17 14:02:31.976447,2026-02-17 14:02:31.976448
santander-cycles,Santander Cycles,London,GB,dbb810088675fbd1e9fb791148c0675c,"002678 - Farm Street, Mayfair",51.50935171,-0.14744969,14,1,15,2026-02-17 14:02:31.976449,2026-02-17 14:02:31.976450
santander-cycles,Santander Cycles,London,GB,dbc74342043fe3729612c883c38be598,"001107 - Gloucester Road Station, South Kensington",51.49418566,-0.18267094,7,6,13,2026-02-17 14:02:31.976452,2026-02-17 14:02:31.976453
santander-cycles,Santander Cycles,London,GB,dc04adbb0f5cfea08ea94409b46aaf59,"200043 - Bishop's Avenue, Fulham",51.47303687,-0.214749808,16,28,44,2026-02-17 14:02:31.976454,2026-02-17 14:02:31.976455
santander-cycles,Santander Cycles,London,GB,dc715dea9f96b012c42159a14722b9a8,"200250 - Cleveland Way, Stepney",51.520893,-0.051394,18,18,36,2026-02-17 14:02:31.976456,2026-02-17 14:02:31.976457
santander-cycles,Santander Cycles,London,GB,dc7927f5839ade3e41b03c1ce9d1bfaf,"200181 - Richmond Way, Shepherd's Bush",51.50035306,-0.217515071,1,25,26,2026-02-17 14:02:31.976459,2026-02-17 14:02:31.976459
santander-cycles,Santander Cycles,London,GB,dca9de463259af41bb1ec875b1ce4e72,"022175 - Canton Street, Poplar",51.511811,-0.025626,1,19,20,2026-02-17 14:02:31.976461,2026-02-17 14:02:31.976462
santander-cycles,Santander Cycles,London,GB,dccac47ca79292c05ee74492b18f4b17,"001123 - Southampton Place, Holborn",51.51760685,-0.121328408,8,11,19,2026-02-17 14:02:31.976463,2026-02-17 14:02:31.976464
santander-cycles,Santander Cycles,London,GB,dce2d3b338d1dd6dec93a88a43cad53e,"000996 - Borough High Street, The Borough",51.50069491,-0.094524319,11,10,21,2026-02-17 14:02:31.976465,2026-02-17 14:02:31.976466
santander-cycles,Santander Cycles,London,GB,ddd725293d95765460863e665a2656b2,"002660 - Frith Street, Soho",51.51310333,-0.13121385,16,1,17,2026-02-17 14:02:31.976468,2026-02-17 14:02:31.976469
santander-cycles,Santander Cycles,London,GB,de39548e3080840044daaa7b1e053c59,"001033 - Paddington Street, Marylebone",51.52058381,-0.154701411,7,5,12,2026-02-17 14:02:31.976470,2026-02-17 14:02:31.976471
santander-cycles,Santander Cycles,London,GB,decc690ca8ab17c12d3cb560edc3a123,"200120 - Grant Road East, Clapham Junction",51.46489445,-0.17302926,14,12,26,2026-02-17 14:02:31.976472,2026-02-17 14:02:31.976473
santander-cycles,Santander Cycles,London,GB,df7141a19f8de7e207181417c169f5f1,"300078 - Oxford Road, Putney",51.46079243,-0.212607684,1,18,19,2026-02-17 14:02:31.976474,2026-02-17 14:02:31.976475
santander-cycles,Santander Cycles,London,GB,df9f5907d8bc1abc5886ab3e8f030292,"001115 - Ilchester Place, Kensington",51.50074359,-0.202759212,10,13,23,2026-02-17 14:02:31.976477,2026-02-17 14:02:31.976478
santander-cycles,Santander Cycles,London,GB,dfd18ac5219ce5af07ec776558277ed0,"003496 - St Mary's Hospital, Paddington",51.518268,-0.17110323,2,17,19,2026-02-17 14:02:31.976479,2026-02-17 14:02:31.976480
santander-cycles,Santander Cycles,London,GB,dff281ce9f8b930df02aafdbf73003cf,"200112 - Cadogan Close, Victoria Park",51.54211855,-0.028941601,10,10,20,2026-02-17 14:02:31.976481,2026-02-17 14:02:31.976482
santander-cycles,Santander Cycles,London,GB,dffa4521a68058f10574f66997d074d1,"001117 - Lambeth North Station, Waterloo",51.49914063,-0.112031483,6,13,19,2026-02-17 14:02:31.976483,2026-02-17 14:02:31.976484
santander-cycles,Santander Cycles,London,GB,e009f8e00b6b4d799332ba17e7571c7d,"001141 - Kingsway, Covent Garden",51.51440928,-0.118478757,10,3,13,2026-02-17 14:02:31.976486,2026-02-17 14:02:31.976487
santander-cycles,Santander Cycles,London,GB,e01094f7ad40343a0c7adac3e4bcad65,"003501 - Clifton Street, Shoreditch",51.523196,-0.083067,22,2,24,2026-02-17 14:02:31.976488,2026-02-17 14:02:31.976489
santander-cycles,Santander Cycles,London,GB,e033aeb17f71fe2629dd375e23e2719e,"022177 - Christian Street, Whitechapel",51.513074,-0.064094,18,15,33,2026-02-17 14:02:31.976490,2026-02-17 14:02:31.976491
santander-cycles,Santander Cycles,London,GB,e0448008c5b5a4e4f54fa021cf0136bb,"200248 - Pitfield Street Central, Hoxton",51.53213,-0.08299,9,20,29,2026-02-17 14:02:31.976492,2026-02-17 14:02:31.976493
santander-cycles,Santander Cycles,London,GB,e0a8b18d7e0f8a272511829ae88a9e0f,"200074 - Bury Place, Holborn",51.51742,-0.12318999999999392,17,2,19,2026-02-17 14:02:31.976496,2026-02-17 14:02:31.976497
santander-cycles,Santander Cycles,London,GB,e0bd52c7b3db937a18db01cbf8f3ae6c,"003476 - Hinde Street, Marylebone",51.51681444,-0.151926305,19,1,20,2026-02-17 14:02:31.976499,2026-02-17 14:02:31.976500
santander-cycles,Santander Cycles,London,GB,e13b60d2ff2316396077beb9f6e950e2,"200013 - Aston Street, Stepney",51.516,-0.038775,15,8,23,2026-02-17 14:02:31.976501,2026-02-17 14:02:31.976502
santander-cycles,Santander Cycles,London,GB,e14fe63baf41df4b9f0b96bee6895267,"003484 - Houghton Street, Strand",51.51362054,-0.116764211,13,0,13,2026-02-17 14:02:31.976503,2026-02-17 14:02:31.976504
santander-cycles,Santander Cycles,London,GB,e20d1f7e5f0847bd698ea436d42a36c8,"200234 - Bancroft Road, Bethnal Green",51.526041,-0.047218,5,14,19,2026-02-17 14:02:31.976505,2026-02-17 14:02:31.976506
santander-cycles,Santander Cycles,London,GB,e246cab8ca7171880ed17355c942ae39,"000962 - Stamford Street, South Bank",51.50556905,-0.111606696,26,0,26,2026-02-17 14:02:31.976508,2026-02-17 14:02:31.976509
santander-cycles,Santander Cycles,London,GB,e274e9785a3243ff0dd9f80bedce6ab2,"200166 - Southerton Road, Hammersmith",51.494499,-0.228188,10,26,36,2026-02-17 14:02:31.976510,2026-02-17 14:02:31.976511
santander-cycles,Santander Cycles,London,GB,e2dd673fde5f5bfda209f389b806a4e5,"001097 - Northumberland Avenue, Strand",51.506767,-0.123702,21,12,33,2026-02-17 14:02:31.976512,2026-02-17 14:02:31.976513
santander-cycles,Santander Cycles,London,GB,e2ef8ca72bdfc8661d4045ab1a27bfa7,"300006 - Clapham South, Clapham South",51.452997,-0.1486519000000044,3,24,27,2026-02-17 14:02:31.976514,2026-02-17 14:02:31.976515
santander-cycles,Santander Cycles,London,GB,e3510c1d72764fdb985f5fa0dd6febe3,"300063 - Burgess Park Albany Road, Walworth",51.48224,-0.0942844,2,26,28,2026-02-17 14:02:31.976517,2026-02-17 14:02:31.976518
santander-cycles,Santander Cycles,London,GB,e387517d593a5fb0f9285d10114b7be9,"001046 - Vauxhall Bridge , Pimlico",51.48836528,-0.129361842,2,31,33,2026-02-17 14:02:31.976519,2026-02-17 14:02:31.976520
santander-cycles,Santander Cycles,London,GB,e390d1a827cc7a4b29404540deaf3f44,"200253 - Fore Street Avenue, Guildhall",51.517842,-0.090075,16,2,18,2026-02-17 14:02:31.976521,2026-02-17 14:02:31.976522
santander-cycles,Santander Cycles,London,GB,e4092354360fe82a6c5934e2a8a2dd88,"002696 - Waterloo Station 1, Waterloo",51.50402794,-0.11386436,15,18,33,2026-02-17 14:02:31.976523,2026-02-17 14:02:31.976524
santander-cycles,Santander Cycles,London,GB,e48ca76cc8c32733296354cb32cdfe34,"003492 - Putney Pier, Wandsworth",51.466907,-0.216573,19,8,27,2026-02-17 14:02:31.976526,2026-02-17 14:02:31.976527
santander-cycles,Santander Cycles,London,GB,e4b16b74ee97108fd8e5fd9cebbcd480,"001161 - Brushfield Street, Liverpool Street",51.518908,-0.079249,26,4,30,2026-02-17 14:02:31.976528,2026-02-17 14:02:31.976529
santander-cycles,Santander Cycles,London,GB,e4bbecc2e5e4904f78cedff88b279859,"200083 - Pritchard's Road, Bethnal Green",51.532091,-0.061419999999998254,9,21,30,2026-02-17 14:02:31.976530,2026-02-17 14:02:31.976531
santander-cycles,Santander Cycles,London,GB,e51dfccac7bfccebc14b422e6d20103e,"003494 - Foley Street, Fitzrovia",51.51918144,-0.140485596,17,5,22,2026-02-17 14:02:31.976532,2026-02-17 14:02:31.976533
santander-cycles,Santander Cycles,London,GB,e54b6b92660d5707a55c3b22be51df61,"300015 - Binfield Road, Stockwell",51.47250956,-0.122831913,3,29,32,2026-02-17 14:02:31.976535,2026-02-17 14:02:31.976536
santander-cycles,Santander Cycles,London,GB,e5bef29f53361738b2e94538ca9d8a9a,"300210 - Halford Road, West Kensington",51.483911,-0.19760944,5,18,23,2026-02-17 14:02:31.976537,2026-02-17 14:02:31.976538
santander-cycles,Santander Cycles,London,GB,e6e811c6c149dd40b03bde12f529f00f,"001116 - Emperor's Gate, South Kensington",51.49536226,-0.185296516,6,14,20,2026-02-17 14:02:31.976539,2026-02-17 14:02:31.976540
santander-cycles,Santander Cycles,London,GB,e7899ea58fd18b220d81d76c035834cf,"003445 - Shoreditch High Street, Shoreditch",51.5263778,-0.078130921,29,10,39,2026-02-17 14:02:31.976541,2026-02-17 14:02:31.976542
santander-cycles,Santander Cycles,London,GB,e7f0bedd4f3f1a1bd7ee7dd18e53c6c9,"200124 - Clarendon Road, Avondale",51.51323001,-0.211593602,13,11,24,2026-02-17 14:02:31.976544,2026-02-17 14:02:31.976545
santander-cycles,Santander Cycles,London,GB,e8319b89edd629fd4a9d479c06a915d8,"200031 - East Ferry Road, Cubitt Town",51.49447,-0.014409,15,2,17,2026-02-17 14:02:31.976546,2026-02-17 14:02:31.976547
santander-cycles,Santander Cycles,London,GB,e8460349200c2c3cbdf5507a5c62d027,"300005 - Ethelburga Estate, Battersea Park",51.47729232,-0.16478637,0,28,28,2026-02-17 14:02:31.976548,2026-02-17 14:02:31.976549
santander-cycles,Santander Cycles,London,GB,e86816da68dcd5515cec681508aa7ef3,"300020 - West Kensington Station, West Kensington",51.49087074,-0.206029743,8,10,18,2026-02-17 14:02:31.976551,2026-02-17 14:02:31.976552
santander-cycles,Santander Cycles,London,GB,e86f0e7be2bdfddfdf8d23e3131d5bae,"001087 - Belgrave Road, Victoria",51.49320445,-0.144132875,21,6,27,2026-02-17 14:02:31.976553,2026-02-17 14:02:31.976554
santander-cycles,Santander Cycles,London,GB,e8d1dc1f1e8d2256332ed6e32f5921ab,"300244 - The Metropolitan, Portobello",51.520509,-0.20080483,4,13,17,2026-02-17 14:02:31.976555,2026-02-17 14:02:31.976556
santander-cycles,Santander Cycles,London,GB,e974bfb695fd324185c8b5ea9dd8e76f,"300099 - Adeline Place, Bloomsbury",51.517632,-0.12998569999999177,18,2,20,2026-02-17 14:02:31.976557,2026-02-17 14:02:31.976558
santander-cycles,Santander Cycles,London,GB,e9ab8c33c1f3332a109135bb8f4958bf,"001079 - Endsleigh Gardens, Euston",51.52683806,-0.130504336,24,7,31,2026-02-17 14:02:31.976560,2026-02-17 14:02:31.976561
santander-cycles,Santander Cycles,London,GB,ea874ae5b3d911e3b77df302446bc911,"003493 - South Audley Street, Mayfair",51.50923,-0.15128999999998882,12,3,15,2026-02-17 14:02:31.976562,2026-02-17 14:02:31.976563
santander-cycles,Santander Cycles,London,GB,eaeacbf1ade80d293e545af87b12daa7,"200240 - Ferndale Road, Brixton",51.464019,-0.11578197,3,25,28,2026-02-17 14:02:31.976564,2026-02-17 14:02:31.976565
santander-cycles,Santander Cycles,London,GB,eb1ce4c4c8806e9b99d126f4fd4804c8,"200200 - Great Suffolk Street, The Borough",51.50173215,-0.100292412,12,9,21,2026-02-17 14:02:31.976567,2026-02-17 14:02:31.976568
santander-cycles,Santander Cycles,London,GB,eb47143bda16b9e140e9c0ebaaad79e5,"001036 - Crawford Street, Marylebone",51.52026,-0.157183945,10,5,15,2026-02-17 14:02:31.976572,2026-02-17 14:02:31.976573
santander-cycles,Santander Cycles,London,GB,eb5ff084d999d5a3e9e541fc821123fd,"200047 - Bethnal Green Garden, Bethnal Green",51.52568,-0.055312,6,17,23,2026-02-17 14:02:31.976574,2026-02-17 14:02:31.976575
santander-cycles,Santander Cycles,London,GB,eb6118aa3239e9efa04140f0b59d1421,"003423 - Maida Vale, Maida Vale",51.529857,-0.18348604,10,25,35,2026-02-17 14:02:31.976576,2026-02-17 14:02:31.976577
santander-cycles,Santander Cycles,London,GB,ebcb5f647d30835e95342f8c47c7b3ad,"001111 - St. Pancras Way, Camden Town",51.537071,-0.13285010000001307,3,16,19,2026-02-17 14:02:31.976578,2026-02-17 14:02:31.976579
santander-cycles,Santander Cycles,London,GB,ebe16a8a0722ff26b583e2bda9cd1af4,"001009 - Taviton Street, Bloomsbury",51.52505093,-0.131161087,11,14,25,2026-02-17 14:02:31.976581,2026-02-17 14:02:31.976582
santander-cycles,Santander Cycles,London,GB,ec216701477953002c2cc922394e7c3d,"003428 - Pancras Road, King's Cross",51.5341235,-0.129386874,11,2,13,2026-02-17 14:02:31.976583,2026-02-17 14:02:31.976584
santander-cycles,Santander Cycles,London,GB,ec40caa9740d30e716b10db4d18b7b76,"200231 - Abingdon Green, Westminster",51.49764,-0.12597218,19,0,19,2026-02-17 14:02:31.976585,2026-02-17 14:02:31.976586
santander-cycles,Santander Cycles,London,GB,ecd177cb46c6118e64a17c69d05497d9,"003444 - Penywern Road, Earl's Court",51.49159394,-0.192369256,7,10,17,2026-02-17 14:02:31.976588,2026-02-17 14:02:31.976588
santander-cycles,Santander Cycles,London,GB,ed34565ea651bcc1889a3caa0d4b0a49,"200037 - Rectory Square, Stepney",51.518369,-0.043371,1,20,21,2026-02-17 14:02:31.976591,2026-02-17 14:02:31.976592
santander-cycles,Santander Cycles,London,GB,ed680c5a625ce29ae517b0bd0b063b0f,"300031 - Islington Green, Angel",51.53638435,-0.102757578,6,13,19,2026-02-17 14:02:31.976594,2026-02-17 14:02:31.976595
santander-cycles,Santander Cycles,London,GB,ee5b657420a4bbb92081e8a2b7a401fc,"001027 - Warwick Avenue Station, Maida Vale",51.52334476,-0.183846408,2,16,18,2026-02-17 14:02:31.976596,2026-02-17 14:02:31.976597
santander-cycles,Santander Cycles,London,GB,ee629e8773009cbf69147ffa2beb9871,"200179 - Silverthorne Road, Battersea",51.47286577,-0.148059277,6,22,28,2026-02-17 14:02:31.976598,2026-02-17 14:02:31.976599
santander-cycles,Santander Cycles,London,GB,ee6b962d29901c9b17aab7f4142fd36c,"200146 - Newby Place, Poplar",51.508896,-0.012413,12,2,14,2026-02-17 14:02:31.976600,2026-02-17 14:02:31.976601
santander-cycles,Santander Cycles,London,GB,ee8c0232639e1cdad44a75f9a59549a5,"300224 - New Spring Gardens Walk, Vauxhall",51.4878074485,-0.122759625866,19,13,32,2026-02-17 14:02:31.976603,2026-02-17 14:02:31.976604
santander-cycles,Santander Cycles,London,GB,eeb8609cd4d2f66e9d4bd9d057d711ab,"200219 - Osiers Road, Wandsworth",51.46067005,-0.198735357,0,29,29,2026-02-17 14:02:31.976605,2026-02-17 14:02:31.976606
santander-cycles,Santander Cycles,London,GB,ef86a674024a6dd3494b982c2c80fc0a,"000984 - Finsbury Circus, Liverpool Street",51.51707521,-0.086685542,13,16,29,2026-02-17 14:02:31.976607,2026-02-17 14:02:31.976608
santander-cycles,Santander Cycles,London,GB,ef8de55fa4b4d20044bf7ebd22e82f1a,"003468 - Margery Street, Clerkenwell",51.52659961,-0.112432615,9,10,19,2026-02-17 14:02:31.976609,2026-02-17 14:02:31.976610
santander-cycles,Santander Cycles,London,GB,effadfd2c04f61c88731e909886d7eec,"001088 - Triangle Car Park, Hyde Park",51.50645179,-0.170279555,2,25,27,2026-02-17 14:02:31.976612,2026-02-17 14:02:31.976613
santander-cycles,Santander Cycles,London,GB,effde7fc2c87ecdb0ae495030835f6a3,"300239 - Victory Place, Walworth",51.492807,-0.091938,0,23,23,2026-02-17 14:02:31.976614,2026-02-17 14:02:31.976615
santander-cycles,Santander Cycles,London,GB,f0f07e79719fa88fce54ff704aca83e3,"001213 - Curlew Street, Shad Thames",51.50227992,-0.074189225,2,14,16,2026-02-17 14:02:31.976616,2026-02-17 14:02:31.976617
santander-cycles,Santander Cycles,London,GB,f102b1111f0eaace9eec79779f7bfcda,"300041 - Finnis Street, Bethnal Green",51.52458353,-0.058631453,6,12,18,2026-02-17 14:02:31.976618,2026-02-17 14:02:31.976619
santander-cycles,Santander Cycles,London,GB,f14bf8c3ef59dd5628d3cd378a537156,"200002 - Jubilee Street, Stepney",51.515975,-0.053177,17,11,28,2026-02-17 14:02:31.976621,2026-02-17 14:02:31.976622
santander-cycles,Santander Cycles,London,GB,f19019e79f2261e26f7c05d9c49ff6fa,"002695 - Cadogan Gardens, Chelsea",51.492462,-0.159919,10,2,12,2026-02-17 14:02:31.976623,2026-02-17 14:02:31.976624
santander-cycles,Santander Cycles,London,GB,f208b5d9baa4f08df978d8864d89149b,"001064 - Old Street Station, St. Luke's",51.525615,-0.08853260000000773,32,1,33,2026-02-17 14:02:31.976625,2026-02-17 14:02:31.976626
santander-cycles,Santander Cycles,London,GB,f24e5a2aa55df64ce4bbc9c1e8ccb478,"002686 - Royal College Street, Camden Town",51.536264,-0.133952,33,21,54,2026-02-17 14:02:31.976627,2026-02-17 14:02:31.976628
santander-cycles,Santander Cycles,London,GB,f31169af58eb137ec18976c0003e9d73,"001169 - Grosvenor Crescent, Belgravia",51.50135267,-0.153194766,11,6,17,2026-02-17 14:02:31.976630,2026-02-17 14:02:31.976631
santander-cycles,Santander Cycles,London,GB,f32c2c3ca24a2a029479997a7b593836,"200105 - Bonny Street, Camden Town",51.541603,-0.138853,23,20,43,2026-02-17 14:02:31.976632,2026-02-17 14:02:31.976633
santander-cycles,Santander Cycles,London,GB,f331e40f9d40ee41bffdbe556311861c,"200040 - Broomhouse Lane, Parsons Green",51.46841875,-0.199135704,20,8,28,2026-02-17 14:02:31.976634,2026-02-17 14:02:31.976635
santander-cycles,Santander Cycles,London,GB,f3b91b2486b3d4ad963ed4f1c777fccb,"300086 - Fulham Broadway, Walham Green",51.47993289,-0.19411695,6,15,21,2026-02-17 14:02:31.976637,2026-02-17 14:02:31.976638
santander-cycles,Santander Cycles,London,GB,f5a52349e2b1ff0cae6c5ec0ad01c3d7,"200186 - Nantes Close, Wandsworth",51.46193072,-0.180791784,4,16,20,2026-02-17 14:02:31.976639,2026-02-17 14:02:31.976640
santander-cycles,Santander Cycles,London,GB,f6ef303e9fddef1125d77d70779323d0,"022164 - Eaton Square (South), Belgravia",51.49456127,-0.15393398,14,17,31,2026-02-17 14:02:31.976641,2026-02-17 14:02:31.976642
santander-cycles,Santander Cycles,London,GB,f720de5eca4ba8646b150ee9fd436a4f,"300028 - Everington Street, Fulham",51.48335692,-0.216305546,8,21,29,2026-02-17 14:02:31.976643,2026-02-17 14:02:31.976644
santander-cycles,Santander Cycles,London,GB,f73eb6aa43c14f4d9e3922bc13841d98,"003472 - Colombo Street, Southwark",51.50545935,-0.10569204,13,0,13,2026-02-17 14:02:31.976646,2026-02-17 14:02:31.976647
santander-cycles,Santander Cycles,London,GB,f7a3c78c90b093dbd5180740e0cd534e,"002585 - Orsett Terrace, Bayswater",51.517932,-0.183716959,6,9,15,2026-02-17 14:02:31.976648,2026-02-17 14:02:31.976649
santander-cycles,Santander Cycles,London,GB,f8d7365346582b107b65bab899772875,"001054 - East Road, Hoxton",51.52867339,-0.087459376,20,6,26,2026-02-17 14:02:31.976653,2026-02-17 14:02:31.976654
santander-cycles,Santander Cycles,London,GB,f8dfc16e9f34e5c21bfc24efe8831549,"000960 - Hop Exchange, The Borough",51.50462759,-0.091773776,45,10,55,2026-02-17 14:02:31.976655,2026-02-17 14:02:31.976656
santander-cycles,Santander Cycles,London,GB,f982e224fe3c97d63ad8a1a1866d07c0,"200101 - Monument Street, Monument",51.50964,-0.08497,20,2,22,2026-02-17 14:02:31.976658,2026-02-17 14:02:31.976659
santander-cycles,Santander Cycles,London,GB,f9eb8d8d1e06a80682a9e22fe49bbabd,"000976 - Longford Street, The Regent's Park",51.52559505,-0.144083893,11,3,14,2026-02-17 14:02:31.976660,2026-02-17 14:02:31.976661
santander-cycles,Santander Cycles,London,GB,f9f8531f585de0fe217f9f5b797c22ad,"001083 - Commercial Street, Shoreditch",51.52127071,-0.0755789,13,2,15,2026-02-17 14:02:31.976662,2026-02-17 14:02:31.976663
santander-cycles,Santander Cycles,London,GB,fa0833e381be090f3a07d9e66e0cd208,"200242 - Merchant Street, Bow",51.526578,-0.027581,15,11,26,2026-02-17 14:02:31.976664,2026-02-17 14:02:31.976665
santander-cycles,Santander Cycles,London,GB,fa24c54d901cf271138c7cd43723bdc7,"300215 - St John's Crescent, Brixton",51.466232,-0.11317995,14,10,24,2026-02-17 14:02:31.976667,2026-02-17 14:02:31.976668
santander-cycles,Santander Cycles,London,GB,fa6a65bfa76f9745fdb4237a50febeae,"001108 - North Wharf Road, Paddington",51.518623,-0.17660300000000007,21,1,22,2026-02-17 14:02:31.976669,2026-02-17 14:02:31.976670
santander-cycles,Santander Cycles,London,GB,faa7d8335258a5d614e8a917d8877883,"200126 - Usk Road, Clapham Junction",51.46348914,-0.182126248,1,29,30,2026-02-17 14:02:31.976671,2026-02-17 14:02:31.976672
santander-cycles,Santander Cycles,London,GB,fad6a0e7960daa48c37dd90160f4043b,"200016 - Castlehaven Road, Camden Town",51.542138,-0.145393,5,22,27,2026-02-17 14:02:31.976674,2026-02-17 14:02:31.976675
santander-cycles,Santander Cycles,London,GB,fb48301a2645d8a071c1c64cf9379237,"200239 - Old Montague Street, Whitechapel",51.51793,-0.067937,15,2,17,2026-02-17 14:02:31.976676,2026-02-17 14:02:31.976677
santander-cycles,Santander Cycles,London,GB,fb9cad838aab50f7f745dda64a188285,"200060 - Drayton Gardens, West Chelsea",51.487196,-0.179369,5,10,15,2026-02-17 14:02:31.976678,2026-02-17 14:02:31.976679
santander-cycles,Santander Cycles,London,GB,fbbea9fb7cd78453c0fe8c5207af3439,"001015 - New Globe Walk, Bankside",51.5073853,-0.096440751,18,0,18,2026-02-17 14:02:31.976683,2026-02-17 14:02:31.976684
santander-cycles,Santander Cycles,London,GB,fbd3c3002688d5e6ad8c6479a3031423,"300204 - Victoria Rise, Clapham Common",51.461376,-0.14780469999999468,3,18,21,2026-02-17 14:02:31.976685,2026-02-17 14:02:31.976686
santander-cycles,Santander Cycles,London,GB,fbd79d7e9e1996ed0e9955ed4f31b33e,"001008 - Hatton Wall, Holborn",51.5216612,-0.109006325,18,3,21,2026-02-17 14:02:31.976689,2026-02-17 14:02:31.976690
santander-cycles,Santander Cycles,London,GB,fc0a260fc584c45809316ef2fbcd9ce7,"300220 - Farringdon Street, Holborn",51.516785,-0.10494775,24,1,25,2026-02-17 14:02:31.976691,2026-02-17 14:02:31.976692
santander-cycles,Santander Cycles,London,GB,fc13cec797c8d375047af309197b3035,"300092 - Hertford Road, De Beauvoir Town",51.53727795,-0.079201849,3,21,24,2026-02-17 14:02:31.976693,2026-02-17 14:02:31.976694
santander-cycles,Santander Cycles,London,GB,fc361652ce79b548fb53570c962bb381,"003421 - Red Lion Square, Holborn",51.51943538,-0.119123345,5,6,11,2026-02-17 14:02:31.976696,2026-02-17 14:02:31.976697
santander-cycles,Santander Cycles,London,GB,fcc0e9e121eee23acf6d03fc5d8545f9,"003507 - Store Street, Bloomsbury",51.519572,-0.13214036,19,11,30,2026-02-17 14:02:31.976698,2026-02-17 14:02:31.976699
santander-cycles,Santander Cycles,London,GB,fcedd183a384beb226c0c25e04df208b,"300211 - Ossulston Street, Somers Town",51.5293,-0.12827903,19,7,26,2026-02-17 14:02:31.976705,2026-02-17 14:02:31.976706
santander-cycles,Santander Cycles,London,GB,fdb0332e382c526657eea611e4b968bd,"300030 - Thorndike Close, West Chelsea",51.48089844,-0.183853573,1,21,22,2026-02-17 14:02:31.976707,2026-02-17 14:02:31.976708
santander-cycles,Santander Cycles,London,GB,fe00fc450f442ff05c04094b92dfdb1b,"200065 - Lansdowne Walk, Ladbroke Grove",51.509591,-0.204666,0,21,21,2026-02-17 14:02:31.976710,2026-02-17 14:02:31.976711
santander-cycles,Santander Cycles,London,GB,fe141bf07b7c9ffa0307958b7e7eea92,"300057 - Westbourne Park Road, Portobello",51.51787005,-0.201005397,9,14,23,2026-02-17 14:02:31.976712,2026-02-17 14:02:31.976713
santander-cycles,Santander Cycles,London,GB,fe8ca457db4e084c3d743b2b2cd0072a,"002688 - Clifford Street, Mayfair",51.51066202,-0.142345694,16,0,16,2026-02-17 14:02:31.976714,2026-02-17 14:02:31.976715
santander-cycles,Santander Cycles,London,GB,fefbd80de948379a493be17f28907a2c,"200071 - Hoxton Street, Hoxton",51.52959,-0.0801,19,7,26,2026-02-17 14:02:31.976717,2026-02-17 14:02:31.976717
santander-cycles,Santander Cycles,London,GB,ff26abff5db37c1b3563bd0c430476b2,"003442 - Abingdon Villas, Kensington",51.4973875,-0.197245586,2,12,14,2026-02-17 14:02:31.976719,2026-02-17 14:02:31.976720
santander-cycles,Santander Cycles,London,GB,ff29665797070bd57a6f6fab26ea5f1f,"002680 - Harrowby Street, Marylebone",51.5173721,-0.1642075,10,5,15,2026-02-17 14:02:31.976721,2026-02-17 14:02:31.976722
santander-cycles,Santander Cycles,London,GB,ffb92bc589f72ac1783e5696b0714e01,"003462 - Royal Avenue 2, Chelsea",51.490083,-0.162418,8,1,9,2026-02-17 14:02:31.976724,2026-02-17 14:02:31.976724
santander-cycles,Santander Cycles,London,GB,ffed1f8b73ecaad1a851050b9632e0c7,"001184 - St. Mary Axe, Aldgate",51.51422502,-0.080660083,16,1,17,2026-02-17 14:02:31.976729,2026-02-17 14:02:31.976730
velib,Vélib' Métropole,Paris,FR,0003131bffcf527ba3a560fc46d38b6f,Argenson - Château,48.888559314669514,2.2642001509666447,23,2,25,2026-02-17 14:02:31.976732,2026-02-17 14:02:31.976733
velib,Vélib' Métropole,Paris,FR,000471e1f2b458a6e68a8ae732880557,Saint Lambert - Blomet,48.83659148147257,2.2930556908249855,5,22,27,2026-02-17 14:02:31.976734,2026-02-17 14:02:31.976735
velib,Vélib' Métropole,Paris,FR,001e872d5c8bb1d9d69593da89a6da9e,Saint-Maur - République,48.864185861455,2.3783174157143,9,41,50,2026-02-17 14:02:31.976737,2026-02-17 14:02:31.976738
velib,Vélib' Métropole,Paris,FR,0028fad7cbbbe461aa18ae720500f8ef,Mairie de Rosny-sous-Bois,48.871256519012,2.4865807592869,20,9,29,2026-02-17 14:02:31.976739,2026-02-17 14:02:31.976740
velib,Vélib' Métropole,Paris,FR,003fde84c86105536fa7bc92ce5bd8a9,Labouret - Saint-Denis,48.924066621513,2.2539156570765,9,14,23,2026-02-17 14:02:31.976741,2026-02-17 14:02:31.976742
velib,Vélib' Métropole,Paris,FR,00718dcc2fa34b019d9cba625c94b1e7,Mouton Duvernet - Général Leclerc,48.831632518293,2.3293121159077,3,25,28,2026-02-17 14:02:31.976743,2026-02-17 14:02:31.976744
velib,Vélib' Métropole,Paris,FR,009ceb0db951391aa947e5c2d939518e,Pernety - Raymond Losserand,48.834254627953,2.317609339387,1,31,32,2026-02-17 14:02:31.976746,2026-02-17 14:02:31.976747
velib,Vélib' Métropole,Paris,FR,00cd144dd6914f51a44cbfad2c12984f,Champs de Manoeuvre - Cartoucherie,48.835261,2.447974,35,0,35,2026-02-17 14:02:31.976748,2026-02-17 14:02:31.976749
velib,Vélib' Métropole,Paris,FR,011948af9fad35dfda6e1adf45b81bed,Belleville - Télégraphe,48.8756045,2.3995549,1,40,41,2026-02-17 14:02:31.976750,2026-02-17 14:02:31.976751
velib,Vélib' Métropole,Paris,FR,012b17de09d1300f63c8b63067b39063,Abbeville - Faubourg Poissonnière,48.879223,2.349147,3,11,14,2026-02-17 14:02:31.976752,2026-02-17 14:02:31.976753
velib,Vélib' Métropole,Paris,FR,01420d31a06dbb60e14447f3fa73893a,Porte de Pantin.,48.889199725577,2.3950181901455,12,19,31,2026-02-17 14:02:31.976755,2026-02-17 14:02:31.976756
velib,Vélib' Métropole,Paris,FR,0145ecc2c6aef6ecc699ccb1ceab863c,Passy - Place du Costa Rica,48.8584893,2.2839655,9,24,33,2026-02-17 14:02:31.976757,2026-02-17 14:02:31.976758
velib,Vélib' Métropole,Paris,FR,014cb48626b158d02eb81447060df5fd,Miromesnil - La Boétie,48.873722412917,2.3158480972052,27,6,33,2026-02-17 14:02:31.976759,2026-02-17 14:02:31.976760
velib,Vélib' Métropole,Paris,FR,018775abbd605664f7b0616bbf3703a8,Place Etienne Pernet,48.84243457133779,2.2921819612383847,10,32,42,2026-02-17 14:02:31.976761,2026-02-17 14:02:31.976762
velib,Vélib' Métropole,Paris,FR,01d1862b4db874988808532ebad19d8f,Bons Raisins - Voltaire,48.87282451461399,2.1947155570850896,4,19,23,2026-02-17 14:02:31.976764,2026-02-17 14:02:31.976765
velib,Vélib' Métropole,Paris,FR,01ff513b035661b763345664322c461e,Saint-Augustin,48.8762009747008,2.319786250591278,39,3,42,2026-02-17 14:02:31.976766,2026-02-17 14:02:31.976767
velib,Vélib' Métropole,Paris,FR,0286062e968424bf7ed0e2730471a58e,Lecourbe - Jean Maridor,48.83796366147599,2.2877392172813416,12,7,19,2026-02-17 14:02:31.976768,2026-02-17 14:02:31.976769
velib,Vélib' Métropole,Paris,FR,028ed44281b0fa4742e287043c155a98,Colonel Monteil - Brune,48.82650293311,2.3092747998272,1,18,19,2026-02-17 14:02:31.976771,2026-02-17 14:02:31.976772
velib,Vélib' Métropole,Paris,FR,02a8a2e32460c96b83e5b12c80d5159b,République - Auguste Perret,48.78695280952244,2.3518594354391094,4,25,29,2026-02-17 14:02:31.976773,2026-02-17 14:02:31.976774
velib,Vélib' Métropole,Paris,FR,02b33ce81e68e760192fa545b769ff78,Marcel Pourtout - Édouard Manet ,48.87555620763429,2.1655967831611638,20,3,23,2026-02-17 14:02:31.976775,2026-02-17 14:02:31.976776
velib,Vélib' Métropole,Paris,FR,02eedfc09ac05202f5fb02b295e79c18,Port Royal - Hôpital Cochin,48.838608030238,2.3406994164846,3,20,23,2026-02-17 14:02:31.976777,2026-02-17 14:02:31.976778
velib,Vélib' Métropole,Paris,FR,0351fbdc0f5c7f407714482e66b0805e,Adolphe Pinard - Victor Hugo,48.8236825874564,2.3077843710780144,6,46,52,2026-02-17 14:02:31.976779,2026-02-17 14:02:31.976780
velib,Vélib' Métropole,Paris,FR,036690096dedbfd7f1935ac0092059fe,Claude Decaen - Cannebière,48.83761417037952,2.397253782195704,3,41,44,2026-02-17 14:02:31.976782,2026-02-17 14:02:31.976783
velib,Vélib' Métropole,Paris,FR,036b6154355561cef963080cc32a2dbd,Pierre et Marie Curie - Maurice Thorez,48.81580226360801,2.376804985105991,1,24,25,2026-02-17 14:02:31.976787,2026-02-17 14:02:31.976788
velib,Vélib' Métropole,Paris,FR,039933f2261df2e7fff9bd678d4ebd46,Mornay - Sully,48.84970399548416,2.364460788667202,12,3,15,2026-02-17 14:02:31.976789,2026-02-17 14:02:31.976790
velib,Vélib' Métropole,Paris,FR,03b1755fcae23633380ee9882d33409e,Suzanne Masson,48.923306888013,2.3847292397611,16,21,37,2026-02-17 14:02:31.976793,2026-02-17 14:02:31.976794
velib,Vélib' Métropole,Paris,FR,03da963d41687bb7670f411eab74036c,Legendre - Clichy,48.88896161855884,2.322528975094376,3,35,38,2026-02-17 14:02:31.976795,2026-02-17 14:02:31.976796
velib,Vélib' Métropole,Paris,FR,043d830ea27fbe054ecdf6efd383ffb9,Place Charles de Gaulle,48.826073335699,2.1894485725692,3,21,24,2026-02-17 14:02:31.976797,2026-02-17 14:02:31.976798
velib,Vélib' Métropole,Paris,FR,0465177e7db46e12755c89b9a0f24404,Roquette - Auguste Laurent,48.858001906023354,2.381797702650783,4,12,16,2026-02-17 14:02:31.976805,2026-02-17 14:02:31.976806
velib,Vélib' Métropole,Paris,FR,04a30da088338d28544252beeacbc9e5,Bridaine - Lamandé,48.8862074,2.3206239,0,29,29,2026-02-17 14:02:31.976807,2026-02-17 14:02:31.976808
velib,Vélib' Métropole,Paris,FR,04a5d2de31469c260992b054d490cea9,Ney - Porte de Montmartre,48.897918,2.3364872,3,21,24,2026-02-17 14:02:31.976810,2026-02-17 14:02:31.976811
velib,Vélib' Métropole,Paris,FR,04aef8f9cd44c6932b5814ed23d35c54,Place du Canada,48.865346269363,2.3101937879648,58,0,58,2026-02-17 14:02:31.976812,2026-02-17 14:02:31.976813
velib,Vélib' Métropole,Paris,FR,04d896767d79f9d0b9d16a0f3d33eb33,Francoeur - Marcadet,48.89104123261663,2.340014585442034,1,19,20,2026-02-17 14:02:31.976814,2026-02-17 14:02:31.976815
velib,Vélib' Métropole,Paris,FR,05078357a99812016cc4bb014a524f0e,Georges V - François 1er,48.87034,2.30082,21,1,22,2026-02-17 14:02:31.976817,2026-02-17 14:02:31.976818
velib,Vélib' Métropole,Paris,FR,050c777552247f22a0333b0f1c69bae8,Gare de Pont-Cardinet,48.88713901475306,2.314494143994255,6,27,33,2026-02-17 14:02:31.976819,2026-02-17 14:02:31.976820
velib,Vélib' Métropole,Paris,FR,054ad42e8c0d0fb2a30f7e94dd7f982b,Square Pierre Lazareff,48.867141720746,2.3483933508396,14,2,16,2026-02-17 14:02:31.976821,2026-02-17 14:02:31.976822
velib,Vélib' Métropole,Paris,FR,05ad4ccc833a5352d12541b7c5bb3b1e,Marceau - Chaillot,48.868834023334,2.2986030816809,18,3,21,2026-02-17 14:02:31.976823,2026-02-17 14:02:31.976824
velib,Vélib' Métropole,Paris,FR,060b5cdb163a466a33c867a3d3d643ee,Vaugirard - Monsieur le Prince,48.848951441614,2.3411329463124,21,4,25,2026-02-17 14:02:31.976826,2026-02-17 14:02:31.976827
velib,Vélib' Métropole,Paris,FR,06208bdf6da0dab3361163105b85c87f,Edouard Vaillant - Galliéni,48.858462881661,2.4147954583168,12,36,48,2026-02-17 14:02:31.976828,2026-02-17 14:02:31.976829
velib,Vélib' Métropole,Paris,FR,0630c12063bbf894034eea8afa6f7277,Gare Rosny-Bois-Perrier,48.88115023337061,2.480436824262142,29,4,33,2026-02-17 14:02:31.976830,2026-02-17 14:02:31.976831
velib,Vélib' Métropole,Paris,FR,06537561191e537f9dfa438e0e8087b9,Condorcet - Turgot,48.87985155789093,2.345232367515564,5,15,20,2026-02-17 14:02:31.976832,2026-02-17 14:02:31.976833
velib,Vélib' Métropole,Paris,FR,069df981206dd85b1c97ef6929d6216d,Cordelières - Arago,48.83548071896613,2.348572461702221,22,38,60,2026-02-17 14:02:31.976835,2026-02-17 14:02:31.976836
velib,Vélib' Métropole,Paris,FR,06a1142ebde3cb6346c4a4fc864c5dc2,Le Brix et Mesmin - Jourdan,48.82234096593411,2.327861653302471,0,21,21,2026-02-17 14:02:31.976837,2026-02-17 14:02:31.976838
velib,Vélib' Métropole,Paris,FR,06c6de414e5812c7a3644c91a1ea47c6,Hippodrome de Paris Vincennes,48.820484866661,2.4502807724015,3,97,100,2026-02-17 14:02:31.976839,2026-02-17 14:02:31.976840
velib,Vélib' Métropole,Paris,FR,07260837e303d24b51d299a8869bfd3b,Mairie du 2ème,48.8672190355135,2.3404625437747044,27,1,28,2026-02-17 14:02:31.976841,2026-02-17 14:02:31.976842
velib,Vélib' Métropole,Paris,FR,072fb15560267d9717baa3b46e7c2f65,Philippe-Auguste,48.851853488265,2.3932945355773,1,45,46,2026-02-17 14:02:31.976846,2026-02-17 14:02:31.976847
velib,Vélib' Métropole,Paris,FR,077eb4ee3d2ca817ae17f62999a94e5e,Charles Delescluze,48.85242200848887,2.380632497370243,9,39,48,2026-02-17 14:02:31.976848,2026-02-17 14:02:31.976849
velib,Vélib' Métropole,Paris,FR,07a793cb27c77e566cc14a32ef89e2ea,Place de la Montagne du Goulet,48.8443415,2.2773844,7,14,21,2026-02-17 14:02:31.976850,2026-02-17 14:02:31.976851
velib,Vélib' Métropole,Paris,FR,0808abab858d19e65b5ecb97039b67ab,Place de la Madeleine - Royale,48.869228052648,2.324421107769,32,8,40,2026-02-17 14:02:31.976853,2026-02-17 14:02:31.976854
velib,Vélib' Métropole,Paris,FR,080aced4897d7f036195341cf0ff7932,Geoffroy-Saint-Hilaire - Saint-Marcel,48.83907826424974,2.356877340669728,8,9,17,2026-02-17 14:02:31.976855,2026-02-17 14:02:31.976856
velib,Vélib' Métropole,Paris,FR,0838c8ae9662057fd55a5bea8da771d5,Le Corbusier - Jean Jaurès,48.83780830557548,2.2408381104469304,23,23,46,2026-02-17 14:02:31.976857,2026-02-17 14:02:31.976858
velib,Vélib' Métropole,Paris,FR,08b7e712a02f263fb24847be32034446,Lorraine - Jean Jaurès,48.8863865,2.3825772,2,17,19,2026-02-17 14:02:31.976859,2026-02-17 14:02:31.976860
velib,Vélib' Métropole,Paris,FR,08c04311d5c7b860884983dce4cbe2bc,Mairie,48.87914304162,2.4163350908311,1,18,19,2026-02-17 14:02:31.976862,2026-02-17 14:02:31.976863
velib,Vélib' Métropole,Paris,FR,08cd405dc9467f0d86e2b6717e1382d3,Raspail - Bac,48.855628721101,2.3256602883339,51,0,51,2026-02-17 14:02:31.976864,2026-02-17 14:02:31.976865
velib,Vélib' Métropole,Paris,FR,094c973208b2fa1ff2066fabb25984e3,Raymond Poincaré - Allée de la Marche,48.838634069623,2.1724102640451,6,16,22,2026-02-17 14:02:31.976866,2026-02-17 14:02:31.976867
velib,Vélib' Métropole,Paris,FR,096de37379c9d16bdc082f010a6c94bc,Place Tristan Bernard,48.8794936,2.2915423,11,14,25,2026-02-17 14:02:31.976868,2026-02-17 14:02:31.976869
velib,Vélib' Métropole,Paris,FR,097dd01718cb5d05ea41cb6a9800ba3a,Cité Vaneau,48.8542210666207,2.319614924490452,23,3,26,2026-02-17 14:02:31.976870,2026-02-17 14:02:31.976871
velib,Vélib' Métropole,Paris,FR,098a11984f22c62caa25ce6e07cd5f42,Edgar Quinet - Gaité,48.841160928966,2.324595451355,4,23,27,2026-02-17 14:02:31.976873,2026-02-17 14:02:31.976874
velib,Vélib' Métropole,Paris,FR,09d581adc5efda8a6e0c2eff61397cc2,Romainville - Vaillant-Couturier,48.86785,2.446748,0,37,37,2026-02-17 14:02:31.976878,2026-02-17 14:02:31.976879
velib,Vélib' Métropole,Paris,FR,09d9381a301d194ae91fee001e6b76a9,Surcouf - Université,48.861273016278,2.3094535509142,52,4,56,2026-02-17 14:02:31.976880,2026-02-17 14:02:31.976881
velib,Vélib' Métropole,Paris,FR,09ebbaf37fa0c33bde52bfc2878ffdb2,Vaugirard - Pasteur,48.84040868803496,2.3154367133975033,3,17,20,2026-02-17 14:02:31.976882,2026-02-17 14:02:31.976883
velib,Vélib' Métropole,Paris,FR,09fcbaba5b8ced5aa1274bc916bbd394,Jean Calvin - Tournefort,48.84158856925782,2.348489575088024,5,23,28,2026-02-17 14:02:31.976885,2026-02-17 14:02:31.976886
velib,Vélib' Métropole,Paris,FR,0a04d34c4d0c49b40f0d8747a792cd7e,Mozart - Jasmin,48.85286124871689,2.268483570651513,15,47,62,2026-02-17 14:02:31.976887,2026-02-17 14:02:31.976888
velib,Vélib' Métropole,Paris,FR,0a53c4aa5446da160f1a6709f0a52f0b,Hippodrome de Longchamp,48.86413226532,2.239905372262,14,15,29,2026-02-17 14:02:31.976889,2026-02-17 14:02:31.976890
velib,Vélib' Métropole,Paris,FR,0ac3cbc87d82ca74faac5280a283acb5,Théophile Gautier - François Millet,48.85034821320644,2.273029983043671,8,21,29,2026-02-17 14:02:31.976891,2026-02-17 14:02:31.976892
velib,Vélib' Métropole,Paris,FR,0afd2acbad0e1e7df0ed0a9c5c175aef,Porte de Clignancourt - Ney,48.899641123987095,2.344321422278881,26,12,38,2026-02-17 14:02:31.976897,2026-02-17 14:02:31.976898
velib,Vélib' Métropole,Paris,FR,0aff2f4aa9975ae7f3379f273cec4083,Plantes - Moulin Vert,48.83005755305626,2.3232302069664006,4,41,45,2026-02-17 14:02:31.976899,2026-02-17 14:02:31.976900
velib,Vélib' Métropole,Paris,FR,0b0572521e061dc4e3f1a3d027887d9e,Porte de Clichy - Place des Nations Unies,48.896737263309504,2.310542999196392,14,26,40,2026-02-17 14:02:31.976901,2026-02-17 14:02:31.976902
velib,Vélib' Métropole,Paris,FR,0b0c4f4ae8c238e0b7eaad2c9a2a9325,Champ de Mars - Cler,48.856691550115315,2.306646779179573,34,5,39,2026-02-17 14:02:31.976903,2026-02-17 14:02:31.976904
velib,Vélib' Métropole,Paris,FR,0b23d6bf33059c82ee505fb68802f811,Vaneau - Sèvres,48.848563233059,2.3204218259346,35,0,35,2026-02-17 14:02:31.976906,2026-02-17 14:02:31.976907
velib,Vélib' Métropole,Paris,FR,0b38b096fe3eef717615fb15e516c45f,Marcelle - Thalie,48.8835462,2.4137883,0,20,20,2026-02-17 14:02:31.976908,2026-02-17 14:02:31.976909
velib,Vélib' Métropole,Paris,FR,0b893f62911f1e77f70189067edce563,Danielle Casanova - Place Vendôme,48.868266498223,2.3304839059711,34,3,37,2026-02-17 14:02:31.976910,2026-02-17 14:02:31.976911
velib,Vélib' Métropole,Paris,FR,0b9887b36296d117186e1b276516dc89,Westermeyer - Paul Vaillant-Couturier,48.819116181578764,2.3966637253761296,24,4,28,2026-02-17 14:02:31.976912,2026-02-17 14:02:31.976913
velib,Vélib' Métropole,Paris,FR,0b9d4b132376128ea02f1356f3c379ab,Boyer - Ménilmontant,48.868895162679,2.3919824145635,0,19,19,2026-02-17 14:02:31.976915,2026-02-17 14:02:31.976916
velib,Vélib' Métropole,Paris,FR,0baad9ab65336a43b2557e97a5275397,Argenteuil - Voltaire,48.918648659556,2.281411215663,4,12,16,2026-02-17 14:02:31.976917,2026-02-17 14:02:31.976918
velib,Vélib' Métropole,Paris,FR,0bb617cdeb2161afce2415476a16f5ac,Place de la Bastille - Bourdon,48.852364355271,2.3681089282036,30,4,34,2026-02-17 14:02:31.976919,2026-02-17 14:02:31.976920
velib,Vélib' Métropole,Paris,FR,0bdc332b1e1f5251f42e957fd6b0f248,Dunkerque - Trudaine,48.88215166773376,2.3463253676891327,1,9,10,2026-02-17 14:02:31.976922,2026-02-17 14:02:31.976923
velib,Vélib' Métropole,Paris,FR,0bfdfa685e9f719a5ed04f53d088d9fb,Hôtel de Ville de Chaville,48.80887149094033,2.188134044408798,3,17,20,2026-02-17 14:02:31.976924,2026-02-17 14:02:31.976925
velib,Vélib' Métropole,Paris,FR,0c070667cdcedde90c00bb9a79fdd30e,Commerce - Letellier,48.84797660373612,2.2966245196598805,31,12,43,2026-02-17 14:02:31.976926,2026-02-17 14:02:31.976927
velib,Vélib' Métropole,Paris,FR,0c3025717e4417426e30d62c639a4c1b,Jean Bouin - Gouverneur Général Eboué,48.824792734266,2.2651904328524,23,8,31,2026-02-17 14:02:31.976928,2026-02-17 14:02:31.976929
velib,Vélib' Métropole,Paris,FR,0c36a5189073300ee73a4c8724e20128,Temple - Charlot,48.865709343796,2.3652737250724,30,14,44,2026-02-17 14:02:31.976930,2026-02-17 14:02:31.976931
velib,Vélib' Métropole,Paris,FR,0c516ff9d9c9bfa111ee33a59569b82a,Emile Zola - Fondary,48.847051143113745,2.2953405976295476,14,27,41,2026-02-17 14:02:31.976933,2026-02-17 14:02:31.976934
velib,Vélib' Métropole,Paris,FR,0c8066f802e05024d4034bd059ffaf4e,Paris - Désiré Préaux,48.85742876694898,2.4323049187660217,10,38,48,2026-02-17 14:02:31.976935,2026-02-17 14:02:31.976936
velib,Vélib' Métropole,Paris,FR,0cbe6d60aa0afa85306243e6848f29e1,Maison de Radio - France,48.85132886434057,2.277785539627075,45,2,47,2026-02-17 14:02:31.976937,2026-02-17 14:02:31.976938
velib,Vélib' Métropole,Paris,FR,0cc5ec52dfe84d9b31a734755ec8ba1b,Taitbout - La Fayette,48.8733298892,2.3352625966072,49,2,51,2026-02-17 14:02:31.976940,2026-02-17 14:02:31.976941
velib,Vélib' Métropole,Paris,FR,0d2112911723906e0da4ac426b4de546,Montparnasse -  Square Ozanam,48.843310567822,2.3265242949128,11,36,47,2026-02-17 14:02:31.976942,2026-02-17 14:02:31.976943
velib,Vélib' Métropole,Paris,FR,0d439809ee3dcd817ef5a2aa3524a3d2,Simon Bolivar - Henri Turot,48.877475489801,2.3739709492211,0,21,21,2026-02-17 14:02:31.976944,2026-02-17 14:02:31.976945
velib,Vélib' Métropole,Paris,FR,0d4e1bab912f432afd3198c04735685a,Jean Macé - Faidherbe,48.85337548426,2.3828620836139,8,69,77,2026-02-17 14:02:31.976946,2026-02-17 14:02:31.976947
velib,Vélib' Métropole,Paris,FR,0d541311bdff3e10e72ca692608e13e5,Square Bela Bartok,48.850984480382,2.2844360220351,23,1,24,2026-02-17 14:02:31.976949,2026-02-17 14:02:31.976949
velib,Vélib' Métropole,Paris,FR,0d897d682b249ecaebda6b316eb37786,Santé - Arago,48.83507657562064,2.3415737262044938,2,34,36,2026-02-17 14:02:31.976951,2026-02-17 14:02:31.976952
velib,Vélib' Métropole,Paris,FR,0d8aadc800258fb14b7e4dd9583c3838,Cours de l'Ile Seguin - Parc Billancourt,48.82714055843935,2.234234511852265,26,3,29,2026-02-17 14:02:31.976953,2026-02-17 14:02:31.976954
velib,Vélib' Métropole,Paris,FR,0da23258accec40c45150b8020bc43d0,Crozatier - Faubourg Saint-Antoine,48.850440013405,2.378901366211,19,21,40,2026-02-17 14:02:31.976955,2026-02-17 14:02:31.976956
velib,Vélib' Métropole,Paris,FR,0de24ad2ce21702099926b8763071b55,Hôtel de Ville de Sèvres,48.824363561289,2.2131047397852,23,9,32,2026-02-17 14:02:31.976958,2026-02-17 14:02:31.976959
velib,Vélib' Métropole,Paris,FR,0e0fb0c229bd17de0e10599d0602c54e,Place Amédée Gordini - Lefebvre,48.83061737745,2.2920634208276,6,31,37,2026-02-17 14:02:31.976960,2026-02-17 14:02:31.976961
velib,Vélib' Métropole,Paris,FR,0e1e6b316c717863017854fca0971f42,Gare de l'Est - Place du 11 Novembre 1918,48.876327,2.3585464,3,36,39,2026-02-17 14:02:31.976962,2026-02-17 14:02:31.976963
velib,Vélib' Métropole,Paris,FR,0e22f25c39627c076d7f6b99bba8b5af,Square Victor Basch,48.914304862261,2.2289156913757,8,12,20,2026-02-17 14:02:31.976964,2026-02-17 14:02:31.976965
velib,Vélib' Métropole,Paris,FR,0e2b638a169bf04e728a4a023014129a,Place des Abbesses,48.884542726149725,2.3386867716908455,2,10,12,2026-02-17 14:02:31.976967,2026-02-17 14:02:31.976968
velib,Vélib' Métropole,Paris,FR,0e2ce36bb7070e9998cbe64c893f4362,Redoute - Les Courtilles,48.929867194519,2.2836696356535,25,14,39,2026-02-17 14:02:31.976969,2026-02-17 14:02:31.976970
velib,Vélib' Métropole,Paris,FR,0e3c0f14de288ac43c5a8b0a1cbc33b9,André Karman - République,48.91039875761846,2.3851355910301213,8,23,31,2026-02-17 14:02:31.976971,2026-02-17 14:02:31.976972
velib,Vélib' Métropole,Paris,FR,0e68db55a1a81be48d350135377f1e4c,Place Lafayette,48.829654975522,2.2638675570488,54,6,60,2026-02-17 14:02:31.976973,2026-02-17 14:02:31.976974
velib,Vélib' Métropole,Paris,FR,0f3ac6a9fb5eb3f43e1a0c1980f05f4a,Gare Saint-Lazare - Place de Budapest,48.877753,2.327339,34,10,44,2026-02-17 14:02:31.976976,2026-02-17 14:02:31.976977
velib,Vélib' Métropole,Paris,FR,0f5c304ce3b746e004c21ca12c206fee,Billancourt - Général Leclerc ,48.8322649,2.2380413,16,6,22,2026-02-17 14:02:31.976978,2026-02-17 14:02:31.976979
velib,Vélib' Métropole,Paris,FR,0f7704c4ad31a3b67a4477c7e8b873d8,Jourdan - Stade Charléty,48.819428333369,2.3433353751898,3,57,60,2026-02-17 14:02:31.976980,2026-02-17 14:02:31.976981
velib,Vélib' Métropole,Paris,FR,0fbd3a42b0cf5ff3784587fccb2fce8b,Place de la Porte de Passy,48.857341095470794,2.2644165538827115,1,34,35,2026-02-17 14:02:31.976983,2026-02-17 14:02:31.976983
velib,Vélib' Métropole,Paris,FR,102421308fe5b33bdbde25c736a2ea1f,Lourmel - Marie Skobtsov,48.844974,2.287283,18,17,35,2026-02-17 14:02:31.976985,2026-02-17 14:02:31.976986
velib,Vélib' Métropole,Paris,FR,1067e1bd44428676a13371f6b7ab121e,Artois - Berri,48.873935212408,2.306425832212,35,1,36,2026-02-17 14:02:31.976988,2026-02-17 14:02:31.976989
velib,Vélib' Métropole,Paris,FR,10aae04242280738ae20ee254e2868c6,Place du Maréchal de Lattre de Tassigny,48.821707715257055,2.2853431485432423,5,22,27,2026-02-17 14:02:31.976991,2026-02-17 14:02:31.976991
velib,Vélib' Métropole,Paris,FR,10b647d86c8bacb0eaed130754a54b83,M.- A. Lagroua Weill-Hallé -  F. Dolto,48.828595283857425,2.380220606266108,70,4,74,2026-02-17 14:02:31.976993,2026-02-17 14:02:31.976994
velib,Vélib' Métropole,Paris,FR,10c6446cc66167804eba5ad659b48ccd,Gare - Aristide Briand,48.821410564722,2.2555950104387,18,11,29,2026-02-17 14:02:31.976995,2026-02-17 14:02:31.976996
velib,Vélib' Métropole,Paris,FR,10d4ff194fe8eefe472726428fb1a4a8,Place Saint-Just,48.790379518724265,2.3895226791501045,7,15,22,2026-02-17 14:02:31.976997,2026-02-17 14:02:31.976998
velib,Vélib' Métropole,Paris,FR,10e5af7e44d2688e0cff84615e47926e,Saint-Germain - Ciseaux,48.853305277595,2.3344654618827,9,7,16,2026-02-17 14:02:31.977000,2026-02-17 14:02:31.977001
velib,Vélib' Métropole,Paris,FR,10e72a9519ad5ecebade18e66eedc2ab,Gare de Chaville Rive Gauche,48.805160304345,2.188277207315,10,8,18,2026-02-17 14:02:31.977002,2026-02-17 14:02:31.977003
velib,Vélib' Métropole,Paris,FR,113f565c7aa145aa3377b0dd267378c2,Adrien Raynal - Verger,48.743385629116,2.4025604826094,25,5,30,2026-02-17 14:02:31.977004,2026-02-17 14:02:31.977005
velib,Vélib' Métropole,Paris,FR,11698885b9a2b7a3f5e9f7e367001e49,Château de Vincennes,48.84423193255657,2.439209537709179,14,38,52,2026-02-17 14:02:31.977007,2026-02-17 14:02:31.977008
velib,Vélib' Métropole,Paris,FR,116e8d9a96e2a9b431b6f1fa248ebcd8,Roger Salengro - Général de Gaulle,48.820029010376956,2.4846760556101803,7,20,27,2026-02-17 14:02:31.977009,2026-02-17 14:02:31.977010
velib,Vélib' Métropole,Paris,FR,11761ede90bacb1f3a79927ddbba1213,Gare d'Austerlitz - Quai Saint-Bernard,48.84369030864,2.3657163977623,22,5,27,2026-02-17 14:02:31.977011,2026-02-17 14:02:31.977012
velib,Vélib' Métropole,Paris,FR,1184724e7ddbd251e94903c1d90a93e3,Marceau Delorme - Pierre Brossolette,48.91206062860357,2.295897423568745,11,16,27,2026-02-17 14:02:31.977013,2026-02-17 14:02:31.977014
velib,Vélib' Métropole,Paris,FR,118d2ffeb8d70a7605cef664c3429105,Saint-Mandé - Docteur Arnold Netter,48.84462585769668,2.404946386814118,5,48,53,2026-02-17 14:02:31.977015,2026-02-17 14:02:31.977016
velib,Vélib' Métropole,Paris,FR,11d2a821689732b32a0b4178425a3189,Harpe - Saint-Germain,48.851518815017,2.3436703160405,43,2,45,2026-02-17 14:02:31.977018,2026-02-17 14:02:31.977019
velib,Vélib' Métropole,Paris,FR,1229ece6cf88c7694f38e7e25391f8b3,Daumesnil - Hébrard,48.8429,2.38474,4,36,40,2026-02-17 14:02:31.977020,2026-02-17 14:02:31.977021
velib,Vélib' Métropole,Paris,FR,12814e3da93b1e24881fef140301edbc,Victor Hugo - Galliéni,48.838020154411,2.2460845112801,11,23,34,2026-02-17 14:02:31.977022,2026-02-17 14:02:31.977023
velib,Vélib' Métropole,Paris,FR,12a3d30bc88bb25f6f8028b44bc63389,Montreuil - République,48.85026349463687,2.4345204234123234,2,23,25,2026-02-17 14:02:31.977024,2026-02-17 14:02:31.977025
velib,Vélib' Métropole,Paris,FR,12c392406c3b0ff10c49ef26d0f484c5,Bois de Vincennes - Polygone,48.83544491617421,2.431421081436563,10,40,50,2026-02-17 14:02:31.977027,2026-02-17 14:02:31.977028
velib,Vélib' Métropole,Paris,FR,12db51afb78578e4608816a3a25a71a8,République - Louis Loucheur,48.823549261189,2.5101865455508,4,33,37,2026-02-17 14:02:31.977029,2026-02-17 14:02:31.977030
velib,Vélib' Métropole,Paris,FR,12ebf2efa1c172b56c05111f309451d6,Mairie du 8ème,48.877932,2.318264,27,1,28,2026-02-17 14:02:31.977031,2026-02-17 14:02:31.977032
velib,Vélib' Métropole,Paris,FR,1315faa30fb5703b9437b328c6a8f8d1,Suffren - La Motte-Piquet,48.850881230919,2.3012199997902,19,4,23,2026-02-17 14:02:31.977033,2026-02-17 14:02:31.977034
velib,Vélib' Métropole,Paris,FR,13651fb49e97d4b16ce64ba57696a9f9,Place Charles Michels,48.846401,2.28502,36,1,37,2026-02-17 14:02:31.977036,2026-02-17 14:02:31.977037
velib,Vélib' Métropole,Paris,FR,13708c77fd5a9bac3bf2330ed18dd3e5,Gare du Nord - La Chapelle,48.884178287286,2.3561057075858,1,17,18,2026-02-17 14:02:31.977038,2026-02-17 14:02:31.977039
velib,Vélib' Métropole,Paris,FR,143c689ac6e3bc1a6880fcc574a12289,George V - Christophe Colomb,48.87046,2.30104,23,0,23,2026-02-17 14:02:31.977040,2026-02-17 14:02:31.977041
velib,Vélib' Métropole,Paris,FR,14560623a48681beb7c9bac5ff38247a,Alexander Fleming - Belvédère,48.88179064200294,2.4030599377642674,1,30,31,2026-02-17 14:02:31.977043,2026-02-17 14:02:31.977044
velib,Vélib' Métropole,Paris,FR,146ba8cb83644c5f97a41aef5d403646,Boétie - Ponthieu,48.871417284355,2.3076787590981,43,1,44,2026-02-17 14:02:31.977045,2026-02-17 14:02:31.977046
velib,Vélib' Métropole,Paris,FR,149e73e4c6655dde4a60b24d8aa3b51f,Aboukir - Alexandrie,48.86868344444473,2.3502043269474897,21,0,21,2026-02-17 14:02:31.977047,2026-02-17 14:02:31.977048
velib,Vélib' Métropole,Paris,FR,14aa5a19d30ce4c1724a4a427bb7c144,Abbé Carton - Plantes,48.827673823166,2.3209181427956,2,23,25,2026-02-17 14:02:31.977049,2026-02-17 14:02:31.977050
velib,Vélib' Métropole,Paris,FR,153018fcda487034814a8ccb50eaa5bc,Hôpital Robert Debré,48.88005222200894,2.4008650346327003,4,29,33,2026-02-17 14:02:31.977052,2026-02-17 14:02:31.977053
velib,Vélib' Métropole,Paris,FR,15351eeeefc38018e9abe01d7547438a,Les Planètes,48.80929410761,2.4596271973784,13,8,21,2026-02-17 14:02:31.977054,2026-02-17 14:02:31.977055
velib,Vélib' Métropole,Paris,FR,1543bd52c06ef5bdb4d4b5ee34cc486a,Gabriel Lamé,48.8351212784276,2.385534569621086,25,11,36,2026-02-17 14:02:31.977056,2026-02-17 14:02:31.977057
velib,Vélib' Métropole,Paris,FR,15463e6be2c461672d4f4469ed18922f,Division Leclerc - Kléber,48.798666226364,2.2833752789972,0,25,25,2026-02-17 14:02:31.977058,2026-02-17 14:02:31.977059
velib,Vélib' Métropole,Paris,FR,154b01a9a75c362566a17a0015d8527b,Place André Malraux,48.863925158727,2.3356226831675,37,0,37,2026-02-17 14:02:31.977061,2026-02-17 14:02:31.977062
velib,Vélib' Métropole,Paris,FR,1563c1021ce4727eb5640d5032921e79,Parc Roger Salengro,48.905303858642,2.31055945158,23,10,33,2026-02-17 14:02:31.977063,2026-02-17 14:02:31.977064
velib,Vélib' Métropole,Paris,FR,15f49777065bf61cc4b5d3f77985af5f,Pyrénées - Dagorno,48.855425770695085,2.4051643162965775,0,20,20,2026-02-17 14:02:31.977065,2026-02-17 14:02:31.977066
velib,Vélib' Métropole,Paris,FR,161f47fa377e00273711d0221fe27d9b,Porte de la Muette,48.86302317841182,2.2687188170157406,18,18,36,2026-02-17 14:02:31.977067,2026-02-17 14:02:31.977068
velib,Vélib' Métropole,Paris,FR,162bea1d7db757cb41419fc820ab1332,Borrégo - Gambetta,48.87330497045532,2.4014145880937576,2,22,24,2026-02-17 14:02:31.977069,2026-02-17 14:02:31.977070
velib,Vélib' Métropole,Paris,FR,1658041e77f1a3aaf5c07f5df907fe14,Pierre Brossolette - Adolphe Pinard,48.821772279548,2.3131558299065,7,17,24,2026-02-17 14:02:31.977072,2026-02-17 14:02:31.977073
velib,Vélib' Métropole,Paris,FR,1682cd1e4440a846054279b9e1fce2f2,Phalsbourg - Villiers,48.88242307900951,2.3090453445911407,13,7,20,2026-02-17 14:02:31.977074,2026-02-17 14:02:31.977075
velib,Vélib' Métropole,Paris,FR,1718be20c8cd5ad9ef7ed7c302e8b4f3,Gare du Stade,48.9312676,2.2603778,4,16,20,2026-02-17 14:02:31.977076,2026-02-17 14:02:31.977077
velib,Vélib' Métropole,Paris,FR,1722c16f52594c47eb638bbbe0ec5832,Place de Barcelone - Mirabeau,48.847623027364,2.2735664248466,37,17,54,2026-02-17 14:02:31.977082,2026-02-17 14:02:31.977083
velib,Vélib' Métropole,Paris,FR,17518106bd3e7431c47281ab64709822,Pierret - Madrid,48.882976576876565,2.260125767248034,25,3,28,2026-02-17 14:02:31.977085,2026-02-17 14:02:31.977086
velib,Vélib' Métropole,Paris,FR,17a8f11795484ba98d4567f6b2a4a81f,Place Adolphe Cherioux - Vaugirard,48.83959442800459,2.3010657727718353,5,56,61,2026-02-17 14:02:31.977087,2026-02-17 14:02:31.977088
velib,Vélib' Métropole,Paris,FR,17f21060433f57ff19ef1008dffa5c60,Hôtel de Ville de Rueil-Malmaison,48.878194,2.181724,6,13,19,2026-02-17 14:02:31.977089,2026-02-17 14:02:31.977090
velib,Vélib' Métropole,Paris,FR,17febe78152206d85bbe08b065dbb864,Beffroy,48.886591074488,2.2613945603371,22,3,25,2026-02-17 14:02:31.977092,2026-02-17 14:02:31.977092
velib,Vélib' Métropole,Paris,FR,181c9a16dafc3dcae89058267fb52eae,Gare de l'Est - Fidélité,48.874575,2.356796,5,10,15,2026-02-17 14:02:31.977094,2026-02-17 14:02:31.977095
velib,Vélib' Métropole,Paris,FR,1829d385aa95e05208441b515b317fbc,Gare de Bercy,48.839794573906,2.3826066032052,4,31,35,2026-02-17 14:02:31.977096,2026-02-17 14:02:31.977097
velib,Vélib' Métropole,Paris,FR,182d7dfdb2b00038fff4bc4d120cf66c,Station Paris Basketball - Ney - Charles Hermite,48.898748039775,2.3645754531026,18,2,20,2026-02-17 14:02:31.977098,2026-02-17 14:02:31.977099
velib,Vélib' Métropole,Paris,FR,185a5037617ebaca787eac9f98ccaa2c,Haxo - Darcy,48.870493041975,2.404957212224,0,22,22,2026-02-17 14:02:31.977100,2026-02-17 14:02:31.977101
velib,Vélib' Métropole,Paris,FR,188f9c5c9d2752bb8e66481ce5d8044d,Petites Ecuries - Faubourg Poissonnière,48.87397217237368,2.348388757504776,15,2,17,2026-02-17 14:02:31.977103,2026-02-17 14:02:31.977104
velib,Vélib' Métropole,Paris,FR,18bce01e11505e5771130cfc93b83030,Saint-Vincent - Verdun,48.819211549234495,2.254007756710053,30,4,34,2026-02-17 14:02:31.977105,2026-02-17 14:02:31.977106
velib,Vélib' Métropole,Paris,FR,18d63d7f1b3c402d11816c5f07658e57,Gay Lussac - Saint-Jacques,48.844730256132,2.3419239448664,9,33,42,2026-02-17 14:02:31.977107,2026-02-17 14:02:31.977108
velib,Vélib' Métropole,Paris,FR,1917e62b9dd3e59b63a660c192bc2cc9,Édouard Vaillant - Place Jean Jaurès,48.86265537999924,2.2089037319128613,1,22,23,2026-02-17 14:02:31.977109,2026-02-17 14:02:31.977110
velib,Vélib' Métropole,Paris,FR,196bb295fd3d05f93a40b4d91887e8e6,LCL Campus - Place Oscar Niemeyer,48.805342480621576,2.363983690738678,3,34,37,2026-02-17 14:02:31.977112,2026-02-17 14:02:31.977113
velib,Vélib' Métropole,Paris,FR,196e938e72f45121d12361b60e85e2b2,Brillat-Savarin - Küss,48.822203,2.350422,2,19,21,2026-02-17 14:02:31.977114,2026-02-17 14:02:31.977115
velib,Vélib' Métropole,Paris,FR,198b93935694f7f0b3c42809e4958dc5,Place du Docteur Yersin,48.82010494991975,2.3725583776831627,12,38,50,2026-02-17 14:02:31.977116,2026-02-17 14:02:31.977117
velib,Vélib' Métropole,Paris,FR,19916c84a0d7611198c08d51c0575840,Place Pigalle,48.8827555,2.3361566,5,16,21,2026-02-17 14:02:31.977118,2026-02-17 14:02:31.977119
velib,Vélib' Métropole,Paris,FR,19a2590f3034b1685956bdf78ad4a6ea,Mairie du Kremlin-Bicêtre,48.81191981537702,2.3570189997553825,3,22,25,2026-02-17 14:02:31.977120,2026-02-17 14:02:31.977121
velib,Vélib' Métropole,Paris,FR,19c7d8f36419f88ad7e811a12e2e4005,Cloys - Ordener,48.89353865165,2.3364427977844,0,38,38,2026-02-17 14:02:31.977123,2026-02-17 14:02:31.977124
velib,Vélib' Métropole,Paris,FR,19e41481dfc6b6e16aac6e8d6d74205a,Victor Hugo - La Pompe,48.86795222470859,2.28146318346262,8,33,41,2026-02-17 14:02:31.977125,2026-02-17 14:02:31.977126
velib,Vélib' Métropole,Paris,FR,19eab8bd36f670708febf311b99e64e7,Port - Maurice Chevalier,48.832474421632,2.490257616467,9,21,30,2026-02-17 14:02:31.977127,2026-02-17 14:02:31.977128
velib,Vélib' Métropole,Paris,FR,19fe81f6f1c576d7a962c637abe9fb20,Château -République,48.905905048494,2.2534525632894,6,9,15,2026-02-17 14:02:31.977129,2026-02-17 14:02:31.977130
velib,Vélib' Métropole,Paris,FR,1a227b9467b91fe855cd55071b49c57a,Gare de Laplace,48.80893199114179,2.3349460959434514,1,42,43,2026-02-17 14:02:31.977132,2026-02-17 14:02:31.977133
velib,Vélib' Métropole,Paris,FR,1a4f81fdb36822d8c19cc31cc39ae29c,Tremblay - Lac des Minimes,48.834131261494,2.4547516554594,71,2,73,2026-02-17 14:02:31.977134,2026-02-17 14:02:31.977135
velib,Vélib' Métropole,Paris,FR,1a6ee902548d6a993b1595301b957856,Sahel - Général Michel Bizot,48.840872964793355,2.4044444784522057,12,34,46,2026-02-17 14:02:31.977136,2026-02-17 14:02:31.977137
velib,Vélib' Métropole,Paris,FR,1a8815e3b98b58bab93c2701f6b3b145,Pyrénées - Avron,48.853246898211985,2.405871044529538,2,29,31,2026-02-17 14:02:31.977138,2026-02-17 14:02:31.977139
velib,Vélib' Métropole,Paris,FR,1aad4499e2b1016bcf8bbee3814aeb7b,Aubervilliers - Curial,48.89088305227546,2.3688579350709915,6,11,17,2026-02-17 14:02:31.977141,2026-02-17 14:02:31.977142
velib,Vélib' Métropole,Paris,FR,1b2508a6873947c55306c66cbce69251,Londres - Place d'Estienne d'Orves,48.876693805756986,2.3305362090468407,22,2,24,2026-02-17 14:02:31.977143,2026-02-17 14:02:31.977144
velib,Vélib' Métropole,Paris,FR,1ba546210f7b49ec0e0213cb07ee6964,Stalingrad - Henri Luisette,48.78363092456589,2.366935946761926,3,23,26,2026-02-17 14:02:31.977145,2026-02-17 14:02:31.977146
velib,Vélib' Métropole,Paris,FR,1bc1691f2bd3d24f8660018958847f34,Pasteur - Gambetta,48.84572797384512,2.4236011505126953,1,18,19,2026-02-17 14:02:31.977147,2026-02-17 14:02:31.977148
velib,Vélib' Métropole,Paris,FR,1bcceac18c43cbd011a06e94e834004a,Port-Royal - Hôpital du Val-de-Grâce,48.837668272811,2.3448138346607,7,11,18,2026-02-17 14:02:31.977150,2026-02-17 14:02:31.977151
velib,Vélib' Métropole,Paris,FR,1c07dff207e7a45b0425b256837b96df,Gare RER les Grésillons,48.919898633572764,2.31458459136273,17,4,21,2026-02-17 14:02:31.977152,2026-02-17 14:02:31.977153
velib,Vélib' Métropole,Paris,FR,1c399acb47b093181fc1ac319eed2dce,Mairie du 3ème,48.86446178139141,2.361762821674347,22,10,32,2026-02-17 14:02:31.977154,2026-02-17 14:02:31.977155
velib,Vélib' Métropole,Paris,FR,1c46a54dfc28d763c1b51854e1a6d6d4,Murat - Porte de Saint-Cloud,48.83750862621299,2.2577651962637906,14,24,38,2026-02-17 14:02:31.977156,2026-02-17 14:02:31.977157
velib,Vélib' Métropole,Paris,FR,1d49018294e5592b48197e5c57c5bf53,Félix Faure - Lourmel,48.83868901709515,2.2818081825971603,22,36,58,2026-02-17 14:02:31.977159,2026-02-17 14:02:31.977160
velib,Vélib' Métropole,Paris,FR,1d59cee64768545a2f6672df4527d9c5,Michel-Ange - Parent de Rosan,48.840579923690115,2.2584119439125065,1,25,26,2026-02-17 14:02:31.977161,2026-02-17 14:02:31.977162
velib,Vélib' Métropole,Paris,FR,1daad4fb4fc37775a55aa6a1b73037dd,Paganini - Davout,48.85135,2.412021,5,16,21,2026-02-17 14:02:31.977163,2026-02-17 14:02:31.977164
velib,Vélib' Métropole,Paris,FR,1dc33c1476354de6609bcbf18e7a8f46,Sorbier - Gasnier-Guy,48.865217631011,2.3936596512794,0,33,33,2026-02-17 14:02:31.977165,2026-02-17 14:02:31.977166
velib,Vélib' Métropole,Paris,FR,1dc8f0a127db113cc4c1069f886fa365,Balard - Montagne de la Fage,48.838507403334,2.2782871127129,30,6,36,2026-02-17 14:02:31.977167,2026-02-17 14:02:31.977168
velib,Vélib' Métropole,Paris,FR,1e2a869341ba89aa51baa14ccc762f81,Clichy - Place Blanche,48.883601088297,2.3332237824798,2,18,20,2026-02-17 14:02:31.977170,2026-02-17 14:02:31.977171
velib,Vélib' Métropole,Paris,FR,1e4736707abc68279a370203e602ec55,Claude Vellefaux - Hôpital Saint-Louis,48.872859139003,2.3700717069851,1,29,30,2026-02-17 14:02:31.977176,2026-02-17 14:02:31.977177
velib,Vélib' Métropole,Paris,FR,1e8c85a636db368498ac6bb863c152ed,Place des Droits de l'Enfant,48.8274804,2.3319217,0,39,39,2026-02-17 14:02:31.977178,2026-02-17 14:02:31.977179
velib,Vélib' Métropole,Paris,FR,1e90aa257c0939488c0d4a8f67d4c137,Adrien Lesesne - Docteur Bauer,48.90263867304635,2.348248063431511,1,29,30,2026-02-17 14:02:31.977181,2026-02-17 14:02:31.977182
velib,Vélib' Métropole,Paris,FR,1f299fa19eee906cab1eec29b4aaf238,Vivienne - Montmartre,48.871347597383,2.3414588347077,53,1,54,2026-02-17 14:02:31.977183,2026-02-17 14:02:31.977184
velib,Vélib' Métropole,Paris,FR,1f74ab81295c9ceed1a5c6933aee68bc,Henri Chevreau - Couronnes,48.87033205312931,2.388777695596218,1,26,27,2026-02-17 14:02:31.977185,2026-02-17 14:02:31.977186
velib,Vélib' Métropole,Paris,FR,1f9b905a8c81f13481bea00a9b7d1ce9,Godot de Mauroy - Madeleine,48.869789,2.326347,21,1,22,2026-02-17 14:02:31.977187,2026-02-17 14:02:31.977188
velib,Vélib' Métropole,Paris,FR,1fb688102ebe18e0713df73c893653fd,Place de l'Europe - Alfortville,48.78913702405837,2.4284800887107854,5,18,23,2026-02-17 14:02:31.977190,2026-02-17 14:02:31.977191
velib,Vélib' Métropole,Paris,FR,1fc1f265c12713b6212bb35096be80ba,Chemin de Bretagne,48.824753068884,2.2588385956052,26,3,29,2026-02-17 14:02:31.977192,2026-02-17 14:02:31.977193
velib,Vélib' Métropole,Paris,FR,202bc241f3ad51d335edf3e3715accf6,Verdier - République,48.815403766277,2.31739372015,1,28,29,2026-02-17 14:02:31.977194,2026-02-17 14:02:31.977195
velib,Vélib' Métropole,Paris,FR,20387ec7fe3a5d6c217226f0b562f13f,Pailleron - Bouret,48.880516995482,2.3763902374411,5,22,27,2026-02-17 14:02:31.977196,2026-02-17 14:02:31.977197
velib,Vélib' Métropole,Paris,FR,2080624fcc46da588cc74c02998c04ba,Crimée - Ourcq,48.894104140316,2.3729460884673,7,49,56,2026-02-17 14:02:31.977199,2026-02-17 14:02:31.977199
velib,Vélib' Métropole,Paris,FR,208a36258a45cd2507cfcd6655242b7f,Victor Hugo - Paul Eluard,48.819602554907,2.4114319673051,10,22,32,2026-02-17 14:02:31.977201,2026-02-17 14:02:31.977202
velib,Vélib' Métropole,Paris,FR,208c9287fac632402ebba3c9cddcca66,Niger - Soult,48.84369906369085,2.410361237220498,5,18,23,2026-02-17 14:02:31.977203,2026-02-17 14:02:31.977204
velib,Vélib' Métropole,Paris,FR,20cacd05db2c72c975827c9af48a88b2,Pavé des Gardes - Charles Vaillant,48.81168551728,2.2111820107205,7,13,20,2026-02-17 14:02:31.977206,2026-02-17 14:02:31.977207
velib,Vélib' Métropole,Paris,FR,212a1e559d18d8b3f08ba8f5360fcdfd,Messine - Place Du Pérou,48.875448033960744,2.315508019010038,11,0,11,2026-02-17 14:02:31.977208,2026-02-17 14:02:31.977209
velib,Vélib' Métropole,Paris,FR,2145db942397eff83bf2a5778efe8192,Gare d'Asnières sur Seine,48.90636459217474,2.2835066914558415,14,10,24,2026-02-17 14:02:31.977211,2026-02-17 14:02:31.977212
velib,Vélib' Métropole,Paris,FR,21c672bac25b73d923af22282f5f7919,Dareau - Broussais,48.8307758,2.3361804,1,23,24,2026-02-17 14:02:31.977213,2026-02-17 14:02:31.977214
velib,Vélib' Métropole,Paris,FR,21d326792c9053440dcded0bd5cec380,Gare SNCF Vanves-Malakoff,48.819002163836444,2.292150005103606,7,44,51,2026-02-17 14:02:31.977215,2026-02-17 14:02:31.977216
velib,Vélib' Métropole,Paris,FR,21daa81bb88f96edf3e4c9b4c1e55621,Carpeaux - Place Jacques Froment,48.8906542,2.3309428,4,15,19,2026-02-17 14:02:31.977218,2026-02-17 14:02:31.977218
velib,Vélib' Métropole,Paris,FR,21dd121ff400eb6315235508f2d5cff0,Pontoise - La Tournelle,48.850458009188,2.3524542754922,20,2,22,2026-02-17 14:02:31.977220,2026-02-17 14:02:31.977221
velib,Vélib' Métropole,Paris,FR,21f6fc7e52c27d6f53e2efd8d04716e1,Manin - Secrétan,48.8791665,2.3787959,2,18,20,2026-02-17 14:02:31.977222,2026-02-17 14:02:31.977223
velib,Vélib' Métropole,Paris,FR,221fc867f41ead89dc0f824e6ac2dfa4,Pyrénées - Charles Renouvier,48.86095933229224,2.400421852042113,0,29,29,2026-02-17 14:02:31.977224,2026-02-17 14:02:31.977225
velib,Vélib' Métropole,Paris,FR,2230426898bead8cd27e2676aebf7872,Cardinal Lavigerie,48.832934193699835,2.402636749399156,5,41,46,2026-02-17 14:02:31.977226,2026-02-17 14:02:31.977227
velib,Vélib' Métropole,Paris,FR,226a0d91ca8223376402711fd4838710,Cité Riverin - Château d'Eau,48.870702423554306,2.358739863900845,14,4,18,2026-02-17 14:02:31.977229,2026-02-17 14:02:31.977230
velib,Vélib' Métropole,Paris,FR,2290cddc4d410f3ba5a827fa743b1657,Mathurins - Auber,48.872988840744,2.3294984212276,30,4,34,2026-02-17 14:02:31.977231,2026-02-17 14:02:31.977232
velib,Vélib' Métropole,Paris,FR,22aa7228a41424905e4271392d9c3429,Choron - Martyrs,48.877851443503,2.3396701365709,7,20,27,2026-02-17 14:02:31.977233,2026-02-17 14:02:31.977234
velib,Vélib' Métropole,Paris,FR,2354ee18d037948c0bb4e46f6d174892,Charles Lecocq - Lecourbe,48.84044,2.294867,7,37,44,2026-02-17 14:02:31.977235,2026-02-17 14:02:31.977236
velib,Vélib' Métropole,Paris,FR,23643ae84f6ad7ea1cfdc0a1cee8fbf0,Emeriau - Beaugrenelle,48.84791249714942,2.2843059897422795,62,11,73,2026-02-17 14:02:31.977238,2026-02-17 14:02:31.977239
velib,Vélib' Métropole,Paris,FR,23acd467af3c8f63afae56ec0627b2f1,Auguste Cain - Jean Moulin,48.82577028927573,2.3210415244102482,1,39,40,2026-02-17 14:02:31.977240,2026-02-17 14:02:31.977241
velib,Vélib' Métropole,Paris,FR,23e467cac827e599e58243d44f33e90b,Gare RER - Malleret-Joinville,48.802936,2.42531,8,12,20,2026-02-17 14:02:31.977242,2026-02-17 14:02:31.977243
velib,Vélib' Métropole,Paris,FR,23f48ed2b31046a2a3ebd10f93df7970,Versailles - Résistances,48.75695884522,2.3885755413796,0,1,1,2026-02-17 14:02:31.977244,2026-02-17 14:02:31.977245
velib,Vélib' Métropole,Paris,FR,240599c38090d4aeec006a2ec81194f7,Place aux Étoiles,48.91835629408464,2.3523425683379173,35,4,39,2026-02-17 14:02:31.977247,2026-02-17 14:02:31.977247
velib,Vélib' Métropole,Paris,FR,24250132e73a287f6c865014b88d4348,Arago - Glacière,48.83486054775774,2.3445770524322067,3,24,27,2026-02-17 14:02:31.977249,2026-02-17 14:02:31.977250
velib,Vélib' Métropole,Paris,FR,245619a344ea59289f61f27a9a69a146,Pajol - Place Herbert,48.8927825,2.3635598,2,37,39,2026-02-17 14:02:31.977251,2026-02-17 14:02:31.977252
velib,Vélib' Métropole,Paris,FR,24672256413558135ae326939db2d6b8,Boutroux - Porte de Vitry,48.822632,2.377738,42,6,48,2026-02-17 14:02:31.977253,2026-02-17 14:02:31.977254
velib,Vélib' Métropole,Paris,FR,247b13bd4c2dde7fd4230e0ecb48863d,Chabrol - d'Hauteville,48.877018388033,2.3513179644942,6,4,10,2026-02-17 14:02:31.977256,2026-02-17 14:02:31.977257
velib,Vélib' Métropole,Paris,FR,251ac2694034f208692b43b3bec48a9c,Oratoire - Rivoli,48.861342760889,2.3400047421455,15,2,17,2026-02-17 14:02:31.977258,2026-02-17 14:02:31.977259
velib,Vélib' Métropole,Paris,FR,261f2285f41710bca115313d1f92136b,René Binet - Porte de Montmartre,48.89905109950848,2.3365534096956253,6,31,37,2026-02-17 14:02:31.977260,2026-02-17 14:02:31.977261
velib,Vélib' Métropole,Paris,FR,265b3b57c13220c4331940be4554ee05,Parvis Corentin Celton,48.827472525227,2.2784319519997,46,8,54,2026-02-17 14:02:31.977262,2026-02-17 14:02:31.977263
velib,Vélib' Métropole,Paris,FR,266f33f976ef824cc72363f0846b5bf9,Stalingrad - Germaine Tailleferre,48.80257200481316,2.3786691203713417,0,25,25,2026-02-17 14:02:31.977265,2026-02-17 14:02:31.977266
velib,Vélib' Métropole,Paris,FR,268880c2481e7aa03975a7f4ee985945,Square Boucicaut,48.851296433665276,2.325061820447445,57,3,60,2026-02-17 14:02:31.977268,2026-02-17 14:02:31.977269
velib,Vélib' Métropole,Paris,FR,268b2a76ece2f9c08373a4d7f4437d3e,Neuve Saint-Pierre - Beautreillis,48.85355351439652,2.3639122769236565,14,6,20,2026-02-17 14:02:31.977270,2026-02-17 14:02:31.977271
velib,Vélib' Métropole,Paris,FR,26a2b9a78176ab057ac5b826aea3df83,Mairie de Montreuil,48.86131452758348,2.440614402294159,31,21,52,2026-02-17 14:02:31.977273,2026-02-17 14:02:31.977274
velib,Vélib' Métropole,Paris,FR,26c2ac5812042b875b3eb4b926bcd75d,Place Jacques Madaule,48.823933787309,2.2606918215752,22,3,25,2026-02-17 14:02:31.977275,2026-02-17 14:02:31.977276
velib,Vélib' Métropole,Paris,FR,26cddaf7c8a7b85d5dbd6eeda7437227,Goutte d'or - Barbès,48.885124323627,2.3496962338686,3,16,19,2026-02-17 14:02:31.977277,2026-02-17 14:02:31.977278
velib,Vélib' Métropole,Paris,FR,272f3a4dcb736bbca88186c7915c3f8e,Pierre Levée - Fontaine Timbaud,48.86632723374305,2.3711163550615306,0,23,23,2026-02-17 14:02:31.977279,2026-02-17 14:02:31.977280
velib,Vélib' Métropole,Paris,FR,2752924d95aa4e9666f9bb3b348c5510,Rapp - Place du Général Gouraud,48.858102885107,2.3004072904587,30,1,31,2026-02-17 14:02:31.977282,2026-02-17 14:02:31.977283
velib,Vélib' Métropole,Paris,FR,276ee5fd17903428713e17a020509fa5,Didot - Mariniers,48.82650543613106,2.313136198271666,2,33,35,2026-02-17 14:02:31.977284,2026-02-17 14:02:31.977285
velib,Vélib' Métropole,Paris,FR,2776291e78769421a5615e5dac2adcc2,Botzaris - Parc des Buttes Chaumont,48.877951,2.381464,3,17,20,2026-02-17 14:02:31.977286,2026-02-17 14:02:31.977287
velib,Vélib' Métropole,Paris,FR,279b2f5c375701710a42393d927b91ed,Commandant Schloesing - Pétrarque,48.861773096259,2.2838841134601,6,23,29,2026-02-17 14:02:31.977288,2026-02-17 14:02:31.977289
velib,Vélib' Métropole,Paris,FR,27bde1c8b2832e7f88b2c34a98ec4404,Rochechouart lamartine,48.876719895109,2.344393021854,14,9,23,2026-02-17 14:02:31.977290,2026-02-17 14:02:31.977291
velib,Vélib' Métropole,Paris,FR,27c2d6c0f45eca5f901bd7ace73cd681,Departement - Pajol,48.886674849730184,2.3613611608743668,0,19,19,2026-02-17 14:02:31.977293,2026-02-17 14:02:31.977294
velib,Vélib' Métropole,Paris,FR,27c45001b48e6b0c3965b412f618d813,Place Jean-Spire-Lemaître,48.8468428626593,2.452062070369721,5,45,50,2026-02-17 14:02:31.977295,2026-02-17 14:02:31.977296
velib,Vélib' Métropole,Paris,FR,27d39e9bf1b0da3dc2d71f4e47d4c126,Stade de la Habette,48.774397033806,2.4668785263921,13,3,16,2026-02-17 14:02:31.977297,2026-02-17 14:02:31.977298
velib,Vélib' Métropole,Paris,FR,27d5bbf1a7a5546c90998877e29784d8,Henri Ravera - Gabriel Péri,48.79722273833844,2.302115857601166,0,29,29,2026-02-17 14:02:31.977299,2026-02-17 14:02:31.977300
velib,Vélib' Métropole,Paris,FR,27eb3f90a519f2ca311178ba0f8578c7,Marc Sangnier - Division Leclerc,48.78599652305309,2.329955510795116,5,18,23,2026-02-17 14:02:31.977302,2026-02-17 14:02:31.977303
velib,Vélib' Métropole,Paris,FR,27f24e910c5e5808753e43fb433da652,Villiers de l'Isle Adam - Pyrénées,48.867362,2.396222,0,20,20,2026-02-17 14:02:31.977304,2026-02-17 14:02:31.977305
velib,Vélib' Métropole,Paris,FR,281a7a505fde3c88b6f1d7a969e8fdb9,Guy Môquet - Jean Moulin,48.940931521020836,2.363948999931771,26,4,30,2026-02-17 14:02:31.977306,2026-02-17 14:02:31.977307
velib,Vélib' Métropole,Paris,FR,281bdbb6f993bf229a037a68efb15c2b,Victor Cresson - Telles de la Poterie,48.822698842979,2.2686498274964,12,19,31,2026-02-17 14:02:31.977308,2026-02-17 14:02:31.977309
velib,Vélib' Métropole,Paris,FR,281f63e3ebe03662ab58d33eb261a239,Square Alban Satragne,48.875388227727,2.3559567333359,2,28,30,2026-02-17 14:02:31.977311,2026-02-17 14:02:31.977311
velib,Vélib' Métropole,Paris,FR,2823cf5b3d1be84df060c6201455791f,Payenne - Square George Caïn,48.8578329,2.3622643,18,5,23,2026-02-17 14:02:31.977314,2026-02-17 14:02:31.977315
velib,Vélib' Métropole,Paris,FR,282ed329db5ce418efeb668f71ca6e80,Sorbier - Ménilmontant,48.868542395661,2.3897721245885,1,23,24,2026-02-17 14:02:31.977317,2026-02-17 14:02:31.977317
velib,Vélib' Métropole,Paris,FR,28d31d4e0cc50e2c47b4c2364822f512,Favart - Italiens,48.871446353921,2.3382901058508,15,1,16,2026-02-17 14:02:31.977319,2026-02-17 14:02:31.977320
velib,Vélib' Métropole,Paris,FR,28e594671e64cb4d0791c989b60c6568,Suresnes - Muette à Neuilly,48.868570404348,2.266000919044,7,21,28,2026-02-17 14:02:31.977321,2026-02-17 14:02:31.977322
velib,Vélib' Métropole,Paris,FR,290a4727283522b5bb39789462a1e241,Gare de la Garenne-Colombes,48.909752,2.239145,10,18,28,2026-02-17 14:02:31.977323,2026-02-17 14:02:31.977324
velib,Vélib' Métropole,Paris,FR,2937695fcc7dc6bc7669a8f85fd6d90c,Grenelle - Dr Finlay,48.851315406715976,2.2919502854347233,62,7,69,2026-02-17 14:02:31.977325,2026-02-17 14:02:31.977326
velib,Vélib' Métropole,Paris,FR,29393147b7a3fc308c9a2fcd28a4313f,Avenue de la Paix - Chaillon,48.935291060802,2.3260894310459,0,19,19,2026-02-17 14:02:31.977328,2026-02-17 14:02:31.977329
velib,Vélib' Métropole,Paris,FR,29e2c03ea7b6145d916381f724b7e00a,Halles - Bourdonnais,48.860448992575,2.3460162431002,12,8,20,2026-02-17 14:02:31.977330,2026-02-17 14:02:31.977331
velib,Vélib' Métropole,Paris,FR,29f54fb4923c0fbdedb3fa4604021806,Porte Molitor,48.84524763511433,2.2569015249609947,18,41,59,2026-02-17 14:02:31.977332,2026-02-17 14:02:31.977333
velib,Vélib' Métropole,Paris,FR,2a2270c2b8219e7d1d42e34610cf684e,Censier - Santeuil,48.840658921385234,2.3537524044513702,48,21,69,2026-02-17 14:02:31.977334,2026-02-17 14:02:31.977335
velib,Vélib' Métropole,Paris,FR,2a805be4d04fa8ad9ae78e94296769fb,Eglise d'Auteuil,48.84749841771691,2.26848387135299,10,9,19,2026-02-17 14:02:31.977337,2026-02-17 14:02:31.977338
velib,Vélib' Métropole,Paris,FR,2a9da376ac6c1fa42ce36ee7f72dd022,Place Mireille Havet,48.850533,2.383756,27,14,41,2026-02-17 14:02:31.977339,2026-02-17 14:02:31.977340
velib,Vélib' Métropole,Paris,FR,2a9ebc217a345318014a16d3f70d4b22,Pelleport - Belgrand,48.86500081847653,2.403980836377493,4,11,15,2026-02-17 14:02:31.977341,2026-02-17 14:02:31.977342
velib,Vélib' Métropole,Paris,FR,2aa45896913646ae2528845fc1f58d89,Louis Ganne - Davout,48.86338720692607,2.409725748002529,1,29,30,2026-02-17 14:02:31.977343,2026-02-17 14:02:31.977344
velib,Vélib' Métropole,Paris,FR,2ae8d79571209a789d0fe7c505d0d4ba,Place Paul Delouvrier,48.89197621431365,2.3851288855075836,1,41,42,2026-02-17 14:02:31.977346,2026-02-17 14:02:31.977347
velib,Vélib' Métropole,Paris,FR,2aff5012fdc7d92b3de63c46102a498f,Place du 8 mai 1945.,48.938882272105,2.3566243797541,10,19,29,2026-02-17 14:02:31.977348,2026-02-17 14:02:31.977349
velib,Vélib' Métropole,Paris,FR,2b359dff323a351f0e1d796575115e66,Place Marcel Sembat,48.833288650307,2.2441747784615,25,31,56,2026-02-17 14:02:31.977350,2026-02-17 14:02:31.977351
velib,Vélib' Métropole,Paris,FR,2b3d4bbfbaa9cd216fbce4765e18748e,René Coty - Parc Montsouris,48.82479134498032,2.336124926805496,1,54,55,2026-02-17 14:02:31.977352,2026-02-17 14:02:31.977353
velib,Vélib' Métropole,Paris,FR,2b5f17fba9f9b98be89041aa0992a91f,Gare de Lyon - Roland Barthes,48.84395729494058,2.3790882155299187,43,24,67,2026-02-17 14:02:31.977355,2026-02-17 14:02:31.977355
velib,Vélib' Métropole,Paris,FR,2c1b9fe1588f2a55133e8ecced090087,Etienne Jodelle - Saint Ouen,48.88794016394694,2.326124420314341,2,30,32,2026-02-17 14:02:31.977357,2026-02-17 14:02:31.977358
velib,Vélib' Métropole,Paris,FR,2c205f7bb1fd371482a873430c18782f,Gambetta - Michelet,48.85273792380526,2.429966032505036,5,28,33,2026-02-17 14:02:31.977360,2026-02-17 14:02:31.977361
velib,Vélib' Métropole,Paris,FR,2c30ff78fb8e28fb3d8b5d188ccaff1c,Nationale - Place Jules Guesde,48.82753962462998,2.2416052222251897,22,1,23,2026-02-17 14:02:31.977363,2026-02-17 14:02:31.977364
velib,Vélib' Métropole,Paris,FR,2c38cae4040f4b27d0b24964c3dc07ab,Place Mongolfier,48.815160030060376,2.4592879414558415,29,10,39,2026-02-17 14:02:31.977365,2026-02-17 14:02:31.977366
velib,Vélib' Métropole,Paris,FR,2cc0d761d2c41fb4682a1adfbc26ae05,Chaussée d'Antin - Haussmann,48.87243,2.33359,26,2,28,2026-02-17 14:02:31.977367,2026-02-17 14:02:31.977368
velib,Vélib' Métropole,Paris,FR,2d069981e284a5c1823272e245f77f13,Quai de Seine - Pont de l'île-Saint-Denis,48.935421446598,2.3408389473018,5,20,25,2026-02-17 14:02:31.977369,2026-02-17 14:02:31.977370
velib,Vélib' Métropole,Paris,FR,2d0c2d53a9b62caea540c8e4f529df1e,Hôtel de Ville de Créteil,48.77699496201,2.4552552404284,23,13,36,2026-02-17 14:02:31.977372,2026-02-17 14:02:31.977373
velib,Vélib' Métropole,Paris,FR,2d53d2e91ab142e2b6050d7f229c1060,Maine - Jean Zay,48.837925263898,2.3225428909063,12,38,50,2026-02-17 14:02:31.977374,2026-02-17 14:02:31.977375
velib,Vélib' Métropole,Paris,FR,2d86c0b00554a00eb8b9b1e7a2c3aab2,Volontaires - Lecourbe,48.84351378799,2.3065522313118,14,17,31,2026-02-17 14:02:31.977376,2026-02-17 14:02:31.977377
velib,Vélib' Métropole,Paris,FR,2db96468e027a48d90959e98d750f4e3,Louis Pasteur - Albert Petit,48.796261,2.317289,14,17,31,2026-02-17 14:02:31.977378,2026-02-17 14:02:31.977379
velib,Vélib' Métropole,Paris,FR,2de232dd7a9284601174505b385cdb6f,Louis Blanc - Aqueduc,48.882030182599,2.363561578095,3,32,35,2026-02-17 14:02:31.977381,2026-02-17 14:02:31.977382
velib,Vélib' Métropole,Paris,FR,2de8ebd65ce0988a44d6e9334e031102,Square du Carrefour de l'Insurrection,48.820864559770676,2.291113436222077,3,20,23,2026-02-17 14:02:31.977383,2026-02-17 14:02:31.977384
velib,Vélib' Métropole,Paris,FR,2e0326354d6b192d8f393026d3bcf525,Metz - Marne,48.891163,2.3865705,10,21,31,2026-02-17 14:02:31.977385,2026-02-17 14:02:31.977386
velib,Vélib' Métropole,Paris,FR,2ea4d538f6ba5090bb569884d4050434,Perrault - Place du Louvre,48.860273568996,2.3412468419093,25,1,26,2026-02-17 14:02:31.977387,2026-02-17 14:02:31.977388
velib,Vélib' Métropole,Paris,FR,2ef58c63ca426a656a16e9fb47a70ea1,Gare Routière de Saint Cloud,48.84288183896324,2.222245037555695,22,9,31,2026-02-17 14:02:31.977390,2026-02-17 14:02:31.977391
velib,Vélib' Métropole,Paris,FR,2f1849de3b0950efa3c1f6ff643e1dc3,Exelmans - Versailles,48.84097491091973,2.264390252530575,24,22,46,2026-02-17 14:02:31.977392,2026-02-17 14:02:31.977393
velib,Vélib' Métropole,Paris,FR,2f63b8646fd510de01be41619be925fb,Président Wilson - Jean Jaures,48.89034054052266,2.2920683026313786,13,13,26,2026-02-17 14:02:31.977394,2026-02-17 14:02:31.977395
velib,Vélib' Métropole,Paris,FR,2f6d0167a95821501cfb9211437e490e,Square Georges Melies,48.84070239213081,2.409667745232582,10,25,35,2026-02-17 14:02:31.977396,2026-02-17 14:02:31.977397
velib,Vélib' Métropole,Paris,FR,2fb8cc6d815cc5d8c44e833b84caacc8,Cadix - Hameau,48.8340107632249,2.289516180753708,17,19,36,2026-02-17 14:02:31.977399,2026-02-17 14:02:31.977400
velib,Vélib' Métropole,Paris,FR,2fd1582673f2cde85fbf37c87099f528,Place Centrale,48.78740167690531,2.2278830409049992,2,20,22,2026-02-17 14:02:31.977401,2026-02-17 14:02:31.977402
velib,Vélib' Métropole,Paris,FR,301c03cb4f7233db98908633196d4ea2,Choisy - Tolbiac,48.82591155587,2.3602393269539,3,17,20,2026-02-17 14:02:31.977403,2026-02-17 14:02:31.977404
velib,Vélib' Métropole,Paris,FR,3022e33f6e71604420cd9cebd2dcffd1,Mauroy - Cheminots,48.897715198403,2.357895075822,5,27,32,2026-02-17 14:02:31.977405,2026-02-17 14:02:31.977406
velib,Vélib' Métropole,Paris,FR,302b7e83d0ff4a0ca62b47b683cf116f,Reuilly - Daumesnil,48.8395385,2.3972516,1,35,36,2026-02-17 14:02:31.977408,2026-02-17 14:02:31.977409
velib,Vélib' Métropole,Paris,FR,3030fb7c83d67f320414d39cefc7beb0,Gardenat-Lapostol - Velettes,48.87387,2.224185,6,14,20,2026-02-17 14:02:31.977410,2026-02-17 14:02:31.977411
velib,Vélib' Métropole,Paris,FR,30a76154cd42296d2efde9ea6d974e26,Porte Saint-Martin,48.86860172112996,2.35570102930069,15,18,33,2026-02-17 14:02:31.977412,2026-02-17 14:02:31.977413
velib,Vélib' Métropole,Paris,FR,30ce1cb040bb4fdc380433d5a1bf0872,Place Jacques et Thérèse Tréfouël,48.842726498317,2.3125657439232,5,38,43,2026-02-17 14:02:31.977414,2026-02-17 14:02:31.977415
velib,Vélib' Métropole,Paris,FR,30cf4172f57a7f82dc5927b8fdbcc551,Chateau,48.774661399959,2.3135878035462,4,17,21,2026-02-17 14:02:31.977417,2026-02-17 14:02:31.977417
velib,Vélib' Métropole,Paris,FR,30df735431c23fca3387117b33edce2b,Stalingrad - Désiré Chevalier,48.85670169739857,2.445072233676911,3,39,42,2026-02-17 14:02:31.977419,2026-02-17 14:02:31.977420
velib,Vélib' Métropole,Paris,FR,30ed4c7a0cf4657e82e74b20d03e08d7,Marne - Charles de Gaulle,48.815071719544434,2.4121668934822087,5,22,27,2026-02-17 14:02:31.977421,2026-02-17 14:02:31.977422
velib,Vélib' Métropole,Paris,FR,30f29cd55a3ca6c8146a034307c09972,Grilles - Honoré d'Estienne d'Orves,48.890439299703,2.4066777712134,0,23,23,2026-02-17 14:02:31.977423,2026-02-17 14:02:31.977424
velib,Vélib' Métropole,Paris,FR,31443b36df8505669e80765f7b45b13a,Fontainebleau - Edmond Michelet,48.80956436844049,2.3626908659935,4,41,45,2026-02-17 14:02:31.977425,2026-02-17 14:02:31.977426
velib,Vélib' Métropole,Paris,FR,315c13f5430fa293bc523362d2c9c64e,Gabriel Péri - Francisco Ferrer,48.88633710236977,2.407338917255402,3,14,17,2026-02-17 14:02:31.977428,2026-02-17 14:02:31.977429
velib,Vélib' Métropole,Paris,FR,316cdd58d583799d82bec21aafd308f4,Raspail - Albert Schweitzer,48.81031545,2.34395871,12,15,27,2026-02-17 14:02:31.977430,2026-02-17 14:02:31.977431
velib,Vélib' Métropole,Paris,FR,31898cae6430324c73533caedfbb72b6,Place du Général de Gaulle,48.8525288,2.4877332,13,13,26,2026-02-17 14:02:31.977432,2026-02-17 14:02:31.977433
velib,Vélib' Métropole,Paris,FR,31a0e7e0c55261923e2025c455d49a41,Place Pasdeloup,48.862654215631,2.3670325062844,17,4,21,2026-02-17 14:02:31.977434,2026-02-17 14:02:31.977435
velib,Vélib' Métropole,Paris,FR,323ff75e83a2550646f17439b335ff4a,Place Alphonse Deville,48.850188262662,2.3275961726904,21,2,23,2026-02-17 14:02:31.977437,2026-02-17 14:02:31.977437
velib,Vélib' Métropole,Paris,FR,32acb215413db237650729bfa8f859bf,Théâtre de La Garenne,48.905658361454,2.2345951981176,10,9,19,2026-02-17 14:02:31.977439,2026-02-17 14:02:31.977440
velib,Vélib' Métropole,Paris,FR,32ba0569580e2373a9b0dc8153159109,Blaise-Desgoffe - Vaugirard,48.846128877747,2.3242672160268,8,23,31,2026-02-17 14:02:31.977441,2026-02-17 14:02:31.977442
velib,Vélib' Métropole,Paris,FR,32db52ba4c92c434164b03d0fed16542,Bobillot - Tolbiac,48.8255961335041,2.350204177200794,2,31,33,2026-02-17 14:02:31.977443,2026-02-17 14:02:31.977444
velib,Vélib' Métropole,Paris,FR,32dd10305074ec74c0e7ce64b5fd652a,Jardin de l'Hospice Debrousse,48.861451061938,2.40568600595,0,23,23,2026-02-17 14:02:31.977445,2026-02-17 14:02:31.977446
velib,Vélib' Métropole,Paris,FR,330a64235b680e966b0d2fba023bc75d,Bastille - Biscornet,48.851355779579,2.369220033288,52,9,61,2026-02-17 14:02:31.977448,2026-02-17 14:02:31.977449
velib,Vélib' Métropole,Paris,FR,33c87c4c91c2e7f0157a0ddf4f024f3f,Jean Bleuzen - Square du 11 Novembre,48.8232579,2.2965213,9,40,49,2026-02-17 14:02:31.977454,2026-02-17 14:02:31.977455
velib,Vélib' Métropole,Paris,FR,343827d04125679d3aa87c61f025e562,Navier - Epinettes,48.89587780769155,2.3226776719093327,7,44,51,2026-02-17 14:02:31.977457,2026-02-17 14:02:31.977458
velib,Vélib' Métropole,Paris,FR,346ca47e65c8d9109463e93a9b147742,Saint-Fargeau - Mortier,48.87266656122256,2.407912909984589,1,29,30,2026-02-17 14:02:31.977459,2026-02-17 14:02:31.977460
velib,Vélib' Métropole,Paris,FR,34f0fcf20c0cbce722543d0a08a43773,Square Denise Buisson,48.8562322730982,2.426436245441437,12,32,44,2026-02-17 14:02:31.977461,2026-02-17 14:02:31.977462
velib,Vélib' Métropole,Paris,FR,352d5d15138c67ee90d6296b47e195c8,Bois de Vincennes.,48.8338064,2.4132221,2,58,60,2026-02-17 14:02:31.977463,2026-02-17 14:02:31.977464
velib,Vélib' Métropole,Paris,FR,353550bd63fd0e87ff8a561612294312,Villiers - Batignolles,48.881252538461,2.3165384307504,5,17,22,2026-02-17 14:02:31.977466,2026-02-17 14:02:31.977467
velib,Vélib' Métropole,Paris,FR,35dc537a4273db98b9d5c906379c160e,Cartier Bresson - Denis Papin,48.902616,2.397814,5,24,29,2026-02-17 14:02:31.977468,2026-02-17 14:02:31.977469
velib,Vélib' Métropole,Paris,FR,35dde203e8309584f0f623491acb6c67,Pont Neuf - Rivoli,48.860089892617,2.344057559967,24,3,27,2026-02-17 14:02:31.977470,2026-02-17 14:02:31.977471
velib,Vélib' Métropole,Paris,FR,3603e235012ae327335a8e4461486b76,Vincent Auriol - Louise Weiss,48.834001935501,2.3703888058662,22,0,22,2026-02-17 14:02:31.977472,2026-02-17 14:02:31.977473
velib,Vélib' Métropole,Paris,FR,362591c2bcac06632f54009ef8c2f242,Quai du docteur Dervaux,48.910482,2.297998,16,8,24,2026-02-17 14:02:31.977474,2026-02-17 14:02:31.977475
velib,Vélib' Métropole,Paris,FR,367a1f15db5338cf4cba80377491b039,Jean de la Fontaine - Boulainvilliers,48.85264791461651,2.2758664190769196,49,18,67,2026-02-17 14:02:31.977477,2026-02-17 14:02:31.977478
velib,Vélib' Métropole,Paris,FR,369df960ee33506c3a598f5fe8f778d9,Saint-Jacques - Val de Grâce,48.8417514,2.3413893,12,7,19,2026-02-17 14:02:31.977479,2026-02-17 14:02:31.977480
velib,Vélib' Métropole,Paris,FR,36d0e0371b58988254c3939a8ff97d27,Parvis Robert Schuman - Roger Salengro,48.812657470558754,2.1921751275658607,8,16,24,2026-02-17 14:02:31.977481,2026-02-17 14:02:31.977482
velib,Vélib' Métropole,Paris,FR,37466f5cdf07126eb517496fe4ed9b34,Place du Lieutenant Henri Karcher,48.863490871724466,2.3400671035051346,30,0,30,2026-02-17 14:02:31.977483,2026-02-17 14:02:31.977484
velib,Vélib' Métropole,Paris,FR,37510b43396831beecfc276f3087fcb9,Regard - Rennes,48.847385404956,2.3268555477262,43,2,45,2026-02-17 14:02:31.977486,2026-02-17 14:02:31.977487
velib,Vélib' Métropole,Paris,FR,37906585c441a31adf9a7503223f83db,Pereire - Place de Wagram,48.887070607581215,2.304111124531457,2,44,46,2026-02-17 14:02:31.977488,2026-02-17 14:02:31.977489
velib,Vélib' Métropole,Paris,FR,3794bafb87c7524715ffca9eb0b8f60c,Simone Signoret - Paris,48.903600624712865,2.465406596265139,8,19,27,2026-02-17 14:02:31.977490,2026-02-17 14:02:31.977491
velib,Vélib' Métropole,Paris,FR,3796cdf0f0ff7b72a9cfa1ed01c60ef0,Place de Passy,48.85780291711202,2.277500546942199,2,12,14,2026-02-17 14:02:31.977492,2026-02-17 14:02:31.977493
velib,Vélib' Métropole,Paris,FR,37a2ba913c8152ebeddb3228fb210d15,Filles Saint-Thomas - Place de la Bourse,48.868899890853,2.3397543845203,51,3,54,2026-02-17 14:02:31.977495,2026-02-17 14:02:31.977496
velib,Vélib' Métropole,Paris,FR,37bcd0ffd81d5c43f790ccef84cce304,Laumière - Petit,48.88467368538326,2.380039058625698,2,32,34,2026-02-17 14:02:31.977497,2026-02-17 14:02:31.977498
velib,Vélib' Métropole,Paris,FR,37f52e87678de52101456c4e9b386b1b,BNF - Bibliothèque Nationale de France,48.8350268238,2.3760157451034,53,2,55,2026-02-17 14:02:31.977499,2026-02-17 14:02:31.977500
velib,Vélib' Métropole,Paris,FR,382a0f4f24b043e0abb2833231bdacc2,Greneta - Sebastopol,48.865242333228,2.3516669869423,23,8,31,2026-02-17 14:02:31.977501,2026-02-17 14:02:31.977502
velib,Vélib' Métropole,Paris,FR,387041541615afe527a3ab9790523db4,Prague - Théophile Roussel,48.850330563516,2.3758223011125,31,2,33,2026-02-17 14:02:31.977504,2026-02-17 14:02:31.977505
velib,Vélib' Métropole,Paris,FR,3875a220eeda14d9a7c8ffc6b064dc7a,Porte de Saint Cloud - Parc des Princes,48.838662757066,2.2525164484978,18,14,32,2026-02-17 14:02:31.977506,2026-02-17 14:02:31.977507
velib,Vélib' Métropole,Paris,FR,38787182226b5ab865aadc3b85851db5,Chevreuse - Montparnasse,48.841739161231,2.3315522167367,11,4,15,2026-02-17 14:02:31.977508,2026-02-17 14:02:31.977509
velib,Vélib' Métropole,Paris,FR,3894522337ae96decb2834df121c0b82,Jules Ferry - Faubourg du Temple Paris,48.868397,2.3678933,15,38,53,2026-02-17 14:02:31.977510,2026-02-17 14:02:31.977511
velib,Vélib' Métropole,Paris,FR,389eb96c087a32563d11a89445d0f9c1,Stade Auguste Delaune,48.80896378683884,2.4345204234123234,12,9,21,2026-02-17 14:02:31.977513,2026-02-17 14:02:31.977513
velib,Vélib' Métropole,Paris,FR,38a3725933e44fe735eb8159acf36757,Gare RER les Saules - Chandigarh,48.745653981945,2.4169882184347,15,3,18,2026-02-17 14:02:31.977515,2026-02-17 14:02:31.977516
velib,Vélib' Métropole,Paris,FR,38cc0c77f1211698c3fb1fad4b0ee1cc,Charonne - Pierre Bayle,48.858445054262,2.3903981223891,1,22,23,2026-02-17 14:02:31.977517,2026-02-17 14:02:31.977518
velib,Vélib' Métropole,Paris,FR,390f9f30f07014d72c634dd0da33dc7e,Paul Vaillant-Couturier - Victor Hugo,48.89819702263572,2.293848017974069,30,6,36,2026-02-17 14:02:31.977519,2026-02-17 14:02:31.977520
velib,Vélib' Métropole,Paris,FR,3933d1b444d5638dba6f81dc30446178,Louis Blanc - La Chapelle,48.884008964514,2.3599335551262,4,17,21,2026-02-17 14:02:31.977521,2026-02-17 14:02:31.977522
velib,Vélib' Métropole,Paris,FR,393d9ce85433bb87d91759030a46beda,Francoeur - Caulaincourt,48.8899944409612,2.342529706656933,3,31,34,2026-02-17 14:02:31.977524,2026-02-17 14:02:31.977525
velib,Vélib' Métropole,Paris,FR,39cf56a8f11ed63743472daea6a16a8d,Arsène Houssaye - Champs-Elysées,48.873409276267,2.2977904602885,0,0,0,2026-02-17 14:02:31.977526,2026-02-17 14:02:31.977527
velib,Vélib' Métropole,Paris,FR,39d8fc61230545443118ddd46ed13027,Mahatma Gandhi,48.876356,2.264205,3,22,25,2026-02-17 14:02:31.977528,2026-02-17 14:02:31.977529
velib,Vélib' Métropole,Paris,FR,39f7a9df157d3880003cc0d4a8fdf993,Sarrette - Général Leclerc,48.825030852925,2.3264128693982,3,19,22,2026-02-17 14:02:31.977530,2026-02-17 14:02:31.977531
velib,Vélib' Métropole,Paris,FR,3a05079f559fff0b86fa2bf0921a2f11,Louis Lumière - Porte de Bagnolet,48.86431136,2.4105210229754,1,19,20,2026-02-17 14:02:31.977533,2026-02-17 14:02:31.977533
velib,Vélib' Métropole,Paris,FR,3a4b41ac0677794a7209295f5699987b,Porte de Ménilmontant,48.8691543609174,2.40932246879487,0,15,15,2026-02-17 14:02:31.977535,2026-02-17 14:02:31.977536
velib,Vélib' Métropole,Paris,FR,3b7771b8286349881fb9e5b67577eed5,Amelot - Saint-Sébastien,48.861142162761,2.3677996181077,7,20,27,2026-02-17 14:02:31.977537,2026-02-17 14:02:31.977538
velib,Vélib' Métropole,Paris,FR,3ba5474502d0aa75bdd2bfcbd01e01cf,Cevennes - Bergers,48.84240765130395,2.281037718057633,22,7,29,2026-02-17 14:02:31.977539,2026-02-17 14:02:31.977540
velib,Vélib' Métropole,Paris,FR,3bbfdd931d250dcdfe674240bf4405b0,Emeriau - Place de Brazzaville,48.850785261674964,2.2871585190296173,47,4,51,2026-02-17 14:02:31.977541,2026-02-17 14:02:31.977542
velib,Vélib' Métropole,Paris,FR,3be1320ee7dbc537ffad3def5ff5a93e,Louis Blanc - Jemmapes,48.879330755297,2.3684485629201,1,30,31,2026-02-17 14:02:31.977545,2026-02-17 14:02:31.977546
velib,Vélib' Métropole,Paris,FR,3be6e431d53d63d955f5581d182b4526,Tombe Issoire - René Coty,48.830512876709,2.3343613743782,2,34,36,2026-02-17 14:02:31.977547,2026-02-17 14:02:31.977548
velib,Vélib' Métropole,Paris,FR,3c7c067b5bac73d5215d3d88b5a6f1cd,Place de l'Édit de Nantes,48.88879,2.3785,9,21,30,2026-02-17 14:02:31.977549,2026-02-17 14:02:31.977550
velib,Vélib' Métropole,Paris,FR,3cc2baaa200956820d5c8251505afd0e,Mutualité,48.848225572724,2.3502873256803,36,1,37,2026-02-17 14:02:31.977551,2026-02-17 14:02:31.977552
velib,Vélib' Métropole,Paris,FR,3cd0708a32246f89a7d2ec3fe9c51851,Quai de la Gare - Pont de Bercy,48.83730787972,2.3740861260598,29,1,30,2026-02-17 14:02:31.977554,2026-02-17 14:02:31.977555
velib,Vélib' Métropole,Paris,FR,3d73de49edcca885c3a7853f26193b02,Delphine Seyrig - Général Leclerc,48.893923963057865,2.39790290594101,7,45,52,2026-02-17 14:02:31.977556,2026-02-17 14:02:31.977557
velib,Vélib' Métropole,Paris,FR,3db84decfb18c8fbe9191cf0de04b66f,Vinaigriers - Magenta,48.8731167,2.3593052,14,11,25,2026-02-17 14:02:31.977558,2026-02-17 14:02:31.977559
velib,Vélib' Métropole,Paris,FR,3e221512a12ed4319f995e918e3ce88c,République - Henri Barbusse,48.90661553626751,2.389432489871979,2,29,31,2026-02-17 14:02:31.977560,2026-02-17 14:02:31.977561
velib,Vélib' Métropole,Paris,FR,3e24a74dd6773969e24d741940fc1290,Guillaume Bertrand - République,48.863825174341,2.380906377155,4,33,37,2026-02-17 14:02:31.977563,2026-02-17 14:02:31.977564
velib,Vélib' Métropole,Paris,FR,3e642ca8658cec670e9bffdc3037b285,Douai - Pierre Fontaine,48.88229101148092,2.33324121683836,2,22,24,2026-02-17 14:02:31.977565,2026-02-17 14:02:31.977566
velib,Vélib' Métropole,Paris,FR,3ea251a4fc21f092deac9200385d45c2,Jean Moulin - Paul Doumer,48.8622179854695,2.45533436536789,2,18,20,2026-02-17 14:02:31.977567,2026-02-17 14:02:31.977568
velib,Vélib' Métropole,Paris,FR,3eabc45c80180c6ff26055d38748820d,Lallier - Trudaine ,48.88109246617963,2.3408224806189537,9,20,29,2026-02-17 14:02:31.977569,2026-02-17 14:02:31.977570
velib,Vélib' Métropole,Paris,FR,3ed17c508b4538fcf203e3114082ac0c,Gabrielle Josserand - Edouard Vaillant,48.90271566255436,2.3933270573616032,12,13,25,2026-02-17 14:02:31.977572,2026-02-17 14:02:31.977573
velib,Vélib' Métropole,Paris,FR,3ef1bff58e21edbad3d9f7bee43c7f8c,Marie-Georges Picquart - Pereire,48.88863669349711,2.3111706599593163,4,28,32,2026-02-17 14:02:31.977574,2026-02-17 14:02:31.977575
velib,Vélib' Métropole,Paris,FR,3f12591c7b9417fc704044046aafc68e,Anatole France - Jean Lolive,48.8949922,2.4253764,11,17,28,2026-02-17 14:02:31.977576,2026-02-17 14:02:31.977577
velib,Vélib' Métropole,Paris,FR,3f833cf21e3ba82576bd4ed526aebe92,Flandre - Ourcq,48.89260159189023,2.3790915682911873,8,22,30,2026-02-17 14:02:31.977578,2026-02-17 14:02:31.977579
velib,Vélib' Métropole,Paris,FR,3f9290134bb9cc2bfabaa5ee66f4c1ae,Square du Théâtre du Garde-Chasse,48.881287375060616,2.420119643211365,1,49,50,2026-02-17 14:02:31.977580,2026-02-17 14:02:31.977581
velib,Vélib' Métropole,Paris,FR,3fa13c4ecf3f1422f7308f52233b3452,Parc de Belleville - Julien Lacroix,48.8703459,2.3842214,2,23,25,2026-02-17 14:02:31.977583,2026-02-17 14:02:31.977584
velib,Vélib' Métropole,Paris,FR,3fdac671d966b129a468e5902f9038c1,Monceau - Malesherbes,48.8795079,2.3145456,10,26,36,2026-02-17 14:02:31.977585,2026-02-17 14:02:31.977586
velib,Vélib' Métropole,Paris,FR,3fe133b3337b2a5907425b8e243a8e59,Amaury Duval - Gabriel Péri,48.81718759671675,2.323841750621796,2,34,36,2026-02-17 14:02:31.977587,2026-02-17 14:02:31.977588
velib,Vélib' Métropole,Paris,FR,3fedc777fc24fd4513f9a39e5aba90fa,Malesherbes - Place de la Madeleine,48.870406028483,2.323243509808,64,7,71,2026-02-17 14:02:31.977589,2026-02-17 14:02:31.977590
velib,Vélib' Métropole,Paris,FR,4108b785296de89b10b751f5bdfbd586,Sibelle - Alésia,48.826701758539215,2.3384983465075493,3,33,36,2026-02-17 14:02:31.977592,2026-02-17 14:02:31.977593
velib,Vélib' Métropole,Paris,FR,415e59bd5a8ba4b267518de1c81f0cd2,Granges aux Belles,48.8761373390584,2.3680844979417,0,27,27,2026-02-17 14:02:31.977594,2026-02-17 14:02:31.977595
velib,Vélib' Métropole,Paris,FR,418ca9d751a162fdcd9a98044f8e262c,Place du Front Populaire - George Sand,48.90680713698062,2.364541214992642,53,9,62,2026-02-17 14:02:31.977598,2026-02-17 14:02:31.977599
velib,Vélib' Métropole,Paris,FR,41a04d7eeea8f680d7e96987b51cd6f0,Keller - La Roquette,48.8555508,2.3752778,13,20,33,2026-02-17 14:02:31.977600,2026-02-17 14:02:31.977601
velib,Vélib' Métropole,Paris,FR,41eb2647d449f7e51b49674254e42503,Pierre Joseph Desault,48.82110230800372,2.378775402903557,14,5,19,2026-02-17 14:02:31.977602,2026-02-17 14:02:31.977603
velib,Vélib' Métropole,Paris,FR,4213d41d8c2e949ffb6e035548bae5a6,Saint Pères - Saint Germain,48.853729675265,2.3300181032703,17,3,20,2026-02-17 14:02:31.977604,2026-02-17 14:02:31.977605
velib,Vélib' Métropole,Paris,FR,424a2d17f0bae795426b89218445d48d,Bracion - Périphérique,48.826103771275,2.3004549373748,7,23,30,2026-02-17 14:02:31.977607,2026-02-17 14:02:31.977608
velib,Vélib' Métropole,Paris,FR,4264d28f99b033dcae11a325376f75b1,Bellefond - Poissonnière,48.87759897050706,2.348463758826256,4,12,16,2026-02-17 14:02:31.977609,2026-02-17 14:02:31.977610
velib,Vélib' Métropole,Paris,FR,42706f6a7e74dd0c691b99ca6c70e0bf,Les Halles - Saint-Eustache,48.86362695901683,2.342623919248581,32,0,32,2026-02-17 14:02:31.977611,2026-02-17 14:02:31.977612
velib,Vélib' Métropole,Paris,FR,42876a66b297d71e537824128d58e0bc,Place du Général Leclerc,48.76529107158,2.3926565092808,4,18,22,2026-02-17 14:02:31.977613,2026-02-17 14:02:31.977614
velib,Vélib' Métropole,Paris,FR,428f980d03ad3041bc8d5f449ecd80a2,Charonne - Philippe-Auguste,48.855603162026,2.39054639062,3,29,32,2026-02-17 14:02:31.977616,2026-02-17 14:02:31.977616
velib,Vélib' Métropole,Paris,FR,42b4bbcd3722b0680017ac6d0f9f84a8,Gare RER - Maurice Grandcoing,48.813881,2.392429,15,22,37,2026-02-17 14:02:31.977618,2026-02-17 14:02:31.977619
velib,Vélib' Métropole,Paris,FR,42edb6910cc8d6541608f94e43ba5be1,Turbigo - Française,48.86358858111446,2.3477794602513313,16,0,16,2026-02-17 14:02:31.977620,2026-02-17 14:02:31.977621
velib,Vélib' Métropole,Paris,FR,435d32525b076a527433ea46f135e1da,Général Leclerc - Bièvre,48.782414428747316,2.3166695237159733,11,14,25,2026-02-17 14:02:31.977622,2026-02-17 14:02:31.977623
velib,Vélib' Métropole,Paris,FR,43c856353b954711f2bbee185a1f9d04,André Mazet - Saint-André des Arts,48.85375581057431,2.3390958085656166,27,27,54,2026-02-17 14:02:31.977625,2026-02-17 14:02:31.977626
velib,Vélib' Métropole,Paris,FR,43dc0e0b1107cc0a0401a8ae3c4d2550,Assas - Vaugirard,48.848274111398,2.3292413726449,34,1,35,2026-02-17 14:02:31.977627,2026-02-17 14:02:31.977628
velib,Vélib' Métropole,Paris,FR,442bed4e6d894d1ad43008373a38cae2,Charcot - Benfleet,48.878370277021,2.440523876268,2,26,28,2026-02-17 14:02:31.977630,2026-02-17 14:02:31.977630
velib,Vélib' Métropole,Paris,FR,446c463f3ddf30b55077389e71756269,Gare Montparnasse - Arrivée,48.843827994315,2.3225811123848,2,39,41,2026-02-17 14:02:31.977632,2026-02-17 14:02:31.977633
velib,Vélib' Métropole,Paris,FR,44a49da649e7e1aa090ff70c5c66a308,Saint-Placide - Cherche Midi,48.8490535919234,2.325317971408367,63,3,66,2026-02-17 14:02:31.977634,2026-02-17 14:02:31.977635
velib,Vélib' Métropole,Paris,FR,44a4b9db28d7ffd265ac2514f9d3570d,Transvaal - Charles de Gaulle ,48.848280403628806,2.2373420120857195,23,4,27,2026-02-17 14:02:31.977638,2026-02-17 14:02:31.977638
velib,Vélib' Métropole,Paris,FR,44dca2a45e5c2cc738a308ec18fdb562,Edouard Pailleron - Simon Bolivar ,48.87979886049996,2.374839261174202,2,22,24,2026-02-17 14:02:31.977640,2026-02-17 14:02:31.977641
velib,Vélib' Métropole,Paris,FR,4530252bbd270e122bc107ff086bc3c3,Didot - Place de Moro-Giafferi,48.8337,2.3215,3,17,20,2026-02-17 14:02:31.977642,2026-02-17 14:02:31.977643
velib,Vélib' Métropole,Paris,FR,4545fb7f92a9c136bd4c2589917e9aa6,Mairie du 9ème,48.873267137583,2.3407534480528,14,10,24,2026-02-17 14:02:31.977644,2026-02-17 14:02:31.977645
velib,Vélib' Métropole,Paris,FR,455106e10bb1146af83d25bf1053e8b6,Pergolèse - Malakoff,48.87521088779225,2.2842781618237495,15,23,38,2026-02-17 14:02:31.977646,2026-02-17 14:02:31.977647
velib,Vélib' Métropole,Paris,FR,4574c62f1ebdb5dac12defe7d72131ac,Lamartine - Faubourg Montmartre,48.876613982891,2.3397656902671,17,15,32,2026-02-17 14:02:31.977649,2026-02-17 14:02:31.977650
velib,Vélib' Métropole,Paris,FR,45a6afb62b37136822c20fc749912056,Charonne - Faubourg Saint-Antoine,48.852191909696,2.3740932717919,29,3,32,2026-02-17 14:02:31.977651,2026-02-17 14:02:31.977652
velib,Vélib' Métropole,Paris,FR,45c2573f9bb3d58a288af4247ff3f406,Alibert - Jemmapes,48.871044051984,2.3661044619878,8,51,59,2026-02-17 14:02:31.977653,2026-02-17 14:02:31.977654
velib,Vélib' Métropole,Paris,FR,45e42f493a7432db593b8d397c00b8ab,Charenton - Diderot,48.846171461187,2.3793068155646,13,4,17,2026-02-17 14:02:31.977656,2026-02-17 14:02:31.977656
velib,Vélib' Métropole,Paris,FR,45ed78d1a81f3acb2b888eccfbfff620,Parmentier - Abel Rabaud,48.86921273836114,2.371688821240712,3,49,52,2026-02-17 14:02:31.977658,2026-02-17 14:02:31.977659
velib,Vélib' Métropole,Paris,FR,45ef886c03e9db48e33ec3f5ac106d92,Maréchal Joffre - Verdun,48.85385,2.470307,1,19,20,2026-02-17 14:02:31.977660,2026-02-17 14:02:31.977661
velib,Vélib' Métropole,Paris,FR,460548fb230dca71767d0e3a3bb68cc9,Lacuée - Lyon,48.849268481958,2.3704585433006,15,1,16,2026-02-17 14:02:31.977662,2026-02-17 14:02:31.977663
velib,Vélib' Métropole,Paris,FR,462a91ffcb8fccbbf61bd605e43a8af1,Chabanais - Petits Champs,48.86703740186721,2.336716018617153,23,7,30,2026-02-17 14:02:31.977664,2026-02-17 14:02:31.977665
velib,Vélib' Métropole,Paris,FR,462e1e678d255391b14241ac6d8389b7,Belliard - Damrémont,48.89669238777841,2.338023450388167,4,29,33,2026-02-17 14:02:31.977667,2026-02-17 14:02:31.977668
velib,Vélib' Métropole,Paris,FR,4651af7c298eb819d7d2fbb43020fce1,Gare RER - Général de Gaulle,48.933548439566,2.3064726536317,19,20,39,2026-02-17 14:02:31.977669,2026-02-17 14:02:31.977670
velib,Vélib' Métropole,Paris,FR,4671328fea3b983868767d6aaa4de6d1,Martyrs de Châteaubriant - Jean Grandel,48.951432,2.211214,17,20,37,2026-02-17 14:02:31.977671,2026-02-17 14:02:31.977672
velib,Vélib' Métropole,Paris,FR,467f8a602564bd501adbe85eae6bd11d,Alouettes - Maréchal de Lattre de Tassigny,48.85511009293948,2.4930700287222862,11,10,21,2026-02-17 14:02:31.977673,2026-02-17 14:02:31.977674
velib,Vélib' Métropole,Paris,FR,468690b86b1ea8e4c55403d45e8fca8f,Gare Saint-Lazare - Stockholm,48.877127316667654,2.322417162358761,23,8,31,2026-02-17 14:02:31.977676,2026-02-17 14:02:31.977677
velib,Vélib' Métropole,Paris,FR,46973c2522462905f35c6ba8df8dd502,Jean Jaurès - Place de la Libération,48.90617751921,2.4391458057475,20,8,28,2026-02-17 14:02:31.977678,2026-02-17 14:02:31.977679
velib,Vélib' Métropole,Paris,FR,46d9b937b7b4f018767106c6fe3fd435,Aqueduc - Villette,48.883886063895,2.367198803315,3,23,26,2026-02-17 14:02:31.977680,2026-02-17 14:02:31.977681
velib,Vélib' Métropole,Paris,FR,46fb8069ca45ead7d9ed40414197cf5b,Laffitte - Italiens,48.871815737396,2.3372015478451,29,4,33,2026-02-17 14:02:31.977682,2026-02-17 14:02:31.977683
velib,Vélib' Métropole,Paris,FR,470bcb3bb13c9983a9369666e4ac06f8,Edouard Poisson - Victor Hugo,48.91118557052621,2.379864752692811,6,15,21,2026-02-17 14:02:31.977685,2026-02-17 14:02:31.977686
velib,Vélib' Métropole,Paris,FR,47464bd539d5c5be08a34fc21c68dafc,Seine - Flandre,48.886785741479684,2.3746193200349808,3,16,19,2026-02-17 14:02:31.977687,2026-02-17 14:02:31.977688
velib,Vélib' Métropole,Paris,FR,4750b490abe21e384123a5cbdfba39c7,Beaumarchais - Pas de la Mule,48.855580507049,2.3684333673431,10,7,17,2026-02-17 14:02:31.977689,2026-02-17 14:02:31.977690
velib,Vélib' Métropole,Paris,FR,475fb58d2afd3086fbd2a9033ec8b931,Glacière - Soeur Catherine Marie,48.829522989420596,2.343570403754711,1,39,40,2026-02-17 14:02:31.977691,2026-02-17 14:02:31.977692
velib,Vélib' Métropole,Paris,FR,476fa8cce38af62426d784463a9c6bff,Cours de Vincennes - Soult,48.846918761569,2.4105220288038,5,40,45,2026-02-17 14:02:31.977694,2026-02-17 14:02:31.977695
velib,Vélib' Métropole,Paris,FR,478589d5f96e785e1c7a5ebcff4774aa,Aristide Briand - Place de la Résistance,48.82124248401006,2.2511002421379094,18,7,25,2026-02-17 14:02:31.977696,2026-02-17 14:02:31.977697
velib,Vélib' Métropole,Paris,FR,478d719c0dddd6d741f8f908028f7365,Erasme - Ulm,48.84264375274712,2.3445946723222733,18,6,24,2026-02-17 14:02:31.977698,2026-02-17 14:02:31.977699
velib,Vélib' Métropole,Paris,FR,47d97d04d1a5b597a365d7f68b791628,Stéphanie Bouvard - Gambetta,48.814548138856,2.4024386957288,6,24,30,2026-02-17 14:02:31.977700,2026-02-17 14:02:31.977701
velib,Vélib' Métropole,Paris,FR,481c08b5d417392d4b28388fcfa6f451,Porte d'Italie,48.817161987718954,2.360236309468746,10,3,13,2026-02-17 14:02:31.977703,2026-02-17 14:02:31.977704
velib,Vélib' Métropole,Paris,FR,482e8838210cb3275d79f9d358d36550,Paul Vaillant Couturier - Chaptal,48.893479576183,2.2775253653526,36,2,38,2026-02-17 14:02:31.977705,2026-02-17 14:02:31.977706
velib,Vélib' Métropole,Paris,FR,48318ed2ddd6896ece9fc0d8a2c29d27,Centquatre,48.889333538455,2.3707854375243,5,36,41,2026-02-17 14:02:31.977707,2026-02-17 14:02:31.977708
velib,Vélib' Métropole,Paris,FR,48a885c9c855ac9ef03a8e2407409b9a,La Motte-Picquet - Grenelle,48.84858321339195,2.299347817897797,9,24,33,2026-02-17 14:02:31.977709,2026-02-17 14:02:31.977710
velib,Vélib' Métropole,Paris,FR,48cadf60130c43476db5f10ee0a9ac2b,Dr Calmette,48.745456776386,2.4089241218595,6,12,18,2026-02-17 14:02:31.977712,2026-02-17 14:02:31.977713
velib,Vélib' Métropole,Paris,FR,48ce179c1dd74f6d9d03c1ab34ca8497,Général Delambre - Prebuard,48.93870344444,2.2234171606307,9,20,29,2026-02-17 14:02:31.977714,2026-02-17 14:02:31.977715
velib,Vélib' Métropole,Paris,FR,49835d2f1461a371a8bda8d533943255,Hippodrome Paris-Vincennes,48.82048387758518,2.446271181106568,3,39,42,2026-02-17 14:02:31.977717,2026-02-17 14:02:31.977718
velib,Vélib' Métropole,Paris,FR,49b2c45d14f6c80361892f8717bb0b23,Jean Moulin - Place Victor et Hélène Basch,48.82764910241,2.3261967301369,4,36,40,2026-02-17 14:02:31.977719,2026-02-17 14:02:31.977720
velib,Vélib' Métropole,Paris,FR,49eacfd3001e615471d246f6a67d8361,Jacques Kellner - Saint-Ouen,48.895809485802886,2.327897409164145,5,39,44,2026-02-17 14:02:31.977721,2026-02-17 14:02:31.977722
velib,Vélib' Métropole,Paris,FR,4a0cc53adfa01e61ff8a34dd687a48f9,Stade Georges Carpentier,48.820482438381,2.3668321967125,9,31,40,2026-02-17 14:02:31.977723,2026-02-17 14:02:31.977724
velib,Vélib' Métropole,Paris,FR,4a279a72d89c67bdfea32567e15d81f0,Ouest - Château ,48.83617286014242,2.319392143923804,0,23,23,2026-02-17 14:02:31.977726,2026-02-17 14:02:31.977726
velib,Vélib' Métropole,Paris,FR,4a9c97f9a2e344e91ff9a1006039dd6c,Abbé Groult - Convention,48.83596927866069,2.302064039509349,0,27,27,2026-02-17 14:02:31.977729,2026-02-17 14:02:31.977730
velib,Vélib' Métropole,Paris,FR,4ae15c04833b6c26d4a9ce7ead2110cd,Roquépine - Malesherbes,48.873450733908,2.3204044997692,47,5,52,2026-02-17 14:02:31.977731,2026-02-17 14:02:31.977732
velib,Vélib' Métropole,Paris,FR,4afe86d948cb3d2580163ad955714f60,George Sand - Jean de La Fontaine,48.84986918764119,2.268257387525699,18,10,28,2026-02-17 14:02:31.977734,2026-02-17 14:02:31.977735
velib,Vélib' Métropole,Paris,FR,4b34814a0315a65f6a017384805e1397,Ménilmontant - Oberkampf,48.866617658681,2.3830134404158,5,32,37,2026-02-17 14:02:31.977736,2026-02-17 14:02:31.977737
velib,Vélib' Métropole,Paris,FR,4b38deaa46ca3695d610f7749ad3930e,Paul Valery - Victor Hugo,48.87137406080164,2.2887128591537476,11,6,17,2026-02-17 14:02:31.977738,2026-02-17 14:02:31.977739
velib,Vélib' Métropole,Paris,FR,4c081274276675f0f1c9019e056989b2,Place du 8 Mai 1945,48.871552174017,2.2025031970585,6,12,18,2026-02-17 14:02:31.977740,2026-02-17 14:02:31.977741
velib,Vélib' Métropole,Paris,FR,4c195e576b892f6d3350a36e59a52ff3,Dunkerque - Rocroy,48.880726,2.351464,2,22,24,2026-02-17 14:02:31.977742,2026-02-17 14:02:31.977743
velib,Vélib' Métropole,Paris,FR,4c41a324865b7e740a5491db8a1990c6,Stalingrad - Barbara,48.809223658808,2.3175904558822,9,11,20,2026-02-17 14:02:31.977745,2026-02-17 14:02:31.977746
velib,Vélib' Métropole,Paris,FR,4c8553b35dc89575c685b7f9f8b95e45,Centenaire - Sorins,48.85853523359734,2.4273508787155156,2,43,45,2026-02-17 14:02:31.977747,2026-02-17 14:02:31.977748
velib,Vélib' Métropole,Paris,FR,4c87601ee15ead2a7a475813822c3366,Commandant Rivière,48.872933,2.309796,37,2,39,2026-02-17 14:02:31.977749,2026-02-17 14:02:31.977750
velib,Vélib' Métropole,Paris,FR,4c9385d2c3e2fa4da9a58c2cd3e689f1,Centre Georges Pompidou,48.861419,2.352581,22,4,26,2026-02-17 14:02:31.977751,2026-02-17 14:02:31.977752
velib,Vélib' Métropole,Paris,FR,4ca58fd78dc9d3a72786b6ab86d4f643,Petit - Manin,48.886506875343,2.3938155401308,2,19,21,2026-02-17 14:02:31.977754,2026-02-17 14:02:31.977755
velib,Vélib' Métropole,Paris,FR,4cce306725f9afa8f0892d212017f393,Bas du Mont-Mesly,48.779035118572,2.4609763908985,13,12,25,2026-02-17 14:02:31.977756,2026-02-17 14:02:31.977757
velib,Vélib' Métropole,Paris,FR,4d2847de57ed1bfdff073562cfe40102,Quai Jules Guesde - Saint-Simon,48.80391487219,2.4089661620274,21,9,30,2026-02-17 14:02:31.977758,2026-02-17 14:02:31.977759
velib,Vélib' Métropole,Paris,FR,4d337f54a433d8f9184dfc6912a76d5f,Bessières - Porte de Clichy,48.89611762451474,2.31790903955698,24,7,31,2026-02-17 14:02:31.977760,2026-02-17 14:02:31.977761
velib,Vélib' Métropole,Paris,FR,4d33a2fd0a030ce0bbf6bb191311f031,Place de la Porte de Châtillon,48.8242469,2.3186306,14,45,59,2026-02-17 14:02:31.977762,2026-02-17 14:02:31.977763
velib,Vélib' Métropole,Paris,FR,4d36ffe89447b54557da625279984139,Bineau - Louise Michel,48.88666162207,2.2843274474144,10,16,26,2026-02-17 14:02:31.977765,2026-02-17 14:02:31.977766
velib,Vélib' Métropole,Paris,FR,4d67d47bc51f094cdc80cef25cb5296f,Flandrin - Henri Martin,48.8643275,2.2724174,1,17,18,2026-02-17 14:02:31.977767,2026-02-17 14:02:31.977768
velib,Vélib' Métropole,Paris,FR,4d6b7bfa6acf7a9fd0426f9c4598a5c1,Ancien Canal - Hélène Brion,48.89484799296163,2.4188338592648506,9,14,23,2026-02-17 14:02:31.977769,2026-02-17 14:02:31.977770
velib,Vélib' Métropole,Paris,FR,4d7be17e9451729cd5294f00fe2400aa,Louis Lumière.,48.86216198070008,2.41112578185621,0,22,22,2026-02-17 14:02:31.977771,2026-02-17 14:02:31.977772
velib,Vélib' Métropole,Paris,FR,4db0c66471154c8a003b70b53035ed70,Victor Cousin - Cujas,48.847909849567,2.3424898070094,19,0,19,2026-02-17 14:02:31.977774,2026-02-17 14:02:31.977775
velib,Vélib' Métropole,Paris,FR,4dd908f32b997b30c247b8ac08c99588,Milton - Manuel,48.878249,2.341181,4,18,22,2026-02-17 14:02:31.977776,2026-02-17 14:02:31.977777
velib,Vélib' Métropole,Paris,FR,4e270e7543dbc1e3af8ee9cbe22b82d3,Sommerard - Saint-Jacques,48.850310432924,2.3450158352986,33,1,34,2026-02-17 14:02:31.977778,2026-02-17 14:02:31.977779
velib,Vélib' Métropole,Paris,FR,4e5d45e2645f52e7e1c603bfd3b99569,Orteaux - Mouraud,48.85558642847872,2.408762907764669,0,24,24,2026-02-17 14:02:31.977780,2026-02-17 14:02:31.977781
velib,Vélib' Métropole,Paris,FR,4e5fd81e9840a078414fa0631415bd15,Préfecture de Créteil,48.783680285918,2.4544713672215,18,8,26,2026-02-17 14:02:31.977783,2026-02-17 14:02:31.977783
velib,Vélib' Métropole,Paris,FR,4e77ed6a8ec732f5e3a914289211d3da,Nationale - Vincent Auriol,48.83252708397293,2.362354410392119,2,31,33,2026-02-17 14:02:31.977785,2026-02-17 14:02:31.977786
velib,Vélib' Métropole,Paris,FR,4ef8fdff19582fe28d2ebb83c9bc611e,Buzenval - Vignoles,48.853858171688,2.4000040814281,2,15,17,2026-02-17 14:02:31.977787,2026-02-17 14:02:31.977788
velib,Vélib' Métropole,Paris,FR,4f9b51c9a7bf8e4967589f4d14055c25,Botzaris - Crimée,48.87959698690176,2.3887913337477067,3,18,21,2026-02-17 14:02:31.977789,2026-02-17 14:02:31.977790
velib,Vélib' Métropole,Paris,FR,4fe423a6b6f41f72aec4ed85a95eb998,Place Charles Vallin,48.835523812041,2.3025986552238,3,23,26,2026-02-17 14:02:31.977791,2026-02-17 14:02:31.977792
velib,Vélib' Métropole,Paris,FR,4ff9a71bf1ab03a4c7ae7c8091a319a7,Place Henri Dunant - Gare RER,48.788093281931,2.2909234046643,1,29,30,2026-02-17 14:02:31.977794,2026-02-17 14:02:31.977795
velib,Vélib' Métropole,Paris,FR,5009a21a0d517a308da8e6ecbff1882f,Île de la Jatte,48.894036161302104,2.2666339203715324,11,11,22,2026-02-17 14:02:31.977796,2026-02-17 14:02:31.977797
velib,Vélib' Métropole,Paris,FR,5021fe96eef9583e4fb9583d94017826,Morice - Général Leclerc,48.90245471981591,2.3128929734230046,9,15,24,2026-02-17 14:02:31.977798,2026-02-17 14:02:31.977799
velib,Vélib' Métropole,Paris,FR,503019ba45ddeea8f7279edc467baac4,Karl Marx,48.784527937293184,2.3646667979455587,0,16,16,2026-02-17 14:02:31.977800,2026-02-17 14:02:31.977801
velib,Vélib' Métropole,Paris,FR,5086d6e204e73a68cf7412c7adc80f88,Gabriel Péri - Danielle Casanova,48.790114,2.4025777,9,11,20,2026-02-17 14:02:31.977803,2026-02-17 14:02:31.977804
velib,Vélib' Métropole,Paris,FR,508b6b7baae451f439f9dd5486fba870,Place Du Général De Gaulle,48.8687591,2.4329931,2,24,26,2026-02-17 14:02:31.977805,2026-02-17 14:02:31.977806
velib,Vélib' Métropole,Paris,FR,5095a873888840fcc229b2f85b33a0dc,Mazagran - Bonne Nouvelle,48.870047123655,2.3511248454452,21,4,25,2026-02-17 14:02:31.977807,2026-02-17 14:02:31.977808
velib,Vélib' Métropole,Paris,FR,50c909bb60eab69572fd6530b3b3c096,Porte de Vincennes,48.846454,2.415514,3,30,33,2026-02-17 14:02:31.977809,2026-02-17 14:02:31.977810
velib,Vélib' Métropole,Paris,FR,50db3425c20f335dfb38aaeb26bea527,Square Louise Michel,48.884687354509,2.3441386967897,3,32,35,2026-02-17 14:02:31.977812,2026-02-17 14:02:31.977813
velib,Vélib' Métropole,Paris,FR,515068b9a6985641e4682ad19ee189f5,Jean-Pierre Timbaud - Vaucouleurs,48.867937,2.377885,9,37,46,2026-02-17 14:02:31.977814,2026-02-17 14:02:31.977815
velib,Vélib' Métropole,Paris,FR,51802b48685ec3506c95609b9babbf9f,Guynemer - Séverine,48.83091743371036,2.2790706530213356,22,4,26,2026-02-17 14:02:31.977816,2026-02-17 14:02:31.977817
velib,Vélib' Métropole,Paris,FR,518cf61f91caf4d1053228b2952b63b5,Eugène Oudiné - Dessous Des Berges,48.8256423,2.3750226,25,19,44,2026-02-17 14:02:31.977820,2026-02-17 14:02:31.977821
velib,Vélib' Métropole,Paris,FR,51a58938b42b876697c88470bad283af,Place Denfert-Rochereau,48.843252536286684,2.245987951755524,19,1,20,2026-02-17 14:02:31.977822,2026-02-17 14:02:31.977823
velib,Vélib' Métropole,Paris,FR,51a75eb1687d62baf1e65b15180efc8b,Malakoff - Place de la Porte Maillot,48.876733496638,2.2834577411413,23,3,26,2026-02-17 14:02:31.977825,2026-02-17 14:02:31.977826
velib,Vélib' Métropole,Paris,FR,51abcbfbe050871714b1bb647e9b66a3,Eugène Varlin - Place de la Paix,48.792862,2.363093,0,23,23,2026-02-17 14:02:31.977827,2026-02-17 14:02:31.977828
velib,Vélib' Métropole,Paris,FR,51c1b57f171b242f29efd94d80a2274d,Saint-Denis - Rivoli,48.859059340842,2.3476943001151,36,5,41,2026-02-17 14:02:31.977829,2026-02-17 14:02:31.977830
velib,Vélib' Métropole,Paris,FR,51c8b18ffcb64a56b46425c69aa6c30d,Jussieu - Guy de la Brosse,48.845665,2.355653,39,1,40,2026-02-17 14:02:31.977831,2026-02-17 14:02:31.977832
velib,Vélib' Métropole,Paris,FR,51ebad3d693a45da3f101384aa4cb879,Jean-François Lépine - Stephenson,48.88611466796807,2.356855627529275,0,22,22,2026-02-17 14:02:31.977834,2026-02-17 14:02:31.977835
velib,Vélib' Métropole,Paris,FR,52109fbacb0830dfc7e3ce8298217320,Porte Maillot - Perreire,48.878021154637,2.2842371277102,25,22,47,2026-02-17 14:02:31.977836,2026-02-17 14:02:31.977837
velib,Vélib' Métropole,Paris,FR,522c47b8d0ec09ad47516c94b4b3af99,Porte d'Ivry,48.821768747596,2.3688706755638,24,26,50,2026-02-17 14:02:31.977838,2026-02-17 14:02:31.977839
velib,Vélib' Métropole,Paris,FR,52927eb9fdf2015b999d3ec69d474291,Gare Saint-Lazare - Cour du Havre,48.875674400851,2.3265598341823,41,4,45,2026-02-17 14:02:31.977840,2026-02-17 14:02:31.977841
velib,Vélib' Métropole,Paris,FR,52f441bc9a3d8ab927e5b0ee790da7b6,Mairie de Clamart,48.800612,2.262151,6,27,33,2026-02-17 14:02:31.977843,2026-02-17 14:02:31.977844
velib,Vélib' Métropole,Paris,FR,53384e8a5bfec57267eb3aacba0a41aa,Square Raymond Souplex,48.89183721478911,2.335426103165901,2,50,52,2026-02-17 14:02:31.977845,2026-02-17 14:02:31.977846
velib,Vélib' Métropole,Paris,FR,5349a87a2dc217a11ab002391c09f021,Cambrai - Benjamin Constant,48.89594736851349,2.381133802246315,4,39,43,2026-02-17 14:02:31.977847,2026-02-17 14:02:31.977848
velib,Vélib' Métropole,Paris,FR,5395a6630068724fbccff0654d2b9d02,Port - Confluence,48.936093926526,2.3436167797955,10,15,25,2026-02-17 14:02:31.977849,2026-02-17 14:02:31.977850
velib,Vélib' Métropole,Paris,FR,5399a19c91ef7753a1556af62ae3d842,Porte de Charenton,48.831240105856,2.3989107459784,23,43,66,2026-02-17 14:02:31.977852,2026-02-17 14:02:31.977852
velib,Vélib' Métropole,Paris,FR,53b575bc33e915c4fcf5142e80eeb3f4,Lauriston - Copernic,48.86926,2.289918,9,10,19,2026-02-17 14:02:31.977854,2026-02-17 14:02:31.977855
velib,Vélib' Métropole,Paris,FR,53cd9ef67faaac40d23fced2ce6cdd7d,Félix Faure - Convention,48.841249336041,2.2883866008495,27,17,44,2026-02-17 14:02:31.977856,2026-02-17 14:02:31.977857
velib,Vélib' Métropole,Paris,FR,53ddb0a18e318b6aa294c08c8d7b84b9,Place Farhat Hached,48.825487045602,2.3816306985827,27,1,28,2026-02-17 14:02:31.977858,2026-02-17 14:02:31.977859
velib,Vélib' Métropole,Paris,FR,53de4b51762b1dbc20d06972e9f0801f,Toffier Decaux - Cartier Bresson,48.90165072551549,2.4017545580863957,5,13,18,2026-02-17 14:02:31.977860,2026-02-17 14:02:31.977861
velib,Vélib' Métropole,Paris,FR,54738e474e518b3188e883f172063315,Paris - Laitières,48.846302741513,2.4207553267479,2,17,19,2026-02-17 14:02:31.977863,2026-02-17 14:02:31.977864
velib,Vélib' Métropole,Paris,FR,54808e580dc07d345583f9945935a19f,Rond-Point Rhin et Danube,48.840452820991764,2.2280225157737736,49,4,53,2026-02-17 14:02:31.977865,2026-02-17 14:02:31.977866
velib,Vélib' Métropole,Paris,FR,54ba7d34918c88a8a52e2e39b0c6be8a,Hélène et François Missoffe - Emile Borel,48.89990653843488,2.321543991674844,24,6,30,2026-02-17 14:02:31.977867,2026-02-17 14:02:31.977868
velib,Vélib' Métropole,Paris,FR,5554d5346800146173e3a83b2a21304f,Pajol - Riquet ,48.88960028134536,2.3628534749150276,4,42,46,2026-02-17 14:02:31.977869,2026-02-17 14:02:31.977870
velib,Vélib' Métropole,Paris,FR,55665ed0ae76ed7a31ee5c8af7f2b83d,Quai de Valmy,48.88126951579429,2.368186041712761,4,22,26,2026-02-17 14:02:31.977872,2026-02-17 14:02:31.977872
velib,Vélib' Métropole,Paris,FR,557a0531c4372aa3abe987d7052a8cc7,Douai - Bruxelles,48.88320784122797,2.3308449949028507,3,23,26,2026-02-17 14:02:31.977874,2026-02-17 14:02:31.977875
velib,Vélib' Métropole,Paris,FR,55a74d7a373b87349702949cca7ba8ab,Panthéon - Valette,48.847020571652,2.3464982619671,48,3,51,2026-02-17 14:02:31.977876,2026-02-17 14:02:31.977877
velib,Vélib' Métropole,Paris,FR,55c8651cf3cfe0f652057671f01efba9,Archives - Rivoli,48.857346707443,2.3539767041802,23,0,23,2026-02-17 14:02:31.977878,2026-02-17 14:02:31.977879
velib,Vélib' Métropole,Paris,FR,55d766b2cfd797e5962b8a5133cb9a33,Youri Gagarine - Karl Marx,48.78448485079149,2.35908430069685,1,21,22,2026-02-17 14:02:31.977881,2026-02-17 14:02:31.977881
velib,Vélib' Métropole,Paris,FR,55fb78d097a93dde27d5ffb2ed798e6a,Bachaumont - Montmartre,48.86617395079137,2.3449775576591496,32,1,33,2026-02-17 14:02:31.977883,2026-02-17 14:02:31.977884
velib,Vélib' Métropole,Paris,FR,56127eb9720adb51b601e8b935e0a44a,Beaujon - Wagram,48.875352455985,2.2964416444302,2,26,28,2026-02-17 14:02:31.977885,2026-02-17 14:02:31.977886
velib,Vélib' Métropole,Paris,FR,5613abda7bf456dc93404430dbcdb904,Varenne,48.857202661803,2.3152771219611,44,1,45,2026-02-17 14:02:31.977887,2026-02-17 14:02:31.977888
velib,Vélib' Métropole,Paris,FR,56202ee0049e59d8a16a10cb55a336e5,Javel - André Citroën,48.846276485475,2.2786368057132,25,20,45,2026-02-17 14:02:31.977889,2026-02-17 14:02:31.977890
velib,Vélib' Métropole,Paris,FR,5647d067f510533f3e7b855d4c133ec5,Richard Lenoir - Jean-Pierre Timbaud,48.865804276686,2.3693370749669,11,23,34,2026-02-17 14:02:31.977892,2026-02-17 14:02:31.977892
velib,Vélib' Métropole,Paris,FR,56717eb48edd3481e0faa47237f12cdc,Sablons - Georges Mandel,48.863875,2.28189,4,34,38,2026-02-17 14:02:31.977894,2026-02-17 14:02:31.977895
velib,Vélib' Métropole,Paris,FR,56c2da4066fd35120072927ac72d88b2,Place Valhubert,48.844182577315,2.3640366643667,49,1,50,2026-02-17 14:02:31.977896,2026-02-17 14:02:31.977897
velib,Vélib' Métropole,Paris,FR,56c7339743765c3a76dcbdcd16d16e82,Vasco de Gama,48.83671783466264,2.283664085650799,31,22,53,2026-02-17 14:02:31.977899,2026-02-17 14:02:31.977900
velib,Vélib' Métropole,Paris,FR,56fc0ca1b3caf57070597768309dbbfc,Bourg l'Abbé - Saint-Martin,48.863933319493,2.352406270802,31,28,59,2026-02-17 14:02:31.977902,2026-02-17 14:02:31.977902
velib,Vélib' Métropole,Paris,FR,57286527e9b73c17fb2b43770b4389c0,Cloître Saint-Merri - Renard,48.858835448898,2.3518279194832,20,12,32,2026-02-17 14:02:31.977904,2026-02-17 14:02:31.977905
velib,Vélib' Métropole,Paris,FR,572c85c617126fc0d3d6350f36409163,Convention - Lourmel,48.842055041656,2.2859910875559,19,15,34,2026-02-17 14:02:31.977906,2026-02-17 14:02:31.977907
velib,Vélib' Métropole,Paris,FR,576ba344f0cc9971dbb7c78849f3b0cb,Parc Pierre Lagravère,48.92650488131725,2.239069678491417,27,2,29,2026-02-17 14:02:31.977908,2026-02-17 14:02:31.977909
velib,Vélib' Métropole,Paris,FR,5799ed57a07c351159be7ae75ac1329c,Gare de Nogent-le-Perreux,48.83842553348809,2.493693307042122,13,18,31,2026-02-17 14:02:31.977912,2026-02-17 14:02:31.977913
velib,Vélib' Métropole,Paris,FR,58523eb76e479390d1253e58c81d2818,Place de la République - Voltaire,48.866830968942,2.3654810339212,16,3,19,2026-02-17 14:02:31.977914,2026-02-17 14:02:31.977915
velib,Vélib' Métropole,Paris,FR,5858fc71045ceab12067bfd2bcb26fd7,Oberkampf - République,48.86531608707,2.37611478491,6,15,21,2026-02-17 14:02:31.977917,2026-02-17 14:02:31.977917
velib,Vélib' Métropole,Paris,FR,586e62e13a7304af305902bf3e0a1844,Université Paris Est Créteil,48.787714467944,2.4461909509055,23,21,44,2026-02-17 14:02:31.977919,2026-02-17 14:02:31.977920
velib,Vélib' Métropole,Paris,FR,5892755681978b9c0b1bd30a9244628b,Suffren - Champ de Mars,48.8547194,2.2952168,23,0,23,2026-02-17 14:02:31.977921,2026-02-17 14:02:31.977922
velib,Vélib' Métropole,Paris,FR,58e8e86662c4435658ad15198cd04830,Gare d'Austerlitz - Pont Charles de Gaulle,48.842319830109,2.3670300096273,71,3,74,2026-02-17 14:02:31.977923,2026-02-17 14:02:31.977924
velib,Vélib' Métropole,Paris,FR,58fe68f9c265ec7ac773eb61eb172ea8,Odessa - Départ,48.842885590081,2.3244281485677,6,32,38,2026-02-17 14:02:31.977926,2026-02-17 14:02:31.977927
velib,Vélib' Métropole,Paris,FR,591a785f40e5173034f8b867c16f41fe,Mairie de La Garenne Colombes,48.90663823468682,2.24679596722126,2,18,20,2026-02-17 14:02:31.977928,2026-02-17 14:02:31.977929
velib,Vélib' Métropole,Paris,FR,59758c9a187ab61d902e4c599986e3c3,Gérando - Rochechouart,48.88294340845,2.3464846238494,1,19,20,2026-02-17 14:02:31.977930,2026-02-17 14:02:31.977931
velib,Vélib' Métropole,Paris,FR,599ba9ea3625cc347e892274d793ba38,Bosquet - Saint-Dominique,48.858651709526,2.3037165802346,27,0,27,2026-02-17 14:02:31.977932,2026-02-17 14:02:31.977933
velib,Vélib' Métropole,Paris,FR,59c0c31cf9b162c068be9f3ef77070d8,Suffren - Pérignon,48.84717561492764,2.307052147596786,22,24,46,2026-02-17 14:02:31.977935,2026-02-17 14:02:31.977936
velib,Vélib' Métropole,Paris,FR,59f355492ad3a784fdba53e67467b207,Charonne - Robert et Sonia Delaunay,48.855907555969,2.3925706744194,3,17,20,2026-02-17 14:02:31.977937,2026-02-17 14:02:31.977938
velib,Vélib' Métropole,Paris,FR,5a06c91f1c491c0335750a3bd2cb79e8,Marché Saint-Germain,48.85165625855281,2.335500307381153,20,1,21,2026-02-17 14:02:31.977939,2026-02-17 14:02:31.977940
velib,Vélib' Métropole,Paris,FR,5a4d2ed672fe6e9025d264be9a1ac084,Française - Etienne Marcel,48.864053304653766,2.347587011754513,35,2,37,2026-02-17 14:02:31.977941,2026-02-17 14:02:31.977942
velib,Vélib' Métropole,Paris,FR,5a7ba29f2cb6e5321929a4622e0466db,Roquette - Folie Regnault,48.859246959155485,2.386553623578705,3,47,50,2026-02-17 14:02:31.977943,2026-02-17 14:02:31.977944
velib,Vélib' Métropole,Paris,FR,5ad9d6f7accf003521cdb6809fab3dc7,Saint-Honoré - Musée du Louvre,48.863443132848,2.3348781846405,28,2,30,2026-02-17 14:02:31.977946,2026-02-17 14:02:31.977947
velib,Vélib' Métropole,Paris,FR,5b1fa1760874c32ab00f5f7d7868744b,Les Blagis,48.785205,2.302526,17,10,27,2026-02-17 14:02:31.977948,2026-02-17 14:02:31.977949
velib,Vélib' Métropole,Paris,FR,5b28c22d222f28249528d03c417d3f16,Raymond Poincaré - Place Victor Hugo,48.87030612437,2.2850745414202,9,15,24,2026-02-17 14:02:31.977950,2026-02-17 14:02:31.977951
velib,Vélib' Métropole,Paris,FR,5b5eb9e7584013b19ee1436863a9847f,Pereire - Rennequin,48.883647828876,2.2952447086573,4,17,21,2026-02-17 14:02:31.977953,2026-02-17 14:02:31.977954
velib,Vélib' Métropole,Paris,FR,5badff6831123b5a67e49cacd1fa67ac,Square des Amandiers,48.86615630668046,2.3891324177384377,2,23,25,2026-02-17 14:02:31.977955,2026-02-17 14:02:31.977956
velib,Vélib' Métropole,Paris,FR,5bbe3ddccd0a479b991ea8fbb9ec9695,Porte d'Auteuil,48.8479394142243,2.2608396783471107,6,27,33,2026-02-17 14:02:31.977957,2026-02-17 14:02:31.977958
velib,Vélib' Métropole,Paris,FR,5bef3033751fd119b44503f7569282ae,Nicolaï - Charenton,48.835478791995,2.392894725661,2,42,44,2026-02-17 14:02:31.977959,2026-02-17 14:02:31.977960
velib,Vélib' Métropole,Paris,FR,5c2639c19391b5ecbc5fa57b45a699d2,Mairie du 18ème,48.892939296937605,2.3445510864257812,1,39,40,2026-02-17 14:02:31.977961,2026-02-17 14:02:31.977962
velib,Vélib' Métropole,Paris,FR,5c2cc3d86482f8eb7a2024c4c0a6c6a7,Pyrénées - Ménilmontant,48.8693268535238,2.395084574818611,0,26,26,2026-02-17 14:02:31.977964,2026-02-17 14:02:31.977965
velib,Vélib' Métropole,Paris,FR,5c31d3c9102ee36744dbd80d7728cd1a,Résistance - Hoche,48.864273423741956,2.435784414410591,0,29,29,2026-02-17 14:02:31.977966,2026-02-17 14:02:31.977967
velib,Vélib' Métropole,Paris,FR,5c6685a20651eb72e17dd12195420471,Pierre Demours - Laugier,48.8813072,2.294846,8,27,35,2026-02-17 14:02:31.977968,2026-02-17 14:02:31.977969
velib,Vélib' Métropole,Paris,FR,5cb8c5a256ce3ec664bcd28429052846,Réaumur - Montmartre,48.86791186523,2.3448715883461,0,38,38,2026-02-17 14:02:31.977970,2026-02-17 14:02:31.977971
velib,Vélib' Métropole,Paris,FR,5cc8f47571f1fbacc37b07b700ded02e,De Toqueville - Terrasse,48.882428,2.314002,1,29,30,2026-02-17 14:02:31.977973,2026-02-17 14:02:31.977973
velib,Vélib' Métropole,Paris,FR,5cea0280af29439c53a67719ef3523dd,Iles de Loisirs de Créteil,48.780258200618,2.4455094301232,13,11,24,2026-02-17 14:02:31.977975,2026-02-17 14:02:31.977976
velib,Vélib' Métropole,Paris,FR,5cf3b0f1e9826108771f269dfce91df2,Guichet - Jean Jaurès,48.905169868129036,2.3023840785026555,14,12,26,2026-02-17 14:02:31.977977,2026-02-17 14:02:31.977978
velib,Vélib' Métropole,Paris,FR,5d409fbc3eedd8c0391fd021b055855e,Emile Reynaud - Porte de la Villette ,48.90098953630053,2.3887022584676743,4,18,22,2026-02-17 14:02:31.977979,2026-02-17 14:02:31.977980
velib,Vélib' Métropole,Paris,FR,5d71e734c3ba190fca3cc0e653b69597,Quai Voltaire,48.858942986179,2.3314182047146,31,1,32,2026-02-17 14:02:31.977981,2026-02-17 14:02:31.977982
velib,Vélib' Métropole,Paris,FR,5d72fe66321350e4ac6aaca586fae6c5,Hautpoul - Jean Jaurès,48.886393679436,2.3865414544355,2,29,31,2026-02-17 14:02:31.977984,2026-02-17 14:02:31.977985
velib,Vélib' Métropole,Paris,FR,5d9d89d03e173d1a15f2faa9e8c9a839,Chausson - Gabriel Péri,48.921891003481115,2.2952306270599365,4,17,21,2026-02-17 14:02:31.977988,2026-02-17 14:02:31.977989
velib,Vélib' Métropole,Paris,FR,5e0300976302386725fcf174d74af436,Pau Casals - Neuve Tolbiac,48.8311602,2.3774395,76,2,78,2026-02-17 14:02:31.977990,2026-02-17 14:02:31.977991
velib,Vélib' Métropole,Paris,FR,5e105726e01c9c076168257bbc2b049e,Granges aux Belles - Hôpital Saint-Louis,48.874794994841,2.366669436985,5,55,60,2026-02-17 14:02:31.977992,2026-02-17 14:02:31.977993
velib,Vélib' Métropole,Paris,FR,5eb5db9c41d17700a148122ad509c735,Buffon - Jardin des Plantes,48.842668466104875,2.3618587106466293,23,7,30,2026-02-17 14:02:31.977994,2026-02-17 14:02:31.977995
velib,Vélib' Métropole,Paris,FR,5f705fa8749379a07ed113903c77e5d9,Hôpital Mondor,48.798922410229,2.4537451531298,13,13,26,2026-02-17 14:02:31.977997,2026-02-17 14:02:31.977998
velib,Vélib' Métropole,Paris,FR,5f7f1a88b8c27c0429d439b6e5f6ea71,Bercy - Traversiére,48.846192642574,2.3703800886869,17,12,29,2026-02-17 14:02:31.977999,2026-02-17 14:02:31.978000
velib,Vélib' Métropole,Paris,FR,5fe45802ea2c9fbcb50f1dfbae649682,Rampal - Belleville,48.873114661405,2.3798409114805,4,16,20,2026-02-17 14:02:31.978001,2026-02-17 14:02:31.978002
velib,Vélib' Métropole,Paris,FR,60016166754ab9b88d6a7bbd3928c08f,Place Eustache Deschamps,48.793855,2.336637,3,17,20,2026-02-17 14:02:31.978005,2026-02-17 14:02:31.978006
velib,Vélib' Métropole,Paris,FR,60873b537f43d902e22dfeb66a9e98f3,Jules Guesdes - Carnot,48.93828169931872,2.3508992046117783,0,14,14,2026-02-17 14:02:31.978007,2026-02-17 14:02:31.978008
velib,Vélib' Métropole,Paris,FR,60e455c02d1a9c60e92e8bea5e3004de,Marcel Yol - Jullien,48.82537611802588,2.287235018058929,6,22,28,2026-02-17 14:02:31.978009,2026-02-17 14:02:31.978010
velib,Vélib' Métropole,Paris,FR,61c3ce6255fa7faffe02f7d5ee8e7e81,Président Roosevelt - Rouget de Lisle,48.83047518749,2.2616135525345,39,1,40,2026-02-17 14:02:31.978011,2026-02-17 14:02:31.978012
velib,Vélib' Métropole,Paris,FR,61e5c46fd1462b710c8aeea3ec8c2c60,Bruant - Vincent Auriol,48.834848452929,2.3668264996271,16,8,24,2026-02-17 14:02:31.978013,2026-02-17 14:02:31.978014
velib,Vélib' Métropole,Paris,FR,626aae3b367a4cfa9dde9e771cd171e2,Henry Farman,48.83372430280548,2.2713854536414146,16,0,16,2026-02-17 14:02:31.978016,2026-02-17 14:02:31.978017
velib,Vélib' Métropole,Paris,FR,627503e5338e7a6cf374105842af17a0,Caulaincourt - Place Constantin Pecqueur,48.889677905028,2.3381787144261,2,40,42,2026-02-17 14:02:31.978018,2026-02-17 14:02:31.978019
velib,Vélib' Métropole,Paris,FR,627c66d91bfcb0cd2bc516f92002ca99,Averroès - Aimé Césaire,48.91405323432864,2.412636950612068,13,5,18,2026-02-17 14:02:31.978020,2026-02-17 14:02:31.978021
velib,Vélib' Métropole,Paris,FR,628546ab87318c1235d4e487e16d6903,Marignan - Champs-Elysées,48.869495661232,2.3066138139003,56,5,61,2026-02-17 14:02:31.978022,2026-02-17 14:02:31.978023
velib,Vélib' Métropole,Paris,FR,62f3254534266bbed321e50393217e5b,Larmeroux - Baudelaire,48.816939911292,2.2809894804846,2,27,29,2026-02-17 14:02:31.978025,2026-02-17 14:02:31.978025
velib,Vélib' Métropole,Paris,FR,6314044c1fec5974e9b45d3ddd2bdf3b,Leredde - Tolbiac,48.82887629664,2.3744382709265,32,12,44,2026-02-17 14:02:31.978027,2026-02-17 14:02:31.978028
velib,Vélib' Métropole,Paris,FR,6326b14961097287778d5449f4f5a5fb,Courcelles - Place des Ternes,48.878199928923124,2.2992860188665043,4,26,30,2026-02-17 14:02:31.978029,2026-02-17 14:02:31.978030
velib,Vélib' Métropole,Paris,FR,632db7a3d56b70eaea8fa3b0074ea060,Terroirs de France - Lheureux,48.83212027074841,2.388618104159832,52,3,55,2026-02-17 14:02:31.978031,2026-02-17 14:02:31.978032
velib,Vélib' Métropole,Paris,FR,6333a1ba99c874b88d09e4639192be74,Maxime Gorki - Paul Vaillant-Couturier,48.79673508795443,2.3683342337608337,2,16,18,2026-02-17 14:02:31.978033,2026-02-17 14:02:31.978034
velib,Vélib' Métropole,Paris,FR,635faae0207b4471672667ae804cbd62,Arthur Ranc - Hôpital Bichat,48.8978712500682,2.333521842956543,3,21,24,2026-02-17 14:02:31.978036,2026-02-17 14:02:31.978037
velib,Vélib' Métropole,Paris,FR,6360510e3a5f3d5e209bb2f57c83946d,Créteil Pompadour,48.773011623355,2.435166164893,4,40,44,2026-02-17 14:02:31.978038,2026-02-17 14:02:31.978039
velib,Vélib' Métropole,Paris,FR,637d5379be40fbdb4601b18db683a06b,Gare RER,48.896280181078,2.4581568985227,6,23,29,2026-02-17 14:02:31.978046,2026-02-17 14:02:31.978047
velib,Vélib' Métropole,Paris,FR,6387eaf99dbe327adaab47babd7a913d,Parc Suzanne Lenglen,48.833250690537874,2.2765403240919113,50,0,50,2026-02-17 14:02:31.978048,2026-02-17 14:02:31.978049
velib,Vélib' Métropole,Paris,FR,63982bf8351763c93d94c566d0cf3b01,Lac Daumesnil - Saint-Maurice,48.82774555743318,2.4183654785156246,6,43,49,2026-02-17 14:02:31.978051,2026-02-17 14:02:31.978052
velib,Vélib' Métropole,Paris,FR,63d676ef7a95b94ac1065c8ed479c0cd,Haut du Mont-Mesly,48.780191921646,2.4685737495183,11,9,20,2026-02-17 14:02:31.978053,2026-02-17 14:02:31.978054
velib,Vélib' Métropole,Paris,FR,6434dada42d90673e795af597169531d,Hôtel de Ville de Fontenay-aux-Roses,48.790844603480856,2.2871455930319455,2,32,34,2026-02-17 14:02:31.978055,2026-02-17 14:02:31.978056
velib,Vélib' Métropole,Paris,FR,6461710be86ebba24622c18e83566e25,Londres - Europe,48.878618556803,2.3248164693922,6,19,25,2026-02-17 14:02:31.978057,2026-02-17 14:02:31.978058
velib,Vélib' Métropole,Paris,FR,6481289a7dcd0ca44f1a0de513116197,Jouffroy d'Abbans - Malesherbes,48.8850134,2.3070717,5,19,24,2026-02-17 14:02:31.978060,2026-02-17 14:02:31.978061
velib,Vélib' Métropole,Paris,FR,656546f7b09611cd89f2eae9c4b8b141,Gabriel Péri - Jules Ferry,48.926182814311,2.3912295762525,8,17,25,2026-02-17 14:02:31.978062,2026-02-17 14:02:31.978063
velib,Vélib' Métropole,Paris,FR,66011897fd7101a7bb10b9e85558fe53,Evariste Galois,48.873341356228,2.4133544409574,2,19,21,2026-02-17 14:02:31.978064,2026-02-17 14:02:31.978065
velib,Vélib' Métropole,Paris,FR,6601de08f7e23983c000398043585558,Paul Signac - Aristide Briand,48.869502621564,2.450226098299,2,33,35,2026-02-17 14:02:31.978066,2026-02-17 14:02:31.978067
velib,Vélib' Métropole,Paris,FR,660c4f1931862fb44696bdb9a0526799,Place de la Reine Astrid,48.864920982538,2.3025491823859,53,4,57,2026-02-17 14:02:31.978068,2026-02-17 14:02:31.978069
velib,Vélib' Métropole,Paris,FR,670bf978de4b76803dee6983a7042953,Danielle Casanova - Opéra,48.867643242297,2.3333894088864,15,4,19,2026-02-17 14:02:31.978071,2026-02-17 14:02:31.978072
velib,Vélib' Métropole,Paris,FR,670de043230e3acedb313e4f8ef3abb3,Jean Jaurès - Paul Lafargue,48.884933177666,2.2484488785267,22,6,28,2026-02-17 14:02:31.978073,2026-02-17 14:02:31.978074
velib,Vélib' Métropole,Paris,FR,67447a40039cae5e6f47f8ffb8fd2b26,Square Louis XVI,48.87320440102894,2.323658830743138,27,2,29,2026-02-17 14:02:31.978075,2026-02-17 14:02:31.978076
velib,Vélib' Métropole,Paris,FR,677733930199bba381b05cb4671c686a,Gare Montparnasse - Vaugirard,48.8418071798797,2.31951002690117,4,62,66,2026-02-17 14:02:31.978077,2026-02-17 14:02:31.978078
velib,Vélib' Métropole,Paris,FR,678e7a75eb4feea5c40b9228f2961edd,Jardins d'Eole,48.8869703,2.3668488,4,16,20,2026-02-17 14:02:31.978080,2026-02-17 14:02:31.978080
velib,Vélib' Métropole,Paris,FR,67b871714c5747e4b27c22703cf13013,Jean Oestreicher - Porte de Champerret,48.88655580065981,2.288640439510346,20,0,20,2026-02-17 14:02:31.978082,2026-02-17 14:02:31.978083
velib,Vélib' Métropole,Paris,FR,67b9665dbf6be35ef311f28fc1cdd303,Madeleine Vionnet,48.902519074064,2.3740895837545,51,2,53,2026-02-17 14:02:31.978084,2026-02-17 14:02:31.978085
velib,Vélib' Métropole,Paris,FR,67d3021bbcb8a76cd7d8bb1ea1e64dc9,Jean Bologne - Passy,48.857566889784465,2.280027395306772,2,16,18,2026-02-17 14:02:31.978086,2026-02-17 14:02:31.978087
velib,Vélib' Métropole,Paris,FR,6804f69932aa639140cd339c2d3033a8,Raspail - Chomel,48.852233164303,2.3266580700874,46,0,46,2026-02-17 14:02:31.978088,2026-02-17 14:02:31.978089
velib,Vélib' Métropole,Paris,FR,680fd30c77c24aee346d88a423352c07,Benjamin Delessert - Jean Lolive,48.89392043619345,2.417981922626496,4,17,21,2026-02-17 14:02:31.978091,2026-02-17 14:02:31.978092
velib,Vélib' Métropole,Paris,FR,681dc5faed71ff141b9538db0677139b,Piat - Parc de Belleville,48.87195626635528,2.384981390278095,2,19,21,2026-02-17 14:02:31.978093,2026-02-17 14:02:31.978094
velib,Vélib' Métropole,Paris,FR,6881d1cf44f5cefd9ad4f9647db8af22,Place de la Porte de Champeret,48.886062068226,2.2917001576821,8,20,28,2026-02-17 14:02:31.978095,2026-02-17 14:02:31.978096
velib,Vélib' Métropole,Paris,FR,68a0859b6014cb5598a5df4ad1f51f37,Jules Guesde - Laennec,48.87628983900398,2.5006942078471184,7,12,19,2026-02-17 14:02:31.978097,2026-02-17 14:02:31.978098
velib,Vélib' Métropole,Paris,FR,68ca854e2c39a7982b5464638cad53e9,Résistance - Parmentier,48.85965138131299,2.436705082654953,5,30,35,2026-02-17 14:02:31.978101,2026-02-17 14:02:31.978102
velib,Vélib' Métropole,Paris,FR,693bb23d822ab432a22b0f2b9e4614a1,Square de la rue Pixérécourt,48.8736824,2.3960278,2,43,45,2026-02-17 14:02:31.978104,2026-02-17 14:02:31.978104
velib,Vélib' Métropole,Paris,FR,695c2cd3ffaa9eb3fc72fd36f5930ea1,Albert Kahn - Duhesme,48.895623001056,2.345815078896,1,37,38,2026-02-17 14:02:31.978106,2026-02-17 14:02:31.978107
velib,Vélib' Métropole,Paris,FR,69dc7c72e30b8bf012e18432a41ecb35,Véron - Lepic,48.885261233953,2.3345598578453,1,22,23,2026-02-17 14:02:31.978108,2026-02-17 14:02:31.978109
velib,Vélib' Métropole,Paris,FR,69e8e95c360a5d1ebf083fc2ad11e332,Paul Bodin - Clichy,48.892594758409,2.3171403311203,1,30,31,2026-02-17 14:02:31.978110,2026-02-17 14:02:31.978111
velib,Vélib' Métropole,Paris,FR,69ea3da4aca764e814d2df353fd3dcc1,Place d'Italie - Soeur Rosalie,48.831908520394,2.3546943448098,3,49,52,2026-02-17 14:02:31.978112,2026-02-17 14:02:31.978113
velib,Vélib' Métropole,Paris,FR,6a2afbbf8bede56b4edb7c3ebade0e6c,Grande Truanderie - Saint-Denis,48.8626302,2.3498075,26,3,29,2026-02-17 14:02:31.978115,2026-02-17 14:02:31.978116
velib,Vélib' Métropole,Paris,FR,6a2c14f71aefa51eaad2cda6c1e6d220,Conservatoire de Musique,48.770935866676,2.4034014344215,5,17,22,2026-02-17 14:02:31.978117,2026-02-17 14:02:31.978118
velib,Vélib' Métropole,Paris,FR,6a51885695884a884bbc51e4ad276c63,Place des Victoires,48.8660354,2.3420333,23,1,24,2026-02-17 14:02:31.978119,2026-02-17 14:02:31.978120
velib,Vélib' Métropole,Paris,FR,6a847ac4b705e2863bba9460a0b320fe,Le Brun - Gobelins,48.835092787824,2.3534681351338,6,41,47,2026-02-17 14:02:31.978121,2026-02-17 14:02:31.978122
velib,Vélib' Métropole,Paris,FR,6ab04d33c2786fdee83912ebd000afe1,Place Balard,48.836395736424,2.2784192115068,33,1,34,2026-02-17 14:02:31.978124,2026-02-17 14:02:31.978125
velib,Vélib' Métropole,Paris,FR,6b1f2d11be3fd0eca68fa47eb2831604,Lobau - Hôtel de Ville,48.8562118,2.3532536,54,5,59,2026-02-17 14:02:31.978126,2026-02-17 14:02:31.978127
velib,Vélib' Métropole,Paris,FR,6b23eb8e0e5648bd5dab1e5c23c0819d,Villette - Belleville,48.8726877314,2.376461327076,2,44,46,2026-02-17 14:02:31.978128,2026-02-17 14:02:31.978129
velib,Vélib' Métropole,Paris,FR,6b3146891becc31ec966f04c191a3f41,Louis Xavier de Ricard - Ancienne Mairie,48.84629899065091,2.472420372068882,7,26,33,2026-02-17 14:02:31.978131,2026-02-17 14:02:31.978132
velib,Vélib' Métropole,Paris,FR,6b80112d3ff3ceced1d3f6755d6ea52c,Docteur Calmette - Martre,48.898969358483,2.3086513252383,8,22,30,2026-02-17 14:02:31.978133,2026-02-17 14:02:31.978134
velib,Vélib' Métropole,Paris,FR,6bc6f2d8fdc3834725d146dcf9357fda,Reuilly - Place Felix Eboue,48.84030274499962,2.394630398715453,5,37,42,2026-02-17 14:02:31.978135,2026-02-17 14:02:31.978136
velib,Vélib' Métropole,Paris,FR,6c13526853cc9b99ae8dca138948813d,René Boulanger - Lancry,48.868769331741,2.3598745346052,9,24,33,2026-02-17 14:02:31.978137,2026-02-17 14:02:31.978138
velib,Vélib' Métropole,Paris,FR,6c2c25c661c7887ad23c1d9888275333,Charonne - Bureau,48.854176,2.396093,0,45,45,2026-02-17 14:02:31.978140,2026-02-17 14:02:31.978140
velib,Vélib' Métropole,Paris,FR,6c4cbabf7296437901d571faac6c58ab,Youri Gagarine - Commune de Paris,48.782427463041,2.3939734697342,16,17,33,2026-02-17 14:02:31.978142,2026-02-17 14:02:31.978143
velib,Vélib' Métropole,Paris,FR,6c75657634e0c4b55692a4d544c776e4,Saint-Mandé - Fabre d'Eglantine,48.8453579,2.3965022,11,23,34,2026-02-17 14:02:31.978144,2026-02-17 14:02:31.978145
velib,Vélib' Métropole,Paris,FR,6c79e98afe3bff87a4889679567d3449,Flandre - Riquet,48.888013281448,2.3737595955229,1,19,20,2026-02-17 14:02:31.978146,2026-02-17 14:02:31.978147
velib,Vélib' Métropole,Paris,FR,6c7f1d70ea73bcb103aaf47f39917fb1,Championnet.,48.8953643,2.3498166,0,22,22,2026-02-17 14:02:31.978148,2026-02-17 14:02:31.978149
velib,Vélib' Métropole,Paris,FR,6ca396381dc2e5d8d179d85ae3555abd,Indre - Prairies,48.86254398506782,2.403290458023548,3,35,38,2026-02-17 14:02:31.978151,2026-02-17 14:02:31.978152
velib,Vélib' Métropole,Paris,FR,6cbe15611593e1cffd0a9abf54aeffc8,Gare de Lyon - Place Louis Armand,48.845515089794,2.3726498446286,34,26,60,2026-02-17 14:02:31.978153,2026-02-17 14:02:31.978154
velib,Vélib' Métropole,Paris,FR,6cff08acfffcc9b4dce991d1b4989375,Hôtel de Ville - Adrienne Bolland,48.905280057722,2.4455443018674,3,31,34,2026-02-17 14:02:31.978155,2026-02-17 14:02:31.978156
velib,Vélib' Métropole,Paris,FR,6d02e56c206d9ad59d18de86a2d803e9,Pont De Charenton,48.8179685,2.4199531,3,15,18,2026-02-17 14:02:31.978157,2026-02-17 14:02:31.978158
velib,Vélib' Métropole,Paris,FR,6d5f0ea757d3d4afdd55dfbee5e5c64e,Square Simon Bolivar,48.875089888322,2.3826304078102,0,24,24,2026-02-17 14:02:31.978160,2026-02-17 14:02:31.978161
velib,Vélib' Métropole,Paris,FR,6d66ea4f4a91618d90c2d38dce144c93,Quai de Sèvres - Manufacture Nationale,48.828688,2.22499,21,7,28,2026-02-17 14:02:31.978162,2026-02-17 14:02:31.978163
velib,Vélib' Métropole,Paris,FR,6d7a65475d1cd37432ee07f95fb22782,Reynaldo Hahn - Lagny,48.849266043601794,2.412330328844772,0,19,19,2026-02-17 14:02:31.978164,2026-02-17 14:02:31.978165
velib,Vélib' Métropole,Paris,FR,6d7a9c41afcf314160762197077516f4,Bastille - Beaumarchais,48.853833463852,2.3685702681541,17,5,22,2026-02-17 14:02:31.978166,2026-02-17 14:02:31.978167
velib,Vélib' Métropole,Paris,FR,6d8a6fb7c3cdf48ab6b9ad80c5daa479,Mairie d'Issy,48.823767792468,2.2723111510277,10,31,41,2026-02-17 14:02:31.978169,2026-02-17 14:02:31.978170
velib,Vélib' Métropole,Paris,FR,6d94e7063eddead1f7d1d94741f00c40,Champeaux - Gallieni,48.864459134684644,2.4161778017878532,7,43,50,2026-02-17 14:02:31.978171,2026-02-17 14:02:31.978172
velib,Vélib' Métropole,Paris,FR,6dfb5192fb139d203175e04219fea536,Louis Lejeune - Barbès,48.81807418981508,2.3267009854316716,7,18,25,2026-02-17 14:02:31.978173,2026-02-17 14:02:31.978174
velib,Vélib' Métropole,Paris,FR,6e0dbb5b877eec618e2b40acdfcc6bb8,Mairie du 12ème,48.840855311763,2.3875549435616,0,30,30,2026-02-17 14:02:31.978175,2026-02-17 14:02:31.978176
velib,Vélib' Métropole,Paris,FR,6e7fe18ebf59e6fe8ce09971877dfa37,Madagascar - Meuniers,48.83460464474706,2.3970650508999825,7,39,46,2026-02-17 14:02:31.978178,2026-02-17 14:02:31.978179
velib,Vélib' Métropole,Paris,FR,6e83356e72ec27f60425108ea2b3e4a4,Stade de France - Francis de Pressensé,48.919141953558,2.3620655760169,41,2,43,2026-02-17 14:02:31.978180,2026-02-17 14:02:31.978181
velib,Vélib' Métropole,Paris,FR,6e865da9c84be25fa89686b823e8c43f,Rouget de Lisle,48.764615483395254,2.4071189761161804,3,32,35,2026-02-17 14:02:31.978182,2026-02-17 14:02:31.978183
velib,Vélib' Métropole,Paris,FR,6eb8825f820d60b3d97416cf5aa6d06b,Général Martial Valin - Pont du Garigliano,48.83823094269141,2.270506024360657,11,3,14,2026-02-17 14:02:31.978184,2026-02-17 14:02:31.978185
velib,Vélib' Métropole,Paris,FR,6ef7ab5bf9f169d23ecf040788d64c5f,Saint-Honoré - 29 juillet,48.86557114282421,2.330567417577153,18,1,19,2026-02-17 14:02:31.978187,2026-02-17 14:02:31.978188
velib,Vélib' Métropole,Paris,FR,6f163843456db2f12326bdcb36a7a448,Archives - Pastourelle,48.8623615,2.3595041,11,15,26,2026-02-17 14:02:31.978189,2026-02-17 14:02:31.978190
velib,Vélib' Métropole,Paris,FR,6f6e68db5cb71ab4f63447f6d87d4d7e,Louis Armand - Bernard Palissy,48.916974,2.313384,15,6,21,2026-02-17 14:02:31.978193,2026-02-17 14:02:31.978194
velib,Vélib' Métropole,Paris,FR,6f6f1f5431a7e2c27a603aef058bed71,Saint-Jacques - Soufflot,48.846280383395,2.3430785379567,15,1,16,2026-02-17 14:02:31.978195,2026-02-17 14:02:31.978196
velib,Vélib' Métropole,Paris,FR,6f758e5af2327521e408ec046d8bd838,Halle Freyssinet - Parvis Alan Turing,48.832846814471,2.3711421713233,36,1,37,2026-02-17 14:02:31.978197,2026-02-17 14:02:31.978198
velib,Vélib' Métropole,Paris,FR,6f88ea4da712ac28d99e44f06154901a,Gare Arcueil - Cachan,48.799824,2.328171,1,24,25,2026-02-17 14:02:31.978199,2026-02-17 14:02:31.978200
velib,Vélib' Métropole,Paris,FR,6fa0041144d81e5767dfcfe14827a9e5,Decrès - Alésia,48.832200060759,2.3139070151575,1,28,29,2026-02-17 14:02:31.978202,2026-02-17 14:02:31.978203
velib,Vélib' Métropole,Paris,FR,708acae760e37ba6e3c808518cf4bab9,Naples - Rome,48.879960700846226,2.321358695626259,3,21,24,2026-02-17 14:02:31.978204,2026-02-17 14:02:31.978205
velib,Vélib' Métropole,Paris,FR,70d345261b0074723823359f223f273d,Jean Jaurès - Bouret,48.883144703938,2.3712364995651,2,30,32,2026-02-17 14:02:31.978206,2026-02-17 14:02:31.978207
velib,Vélib' Métropole,Paris,FR,71308f42372767bb03fbb56021e1f5b1,Ecole Militaire - Place Joffre,48.852060203583,2.3017993569374,22,4,26,2026-02-17 14:02:31.978208,2026-02-17 14:02:31.978209
velib,Vélib' Métropole,Paris,FR,714f99ee52cc477714e0d084246e9038,Bourdonnais - Tour Eiffel,48.860897797941,2.295599598447,57,2,59,2026-02-17 14:02:31.978210,2026-02-17 14:02:31.978211
velib,Vélib' Métropole,Paris,FR,71aded7e7b3842115325ee49a15e6522,Marseille - Beaurepaire,48.871624306962985,2.3639265082738348,16,38,54,2026-02-17 14:02:31.978213,2026-02-17 14:02:31.978214
velib,Vélib' Métropole,Paris,FR,71bc26f2ebf392c4c0aa5c189bf97dd2,Franciade - Gabriel Péri,48.93261499331498,2.355954498052597,15,10,25,2026-02-17 14:02:31.978215,2026-02-17 14:02:31.978216
velib,Vélib' Métropole,Paris,FR,720b992168dfaf617e180c5ac09f6ffe,Mûriers - Père Lachaise,48.864130509668044,2.39164982067019,0,20,20,2026-02-17 14:02:31.978217,2026-02-17 14:02:31.978218
velib,Vélib' Métropole,Paris,FR,72140933e9dd791b9f71da9035791ac8,Séminaire de Conflans - Liberté,48.823194,2.404179,3,22,25,2026-02-17 14:02:31.978220,2026-02-17 14:02:31.978221
velib,Vélib' Métropole,Paris,FR,723ed2a530c8ac46bbeb6d87ede77194,Mairie du 11ème,48.858925,2.3789759,12,38,50,2026-02-17 14:02:31.978222,2026-02-17 14:02:31.978223
velib,Vélib' Métropole,Paris,FR,725d29d84f7137c5578500a657301181,Bienfaisance - Place de Narvik,48.87660163459077,2.3129771277308464,23,12,35,2026-02-17 14:02:31.978224,2026-02-17 14:02:31.978225
velib,Vélib' Métropole,Paris,FR,7268faf54f66d26bfcde7f0cf3396b50,Morillons - Dantzig,48.83310149953933,2.299380004405976,2,48,50,2026-02-17 14:02:31.978226,2026-02-17 14:02:31.978227
velib,Vélib' Métropole,Paris,FR,72a0291ab5eed79b7edd30e648034cf2,André Theuriet - Blagis,48.77977325745441,2.3130525648593903,22,8,30,2026-02-17 14:02:31.978229,2026-02-17 14:02:31.978229
velib,Vélib' Métropole,Paris,FR,72cdc7f2b8b1b5e56951a1d47d34eecf,8 Mai 1945 - 10 Juillet 1940,48.784567029674,2.3979035764933,14,15,29,2026-02-17 14:02:31.978231,2026-02-17 14:02:31.978232
velib,Vélib' Métropole,Paris,FR,7321eda6529f6da9b6df36a4d1074102,Tardieu - Chappe,48.884146759782,2.341845408082,3,15,18,2026-02-17 14:02:31.978233,2026-02-17 14:02:31.978234
velib,Vélib' Métropole,Paris,FR,741cc63c0e156a9c9e020c0bccc9b724,Cimetière de Boulogne-Billancourt,48.830764,2.252024,15,24,39,2026-02-17 14:02:31.978235,2026-02-17 14:02:31.978236
velib,Vélib' Métropole,Paris,FR,743adb8b95db35d000d7dc5429c44497,Clef des Champs - Albert Dhalenne,48.914938,2.330665,19,8,27,2026-02-17 14:02:31.978237,2026-02-17 14:02:31.978238
velib,Vélib' Métropole,Paris,FR,746131ad4dcba556a6c67ba17bd83cc7,Reims - Porte d'Asnières,48.891834448210986,2.300144659954865,22,3,25,2026-02-17 14:02:31.978240,2026-02-17 14:02:31.978241
velib,Vélib' Métropole,Paris,FR,74ca5235baf4f12dd6aff2e56acac915,Pesaro - Préfecture,48.89577046284005,2.223908342421055,18,3,21,2026-02-17 14:02:31.978242,2026-02-17 14:02:31.978243
velib,Vélib' Métropole,Paris,FR,7507124b8a32edb1b192ce9ba2eec477,Louis le Grand - Italiens,48.870508937204,2.3340544619393,31,1,32,2026-02-17 14:02:31.978244,2026-02-17 14:02:31.978245
velib,Vélib' Métropole,Paris,FR,75577927f1cca5915590bc2d46e1b5c8,Froment - Bréguet,48.8570414504784,2.37289470306807,17,23,40,2026-02-17 14:02:31.978246,2026-02-17 14:02:31.978247
velib,Vélib' Métropole,Paris,FR,756211affb67f45b0cf7cbca754ddc35,Parc Floral du Bel Air,48.839285711865735,2.438560165464878,21,2,23,2026-02-17 14:02:31.978249,2026-02-17 14:02:31.978249
velib,Vélib' Métropole,Paris,FR,75c417c121c5c1d315ba5132048763be,Place Falguière,48.83629973941847,2.3104464635252953,1,22,23,2026-02-17 14:02:31.978251,2026-02-17 14:02:31.978252
velib,Vélib' Métropole,Paris,FR,76240150d4ee35e563b890f0721b592c,Jacques Callot - Mazarine,48.855280175332,2.3375743255019,25,3,28,2026-02-17 14:02:31.978253,2026-02-17 14:02:31.978254
velib,Vélib' Métropole,Paris,FR,76692ca3f594c2495dac1aa4f6779829,Estienne d'Orves - Henri Ginoux,48.815388220397274,2.320886790760933,1,29,30,2026-02-17 14:02:31.978255,2026-02-17 14:02:31.978256
velib,Vélib' Métropole,Paris,FR,7678b523b0deb45d09512d7129af7355,Réunion - Avron,48.852566752033766,2.403928068708116,2,24,26,2026-02-17 14:02:31.978257,2026-02-17 14:02:31.978258
velib,Vélib' Métropole,Paris,FR,768ddc2b2ca4a55976019dd0b9f6433d,Belidor - Gouvion-Saint-Cyr,48.88022154052015,2.2854680567979813,7,32,39,2026-02-17 14:02:31.978260,2026-02-17 14:02:31.978261
velib,Vélib' Métropole,Paris,FR,76a447473beff5d431a203199e839ed9,Petit - Georges Thill,48.88603131999171,2.3895753175020222,0,22,22,2026-02-17 14:02:31.978262,2026-02-17 14:02:31.978263
velib,Vélib' Métropole,Paris,FR,76ae8b1d3d0c67d29fa57692fa306fc8,Taitbout - Châteaudun,48.876383969379,2.3353566779335,46,8,54,2026-02-17 14:02:31.978264,2026-02-17 14:02:31.978265
velib,Vélib' Métropole,Paris,FR,76d14169d75a0edb8e8ea3a458e371cb,Cambronne - Mademoiselle,48.843277330035214,2.30230766886348,7,60,67,2026-02-17 14:02:31.978266,2026-02-17 14:02:31.978267
velib,Vélib' Métropole,Paris,FR,76d33163a756fcfe97d74ab87ae2722d,Faubourg Poissonnière - Dunkerque,48.880883445404436,2.349934279918671,2,28,30,2026-02-17 14:02:31.978269,2026-02-17 14:02:31.978269
velib,Vélib' Métropole,Paris,FR,76d95de2fa489b3287c50f7b8fa43992,Rond-point du Dr Albert Schweitzer,48.78980918988166,2.3143940046429634,1,20,21,2026-02-17 14:02:31.978271,2026-02-17 14:02:31.978272
velib,Vélib' Métropole,Paris,FR,77323e3c46650ca40881e62356cdd809,Charlot - Stade Gabriel Voisin,48.827228120536,2.268122527474,25,6,31,2026-02-17 14:02:31.978273,2026-02-17 14:02:31.978274
velib,Vélib' Métropole,Paris,FR,7735a7f0adb007c57c93516c90cc5612,Parmentier - Fontaine au Roi,48.86787670551736,2.372705978671471,2,45,47,2026-02-17 14:02:31.978275,2026-02-17 14:02:31.978276
velib,Vélib' Métropole,Paris,FR,773aa12714642d2db324733a49a8d0aa,Mairie d'Ivry-sur-Seine,48.81057120969284,2.3842826485633855,6,47,53,2026-02-17 14:02:31.978277,2026-02-17 14:02:31.978278
velib,Vélib' Métropole,Paris,FR,7769eff98d6c531912c7142de0a0b9d1,Maurice d'Ocagne - General Maudhuy,48.82414282524159,2.3158789426088333,2,28,30,2026-02-17 14:02:31.978280,2026-02-17 14:02:31.978281
velib,Vélib' Métropole,Paris,FR,779832466a75e60f656a9a3ad33a1d1e,Beaumarchais - Saint-Gilles,48.8580378,2.3679352,24,26,50,2026-02-17 14:02:31.978283,2026-02-17 14:02:31.978284
velib,Vélib' Métropole,Paris,FR,77b337a27e18263ea6c62df64af7c441,René Coty - Place Denfert-Rochereau,48.833056477316,2.3329411447048,7,28,35,2026-02-17 14:02:31.978286,2026-02-17 14:02:31.978286
velib,Vélib' Métropole,Paris,FR,77b7084d5a9a678cbf1f0c17356a4f86,Martignac - Grenelle,48.858278471985,2.3187066793468,25,0,25,2026-02-17 14:02:31.978288,2026-02-17 14:02:31.978289
velib,Vélib' Métropole,Paris,FR,77d33d7defdf65816fbd6a5919b0b299,Thouin - Cardinal Lemoine,48.845047166615,2.3494647851273,11,5,16,2026-02-17 14:02:31.978290,2026-02-17 14:02:31.978291
velib,Vélib' Métropole,Paris,FR,7804facd4c662c6162f7ef4d4de020d6,Esplanade du Foncet - Camille Desmoulins,48.827090233495,2.2606857866049,25,3,28,2026-02-17 14:02:31.978292,2026-02-17 14:02:31.978293
velib,Vélib' Métropole,Paris,FR,780ad61f388cfbe42a9cb041d5084d4f,Amédée Huon - Fort d'Ivry,48.805131376899986,2.388489693403244,7,24,31,2026-02-17 14:02:31.978295,2026-02-17 14:02:31.978295
velib,Vélib' Métropole,Paris,FR,782947ad7a5d7a2455bb62bb3f1647b9,Pereire - Ternes,48.87973954830735,2.288012132048607,10,38,48,2026-02-17 14:02:31.978297,2026-02-17 14:02:31.978298
velib,Vélib' Métropole,Paris,FR,783f984c18ca7ee73262b89e951b6c07,Hôtel de Ville de Levallois Perret,48.89314451997415,2.2888818383216862,17,8,25,2026-02-17 14:02:31.978299,2026-02-17 14:02:31.978300
velib,Vélib' Métropole,Paris,FR,78b0c1c2a9b18f24ef024257370b66be,Legendre - Dulong,48.885325169402904,2.316423766314984,1,22,23,2026-02-17 14:02:31.978301,2026-02-17 14:02:31.978302
velib,Vélib' Métropole,Paris,FR,78c4b10cec0bd84b4956be84120c1546,Coquillière - Louvre,48.863795909662,2.3425736278296,21,0,21,2026-02-17 14:02:31.978304,2026-02-17 14:02:31.978304
velib,Vélib' Métropole,Paris,FR,78e3071882b1e611eecbcd1724458d34,Jean Lolive - Parc Stalingrad,48.89206174403158,2.4091735482215886,3,18,21,2026-02-17 14:02:31.978306,2026-02-17 14:02:31.978307
velib,Vélib' Métropole,Paris,FR,78ec9186acd18a0b30bd3156d24b9f8d,Benjamin Godard - Victor Hugo,48.865983,2.275725,5,29,34,2026-02-17 14:02:31.978308,2026-02-17 14:02:31.978309
velib,Vélib' Métropole,Paris,FR,78f5a9bb8e18d04558fb96cc635dc44a,Vaugirard - Verrerie,48.820881336842,2.2367222622987,16,10,26,2026-02-17 14:02:31.978310,2026-02-17 14:02:31.978311
velib,Vélib' Métropole,Paris,FR,7908885bc051e0f33d09a4402fcaa8ac,Hôpital Necker,48.846043490118454,2.313245013356209,27,12,39,2026-02-17 14:02:31.978313,2026-02-17 14:02:31.978314
velib,Vélib' Métropole,Paris,FR,79e5a30a067af0b94e20431f2d6e855c,Vladimir Ilitch Lénine - Andrée Chedid,48.813240124373,2.3319716067039,2,28,30,2026-02-17 14:02:31.978315,2026-02-17 14:02:31.978316
velib,Vélib' Métropole,Paris,FR,7a55227599469e49e1f5dbadd2921c65,Cimetière d'Issy-les-Moulineaux,48.817699773925,2.2609312087297,3,21,24,2026-02-17 14:02:31.978317,2026-02-17 14:02:31.978318
velib,Vélib' Métropole,Paris,FR,7a6cf2471a1ce755690cc9f9c07add9f,Duhamel - André Gide,48.8365662244334,2.312707121097412,1,19,20,2026-02-17 14:02:31.978319,2026-02-17 14:02:31.978320
velib,Vélib' Métropole,Paris,FR,7ab783be4cdea1002c13ba6cf9d6aa83,Pierre Larousse - Raymond Losserand,48.83059564231877,2.3119183257222176,5,25,30,2026-02-17 14:02:31.978322,2026-02-17 14:02:31.978323
velib,Vélib' Métropole,Paris,FR,7ad11b6e7ea15032c55a328e0389d49d,Alfred de Vigny - Place du Général Brocard,48.87836138361425,2.305254448220567,14,17,31,2026-02-17 14:02:31.978324,2026-02-17 14:02:31.978325
velib,Vélib' Métropole,Paris,FR,7b04d2fde1d44c834c59833ec93b6bd3,Bruneseau - Quai d'Ivry,48.824945637583,2.3885661363602,28,18,46,2026-02-17 14:02:31.978326,2026-02-17 14:02:31.978327
velib,Vélib' Métropole,Paris,FR,7b353ebac8ff456e4ef3f00a7cdaff49,Parc Monceau,48.881077914129,2.3095492646098,11,6,17,2026-02-17 14:02:31.978328,2026-02-17 14:02:31.978329
velib,Vélib' Métropole,Paris,FR,7bfc511f2f3651b01e03a353496cfe16,Porte des Lilas - Faidherbe,48.87861855668978,2.4120327830314636,1,37,38,2026-02-17 14:02:31.978331,2026-02-17 14:02:31.978332
velib,Vélib' Métropole,Paris,FR,7c1631c4a4f01a4744b3d7c14fb3adc5,Point du Jour - Jean Jaurès,48.828753141436465,2.245911467014621,7,33,40,2026-02-17 14:02:31.978333,2026-02-17 14:02:31.978334
velib,Vélib' Métropole,Paris,FR,7c170ff921cdea5c238904095152d77d,Théâtre - Lourmel,48.8482070397636,2.2898658737540245,46,6,52,2026-02-17 14:02:31.978335,2026-02-17 14:02:31.978336
velib,Vélib' Métropole,Paris,FR,7c58b341c5c0844331cdc2a812b666c8,Roland Garros - Jean Bouin,48.809460857173,2.2853198638301,0,28,28,2026-02-17 14:02:31.978337,2026-02-17 14:02:31.978338
velib,Vélib' Métropole,Paris,FR,7c9b9a23ad9fe63f8b1a61746881993a,Cléry - Montmartre,48.867458,2.3445211,54,2,56,2026-02-17 14:02:31.978340,2026-02-17 14:02:31.978341
velib,Vélib' Métropole,Paris,FR,7caaf63216ae02be12a826198641e5a6,Saint-Maur - Roquette,48.858688774062955,2.383553994571467,4,41,45,2026-02-17 14:02:31.978342,2026-02-17 14:02:31.978343
velib,Vélib' Métropole,Paris,FR,7cb99d71fe6c85c697cca15b53a73854,Daumesnil - Picpus,48.8374688,2.401765,10,11,21,2026-02-17 14:02:31.978344,2026-02-17 14:02:31.978345
velib,Vélib' Métropole,Paris,FR,7cd657a96896e3c280736ede53091af6,Rottembourg - Général Michel Bizot,48.83787825992554,2.4044052511453633,5,38,43,2026-02-17 14:02:31.978346,2026-02-17 14:02:31.978347
velib,Vélib' Métropole,Paris,FR,7cef24b69cb01a3ea78805f16f4cf7e1,Henri Barbusse - Stalingrad,48.814183748660554,2.2872862592339516,1,14,15,2026-02-17 14:02:31.978349,2026-02-17 14:02:31.978349
velib,Vélib' Métropole,Paris,FR,7d145bbd89111d7193b951dfc6c02487,Caumartin - Provence,48.874422773426545,2.3284685611724854,20,3,23,2026-02-17 14:02:31.978351,2026-02-17 14:02:31.978352
velib,Vélib' Métropole,Paris,FR,7d4a1deff9c53059e2650658661a840c,Primo Levi - Frigos,48.83094844846017,2.37965351592796,33,1,34,2026-02-17 14:02:31.978353,2026-02-17 14:02:31.978354
velib,Vélib' Métropole,Paris,FR,7d526832aa6f663934c380e5f78bacb3,Moscou - Edouard Vaillant,48.90755810177,2.4689837335263,23,7,30,2026-02-17 14:02:31.978355,2026-02-17 14:02:31.978356
velib,Vélib' Métropole,Paris,FR,7d6ba3781c835c4a552b373689b71188,Saint-Romain - Cherche-Midi,48.84708159081946,2.321374788880348,5,12,17,2026-02-17 14:02:31.978357,2026-02-17 14:02:31.978358
velib,Vélib' Métropole,Paris,FR,7da27dac71c34dccfc69d1be53dde793,Gambetta - Tourelles,48.875337902264,2.4059921130538,1,19,20,2026-02-17 14:02:31.978360,2026-02-17 14:02:31.978361
velib,Vélib' Métropole,Paris,FR,7dec508bf9eb5166320961b9d5d46086,Davout - Volga,48.852919679957296,2.410522909779111,3,25,28,2026-02-17 14:02:31.978362,2026-02-17 14:02:31.978363
velib,Vélib' Métropole,Paris,FR,7df77f9738f0852d4f434eb218cdfe41,Bordier - Félix Faure,48.90390751882016,2.3830059170722966,7,40,47,2026-02-17 14:02:31.978364,2026-02-17 14:02:31.978365
velib,Vélib' Métropole,Paris,FR,7df813454e9d096e9b681b05d95376fe,Jardin d'Acclimatation,48.878772242510465,2.270772233605385,29,3,32,2026-02-17 14:02:31.978367,2026-02-17 14:02:31.978368
velib,Vélib' Métropole,Paris,FR,7e295427bc65e29626f90d52a934e3b1,Belleville - Pyrénées,48.8741908,2.3860039,2,40,42,2026-02-17 14:02:31.978369,2026-02-17 14:02:31.978370
velib,Vélib' Métropole,Paris,FR,7e36c938c73f88c7802fbb47008c7a5e,Alexandre Dumas - Voltaire,48.852888670365,2.3891476408096,4,68,72,2026-02-17 14:02:31.978371,2026-02-17 14:02:31.978372
velib,Vélib' Métropole,Paris,FR,7e45bbe871f605d9f9e99ba9a0e07170,La Motte-Picquet - La Tour Maubourg,48.856926701847,2.3096215831203,37,3,40,2026-02-17 14:02:31.978375,2026-02-17 14:02:31.978376
velib,Vélib' Métropole,Paris,FR,7ed7da9dbe8eb6d68a9280817ef64fdc,Porte de la Villette,48.89835196548483,2.386150136590004,4,23,27,2026-02-17 14:02:31.978377,2026-02-17 14:02:31.978378
velib,Vélib' Métropole,Paris,FR,7eddfddc58844d6d4c34b06ac41d8b5d,Fédération - Suffren,48.852828153442,2.2978776320815,19,6,25,2026-02-17 14:02:31.978379,2026-02-17 14:02:31.978380
velib,Vélib' Métropole,Paris,FR,7ee5e0361df559e7d3e154be71e7f316,Place de la Nation - Charonne,48.848364667777,2.3997623859813,8,28,36,2026-02-17 14:02:31.978383,2026-02-17 14:02:31.978384
velib,Vélib' Métropole,Paris,FR,7ef580273a8f00faf1801d35c09f9bbb,Ecole Vétérinaire,48.81488859822486,2.4224362157778994,9,26,35,2026-02-17 14:02:31.978385,2026-02-17 14:02:31.978386
velib,Vélib' Métropole,Paris,FR,7f19f458f67464338660a1e2ade3c48c,Cimetière de Montmartre,48.886472466142,2.3328901827335,1,42,43,2026-02-17 14:02:31.978387,2026-02-17 14:02:31.978388
velib,Vélib' Métropole,Paris,FR,7f204913ba23709c929d2470cfd9218a,Square Etienne Jarousse,48.82485182597129,2.2925933450460434,1,24,25,2026-02-17 14:02:31.978389,2026-02-17 14:02:31.978390
velib,Vélib' Métropole,Paris,FR,7f597fd4deb148ebb2e0545b229e5bc7,Cité des Sciences et de l'Industrie,48.89659571178903,2.384599149227142,5,23,28,2026-02-17 14:02:31.978392,2026-02-17 14:02:31.978393
velib,Vélib' Métropole,Paris,FR,7fa857d7b5503f01facbf6c0eea5a98f,Mairie du 14ème,48.83254578123,2.3254923149943,1,30,31,2026-02-17 14:02:31.978394,2026-02-17 14:02:31.978395
velib,Vélib' Métropole,Paris,FR,7fc31fcfefd948c62d6b9c2b04b10534,Assas - Rennes,48.8492084999386,2.32851454623001,32,0,32,2026-02-17 14:02:31.978396,2026-02-17 14:02:31.978397
velib,Vélib' Métropole,Paris,FR,7fc3e4f54064acce831a1df660b1474c,Place Tony de Graaff,48.8181645,2.2458109,9,33,42,2026-02-17 14:02:31.978398,2026-02-17 14:02:31.978399
velib,Vélib' Métropole,Paris,FR,7fd490acafba9293944d4820c8aa93e9,Vignerons - Minimes,48.841486,2.430793,7,22,29,2026-02-17 14:02:31.978401,2026-02-17 14:02:31.978402
velib,Vélib' Métropole,Paris,FR,80778031e1a033712bfc3a27a190d5dd,Beaux-Arts - Bonaparte,48.856451985396,2.3348518833518,18,1,19,2026-02-17 14:02:31.978403,2026-02-17 14:02:31.978404
velib,Vélib' Métropole,Paris,FR,809068ab0c9f09c33ee62418690d73ed,Hôpital Bégin,48.84571672113,2.4272462725639,0,25,25,2026-02-17 14:02:31.978405,2026-02-17 14:02:31.978406
velib,Vélib' Métropole,Paris,FR,80d99e3a323117129b2639ce06f3fbce,Enghien - Faubourg Poissonnière,48.872420063053,2.3483952362828,32,1,33,2026-02-17 14:02:31.978407,2026-02-17 14:02:31.978408
velib,Vélib' Métropole,Paris,FR,80e7409eb7fe7c76c43c8a4d73d4cb73,Parmentier - Hôpital Saint-Louis,48.871379874257,2.3698963836667,6,37,43,2026-02-17 14:02:31.978410,2026-02-17 14:02:31.978411
velib,Vélib' Métropole,Paris,FR,81226f9fbddf1664d075edd369c5511b,Etienne Marcel - Montorgueil,48.86450567259199,2.3461959511041637,28,0,28,2026-02-17 14:02:31.978412,2026-02-17 14:02:31.978413
velib,Vélib' Métropole,Paris,FR,8167ee58e982deb8d87db08cf2252c52,ZAC des Louvresses,48.943681749651,2.3057864216906,16,15,31,2026-02-17 14:02:31.978414,2026-02-17 14:02:31.978415
velib,Vélib' Métropole,Paris,FR,817f3c10a4e1381e80037f9313a0f6e7,Ivry - Simone Weil,48.823283932030755,2.3659095168113713,4,14,18,2026-02-17 14:02:31.978416,2026-02-17 14:02:31.978417
velib,Vélib' Métropole,Paris,FR,81b5f3481817598a3b4b9017d8974c90,Bargue -  Dutot,48.837884,2.308876,0,20,20,2026-02-17 14:02:31.978419,2026-02-17 14:02:31.978420
velib,Vélib' Métropole,Paris,FR,81c6917af57589f4738c3a3b55008ab8,Manin - Carrières d'Amérique,48.884672142095,2.3919698596001,1,18,19,2026-02-17 14:02:31.978421,2026-02-17 14:02:31.978422
velib,Vélib' Métropole,Paris,FR,8220455fba73126b12189b65c00d8984,Convention - Vaugirard,48.837676822332,2.2955869260203,15,45,60,2026-02-17 14:02:31.978423,2026-02-17 14:02:31.978424
velib,Vélib' Métropole,Paris,FR,822ef088981dcacb05d3874aa0e59212,Joffre - Aigle,48.904033,2.245096,5,12,17,2026-02-17 14:02:31.978425,2026-02-17 14:02:31.978426
velib,Vélib' Métropole,Paris,FR,8235613994dae4894ef7b7ae432e599d,Pasteur - Cotentin,48.8389284,2.316356,5,27,32,2026-02-17 14:02:31.978427,2026-02-17 14:02:31.978428
velib,Vélib' Métropole,Paris,FR,826a4a953b490f00543e641a56887061,Place Jean Mermoz,48.9220937,2.2718348,1,29,30,2026-02-17 14:02:31.978430,2026-02-17 14:02:31.978431
velib,Vélib' Métropole,Paris,FR,82afb3ca468026dfa2d45e3232c688f3,Championnet - Vauvenargues,48.89401874744574,2.3319872841238976,5,26,31,2026-02-17 14:02:31.978432,2026-02-17 14:02:31.978433
velib,Vélib' Métropole,Paris,FR,82be1e73fc5805fc36fdcbce8962a99b,Gare Rer de Fontenay sous Bois,48.8436279,2.4630465,8,53,61,2026-02-17 14:02:31.978434,2026-02-17 14:02:31.978435
velib,Vélib' Métropole,Paris,FR,82df2ba836609fce7f480875b16b2650,Vieille du Temple - Francs Bourgeois,48.858256413365815,2.35821794718504,18,6,24,2026-02-17 14:02:31.978436,2026-02-17 14:02:31.978437
velib,Vélib' Métropole,Paris,FR,830d78c2cc265de5070ce99ce5be32a0,Place de Verdun,48.8202823,2.473775,11,28,39,2026-02-17 14:02:31.978439,2026-02-17 14:02:31.978440
velib,Vélib' Métropole,Paris,FR,831340bdad9ddffe855e3a3069ed8a73,Longchamp - Place d'Iéna,48.864917233434,2.2926748171449,8,2,10,2026-02-17 14:02:31.978441,2026-02-17 14:02:31.978442
velib,Vélib' Métropole,Paris,FR,836347f9253af1ed4df83a06f4dcf260,Cimetière de Montrouge,48.821466904768,2.3215785772007,4,53,57,2026-02-17 14:02:31.978443,2026-02-17 14:02:31.978444
velib,Vélib' Métropole,Paris,FR,83911f48161327bb1e16d51784820e05,Porte de Clignancourt.,48.897488,2.343996,2,54,56,2026-02-17 14:02:31.978445,2026-02-17 14:02:31.978446
velib,Vélib' Métropole,Paris,FR,84071df217688f11d76c6b8eba978e64,Silly - Louis Blériot,48.83219045374266,2.2340199351310734,7,16,23,2026-02-17 14:02:31.978448,2026-02-17 14:02:31.978449
velib,Vélib' Métropole,Paris,FR,840dc27c20c767b61d76312b8a1ef2a8,Place de Lévis,48.883546851533254,2.3131933808326726,8,36,44,2026-02-17 14:02:31.978450,2026-02-17 14:02:31.978451
velib,Vélib' Métropole,Paris,FR,842bd8e36dd32f151107f6bce53085ab,Uzès - Montmartre,48.870790980240706,2.3431010171771054,28,1,29,2026-02-17 14:02:31.978452,2026-02-17 14:02:31.978453
velib,Vélib' Métropole,Paris,FR,843973d08c5772881936d80cffe16ed7,Chevaleret - Louise Weiss,48.832586513351,2.37121138812,30,5,35,2026-02-17 14:02:31.978454,2026-02-17 14:02:31.978455
velib,Vélib' Métropole,Paris,FR,8450f57ac206a32b85baa5d454366148,Jean Mermoz - Champs-Elysées,48.869689856852,2.3107324540615,43,5,48,2026-02-17 14:02:31.978457,2026-02-17 14:02:31.978457
velib,Vélib' Métropole,Paris,FR,848bc55504507501e775d6ee4dc8880e,Cauchy - Cévennes,48.843372571022,2.2751328349113,26,25,51,2026-02-17 14:02:31.978459,2026-02-17 14:02:31.978460
velib,Vélib' Métropole,Paris,FR,84a06befc8d25d3673e2239ee3e417ae,Moulin de Pierre - Abbé Grégoire,48.822036188382,2.2754641655975,1,19,20,2026-02-17 14:02:31.978461,2026-02-17 14:02:31.978462
velib,Vélib' Métropole,Paris,FR,84d22ec38d74707e8c80a1b4e7a23cff,Beaubourg - Michel-le-Comte,48.862534941806,2.3543103039265,12,4,16,2026-02-17 14:02:31.978463,2026-02-17 14:02:31.978464
velib,Vélib' Métropole,Paris,FR,85114dc6446addbd5b74917c955c0cf0,Marseillaise - Grenade,48.889371092747,2.3979396821544,7,37,44,2026-02-17 14:02:31.978469,2026-02-17 14:02:31.978470
velib,Vélib' Métropole,Paris,FR,85217ae439e1765cdac1eee4488872e4,Dora Maar - Nadia Guendouz,48.905452421305,2.3220406472683,14,15,29,2026-02-17 14:02:31.978471,2026-02-17 14:02:31.978472
velib,Vélib' Métropole,Paris,FR,8561b8c39252e8a4287181c7410b932f,Jean Jaurès - Salvador Allende,48.821475594736775,2.3026576638221745,3,40,43,2026-02-17 14:02:31.978474,2026-02-17 14:02:31.978475
velib,Vélib' Métropole,Paris,FR,85eddb44cbdcb7673baa653c5577a5e5,Place de la Nation - Picpus,48.846821681548,2.4001130461693,3,33,36,2026-02-17 14:02:31.978476,2026-02-17 14:02:31.978477
velib,Vélib' Métropole,Paris,FR,85f20fa1ddcb0cb074a830d099dea308,Lucie Aubrac - Franklin,48.86223916006812,2.4435862898826604,11,24,35,2026-02-17 14:02:31.978478,2026-02-17 14:02:31.978479
velib,Vélib' Métropole,Paris,FR,8601c34d7f1a457da026bb956c81e7c5,Estrapade - Ulm,48.84512772828,2.3454568170362,10,6,16,2026-02-17 14:02:31.978480,2026-02-17 14:02:31.978481
velib,Vélib' Métropole,Paris,FR,86245c11064e6c59600ed1a72ca437b7,Montreuil - Gonnet,48.850500564921,2.3890856287864,3,20,23,2026-02-17 14:02:31.978483,2026-02-17 14:02:31.978484
velib,Vélib' Métropole,Paris,FR,862b0065529ede9a4b3473e3d9ea5b95,Kléber - Gouverneur Général Eboué,48.826885843069796,2.2723413258790965,20,4,24,2026-02-17 14:02:31.978485,2026-02-17 14:02:31.978486
velib,Vélib' Métropole,Paris,FR,8638c76ee8353c7c01b72719a2ce1f5d,Gaston Tessier - Rosa Parks RER,48.8963765,2.3743692,8,28,36,2026-02-17 14:02:31.978487,2026-02-17 14:02:31.978488
velib,Vélib' Métropole,Paris,FR,866bf8c8dd59d33c07ce8d86b0b108c1,Place de l'Insurrection d'Août 1944 ,48.81477852751594,2.398074567317963,14,14,28,2026-02-17 14:02:31.978489,2026-02-17 14:02:31.978490
velib,Vélib' Métropole,Paris,FR,8684a922b92f476994b3017da087b7de,Anatole France - President Roosevelt,48.9155156,2.3814103,8,21,29,2026-02-17 14:02:31.978496,2026-02-17 14:02:31.978497
velib,Vélib' Métropole,Paris,FR,86fd034d7e3d134c61a97e71fda1a566,Mairie de Clichy,48.903653634661,2.3059353232384,9,41,50,2026-02-17 14:02:31.978498,2026-02-17 14:02:31.978499
velib,Vélib' Métropole,Paris,FR,8706f800095fdb0a33900767fed4ef81,Lycée Saint Exupéry - Juliette Savar,48.783021513972,2.4637357216879,7,22,29,2026-02-17 14:02:31.978500,2026-02-17 14:02:31.978501
velib,Vélib' Métropole,Paris,FR,870719ff70ad1818f893d18c40190636,Claude Vellefaux - Sambre et Meuse,48.875022,2.370478,0,32,32,2026-02-17 14:02:31.978502,2026-02-17 14:02:31.978503
velib,Vélib' Métropole,Paris,FR,871aa2c4a74eeb7f11d3eddc3ba1b2b2,Mairie du 15ème,48.8417762,2.2986539,3,41,44,2026-02-17 14:02:31.978505,2026-02-17 14:02:31.978505
velib,Vélib' Métropole,Paris,FR,872fdfe8bc3d8669b1629ee2d40e0a1d,Molière - République,48.81111581390707,2.3145738624448158,1,29,30,2026-02-17 14:02:31.978507,2026-02-17 14:02:31.978508
velib,Vélib' Métropole,Paris,FR,87703ddf1e1a414a10a8d0dc7ab4b647,Boulets - Faubourg Saint-Antoine,48.849259262115,2.3917546141943,3,40,43,2026-02-17 14:02:31.978509,2026-02-17 14:02:31.978510
velib,Vélib' Métropole,Paris,FR,87ab0b2527afbc3feb4207e68d1daaa5,Hôtel de Ville de Vincennes,48.84827609706963,2.4398955702781677,11,16,27,2026-02-17 14:02:31.978511,2026-02-17 14:02:31.978512
velib,Vélib' Métropole,Paris,FR,87e34c28bb6e0832e317d25f064d3d0f,Montreuil - Voltaire,48.850507011842,2.3930755582745,4,29,33,2026-02-17 14:02:31.978513,2026-02-17 14:02:31.978514
velib,Vélib' Métropole,Paris,FR,87f0c36c975001dfef7afda904d36892,Place de Rhin et Danube,48.88192765861766,2.392586767673493,3,27,30,2026-02-17 14:02:31.978516,2026-02-17 14:02:31.978517
velib,Vélib' Métropole,Paris,FR,87f3af5e6eb0cfb04c00353b83219674,Placette Grégoire Collas,48.94342014002797,2.2487476095557213,25,0,25,2026-02-17 14:02:31.978518,2026-02-17 14:02:31.978519
velib,Vélib' Métropole,Paris,FR,880f4e871e939e441817c3e7e150c17e,Bertrand Sincholle - Henri Barbusse,48.89925982394349,2.3042294383049016,11,12,23,2026-02-17 14:02:31.978520,2026-02-17 14:02:31.978521
velib,Vélib' Métropole,Paris,FR,88251df4ad9261e6c17a643408e06f51,Perle - Vieille du Temple,48.8601346,2.3611206,31,4,35,2026-02-17 14:02:31.978522,2026-02-17 14:02:31.978523
velib,Vélib' Métropole,Paris,FR,8830e2e4859919ef62f809d20dc11794,Bois de Vincennes - Porte Jaune,48.838751246689455,2.4605489149689674,2,33,35,2026-02-17 14:02:31.978525,2026-02-17 14:02:31.978526
velib,Vélib' Métropole,Paris,FR,8849744b960000fce78be23da961afa2,Charles de Gaulle - Jean Lolive,48.8932644350857,2.4126765131950383,4,20,24,2026-02-17 14:02:31.978527,2026-02-17 14:02:31.978528
velib,Vélib' Métropole,Paris,FR,8882402df59791a07752d171af7345b9,Bourse du Travail,48.868976638826,2.3623438552022,16,1,17,2026-02-17 14:02:31.978529,2026-02-17 14:02:31.978530
velib,Vélib' Métropole,Paris,FR,88a70760615fb3d48cb3743aadcee98d,Bobillot - Paulin Mery,48.829899841747,2.3543356766749,2,21,23,2026-02-17 14:02:31.978531,2026-02-17 14:02:31.978532
velib,Vélib' Métropole,Paris,FR,88e55530a7df700c87b45cee73276be2,Sèvres-Gallieni,48.837809408957,2.2281519323587,26,1,27,2026-02-17 14:02:31.978534,2026-02-17 14:02:31.978535
velib,Vélib' Métropole,Paris,FR,88ea02c860f8968afc61c3bdf7fa50c2,Saint Georges - d'Aumale,48.87778639599673,2.337429821491241,12,10,22,2026-02-17 14:02:31.978536,2026-02-17 14:02:31.978537
velib,Vélib' Métropole,Paris,FR,893c86b48d2cf0413a16c8b63f79cb89,Hameau Fleuri - Marché,48.831448892608314,2.2412404417991643,15,7,22,2026-02-17 14:02:31.978538,2026-02-17 14:02:31.978539
velib,Vélib' Métropole,Paris,FR,894197f05300286868f6ed8858a881c1,Edgar Quinet - Raspail,48.83940266673835,2.32971478253603,9,36,45,2026-02-17 14:02:31.978540,2026-02-17 14:02:31.978541
velib,Vélib' Métropole,Paris,FR,895b102f0932674a199d15ba51d85ccf,Petit Palais,48.8667692,2.3157655,40,0,40,2026-02-17 14:02:31.978543,2026-02-17 14:02:31.978544
velib,Vélib' Métropole,Paris,FR,897b752ed6a3fc11f65f000dbdbb404a,Place des Marseillais,48.826605522232,2.4059119927899,3,31,34,2026-02-17 14:02:31.978545,2026-02-17 14:02:31.978546
velib,Vélib' Métropole,Paris,FR,897f01ed21bee29e71afab5c9c85c569,Place de la Porte de Paris,48.93009363207303,2.3564037680625916,18,19,37,2026-02-17 14:02:31.978547,2026-02-17 14:02:31.978548
velib,Vélib' Métropole,Paris,FR,8983da055d19e398e2b354ef5576a141,Raffet - Montmorency,48.85258670812,2.2629252456151954,7,34,41,2026-02-17 14:02:31.978549,2026-02-17 14:02:31.978550
velib,Vélib' Métropole,Paris,FR,899522631659992a066b10699eee6a61,Mairie de Romainville,48.885109,2.435679,1,16,17,2026-02-17 14:02:31.978552,2026-02-17 14:02:31.978553
velib,Vélib' Métropole,Paris,FR,89a2f294f9bfae90b5a072b1ce5aabe9,Faidherbe - Dahomey,48.851358329771806,2.383823134795429,23,20,43,2026-02-17 14:02:31.978554,2026-02-17 14:02:31.978555
velib,Vélib' Métropole,Paris,FR,89a8c55d66b3d2fd96fc1e5cd169100d,Chastenet de Géry - Marcel Paul,48.800123,2.3567359,2,22,24,2026-02-17 14:02:31.978556,2026-02-17 14:02:31.978557
velib,Vélib' Métropole,Paris,FR,89c8a8eebda320ff3d9176526f822b66,Cours de Vincennes - Davout,48.847238029966,2.4107042336225,4,43,47,2026-02-17 14:02:31.978558,2026-02-17 14:02:31.978559
velib,Vélib' Métropole,Paris,FR,8a2db4a17ab91252b68538d5fd666824,Porte de la Plaine,48.82805169605981,2.2924277186393742,0,35,35,2026-02-17 14:02:31.978561,2026-02-17 14:02:31.978561
velib,Vélib' Métropole,Paris,FR,8a5aed60fc8805d38fdc6f00088538bf,Regnault - Patay,48.82435782216384,2.377065159380436,60,2,62,2026-02-17 14:02:31.978564,2026-02-17 14:02:31.978565
velib,Vélib' Métropole,Paris,FR,8a621999524f1f819e5fdde38cf379d7,Marc Sangnier - Porte de Vanves,48.825218683556734,2.3107116669416428,2,18,20,2026-02-17 14:02:31.978567,2026-02-17 14:02:31.978568
velib,Vélib' Métropole,Paris,FR,8a8c32c98e07071125d3b1ac06f43e59,Haies - Réunion,48.85386896766491,2.402426162238911,1,21,22,2026-02-17 14:02:31.978569,2026-02-17 14:02:31.978570
velib,Vélib' Métropole,Paris,FR,8a8d5a1e9a5e6ea852ec2fbbc41e061f,Versailles - Claude Terrasse,48.840219338074,2.263834191153,22,22,44,2026-02-17 14:02:31.978571,2026-02-17 14:02:31.978572
velib,Vélib' Métropole,Paris,FR,8ab5dcca384aad21e3b083a30d6ae263,Lacépède - Monge,48.84389286531899,2.3519663885235786,7,16,23,2026-02-17 14:02:31.978573,2026-02-17 14:02:31.978574
velib,Vélib' Métropole,Paris,FR,8ad2062f7428ffb3221bc38035341327,Wilson - Métallurgie,48.909423010092326,2.3584435880184174,11,16,27,2026-02-17 14:02:31.978575,2026-02-17 14:02:31.978576
velib,Vélib' Métropole,Paris,FR,8af502d66561a113b98e5d7122a86948,Belfort - Victor Hugo,48.9018492,2.3172724,17,6,23,2026-02-17 14:02:31.978578,2026-02-17 14:02:31.978579
velib,Vélib' Métropole,Paris,FR,8b24ed46593b2410a918887466ef965e,Claude Debussy - Marc Bloch,48.910388180512,2.3117771744728,33,19,52,2026-02-17 14:02:31.978580,2026-02-17 14:02:31.978581
velib,Vélib' Métropole,Paris,FR,8b6c7f0a58390e17eb9f96b500eb3ff6,Sydney Bechet - Jacques Gautier,48.844373437692,2.1882475733068,5,13,18,2026-02-17 14:02:31.978582,2026-02-17 14:02:31.978583
velib,Vélib' Métropole,Paris,FR,8bb6ac32d1cea53074f220ea42deabc8,Paul Barruel - Vaugirard,48.84014918546239,2.3044332861900334,4,33,37,2026-02-17 14:02:31.978585,2026-02-17 14:02:31.978585
velib,Vélib' Métropole,Paris,FR,8bccf59c14a081407bc35aee04a9bca2,Macdonald - Césaria Evora,48.89883,2.37933,40,27,67,2026-02-17 14:02:31.978587,2026-02-17 14:02:31.978588
velib,Vélib' Métropole,Paris,FR,8bed56510cbe8d46a9f696e46e85dc00,Mairie du 10ème,48.872089449907,2.3575825989246,12,6,18,2026-02-17 14:02:31.978589,2026-02-17 14:02:31.978590
velib,Vélib' Métropole,Paris,FR,8c620fa63905bd539f3c72bf0e24804a,Volontaires - Vaugirard,48.84132050184004,2.30808901725357,4,30,34,2026-02-17 14:02:31.978591,2026-02-17 14:02:31.978592
velib,Vélib' Métropole,Paris,FR,8c8650d5a244ee4d61f19be350fb474f,Vanne - Saussaies,48.786404,2.338848,2,18,20,2026-02-17 14:02:31.978593,2026-02-17 14:02:31.978594
velib,Vélib' Métropole,Paris,FR,8ceb4cb0d2e314bc05a72bb010d1aa33,Jules Guesdes - Général de Gaulle,48.81930581291959,2.278934195637703,0,24,24,2026-02-17 14:02:31.978596,2026-02-17 14:02:31.978597
velib,Vélib' Métropole,Paris,FR,8cedb65feb208b696ce5a3af48bf3c1f,Grande Rue - Europe,48.8218104687602,2.205879874527455,20,4,24,2026-02-17 14:02:31.978598,2026-02-17 14:02:31.978599
velib,Vélib' Métropole,Paris,FR,8d249a46e5837f8bfcc93e5554e19b97,Porte d'Orléans,48.8227639,2.3249313,8,40,48,2026-02-17 14:02:31.978600,2026-02-17 14:02:31.978601
velib,Vélib' Métropole,Paris,FR,8d41ec026062e742512e66fc11577a2c,François Truffaut - Saint Emilion,48.83372354344807,2.386601903271428,56,10,66,2026-02-17 14:02:31.978602,2026-02-17 14:02:31.978603
velib,Vélib' Métropole,Paris,FR,8d5e18ea3b29e7080dc930aeea34b28d,Moncey - Blanche,48.88006587474148,2.3310810327529907,6,11,17,2026-02-17 14:02:31.978605,2026-02-17 14:02:31.978606
velib,Vélib' Métropole,Paris,FR,8d718350b29821ee46bbfe1636f9c6be,Général De Gaulle - Alouette,48.839109,2.4175664,5,20,25,2026-02-17 14:02:31.978607,2026-02-17 14:02:31.978608
velib,Vélib' Métropole,Paris,FR,8de502d50fb54670bd28a1b4400d3f06,De Gaulle - Moulin,48.885816808239,2.229607694148,12,11,23,2026-02-17 14:02:31.978609,2026-02-17 14:02:31.978610
velib,Vélib' Métropole,Paris,FR,8ded3e624001e2ca893e0ee830c0946f,Verdun - Adrien Damalix,48.8222334178559,2.4215328320860863,5,21,26,2026-02-17 14:02:31.978611,2026-02-17 14:02:31.978612
velib,Vélib' Métropole,Paris,FR,8df9fc2af6ae0b2ba2fd72b051efee62,Gardenat Lapostol - Franklin Roosevelt,48.871839,2.222505,12,12,24,2026-02-17 14:02:31.978614,2026-02-17 14:02:31.978615
velib,Vélib' Métropole,Paris,FR,8e172b6b28086d5386808db004281fe4,Guy Môquet - Compoint,48.89213559044868,2.32321947813034,1,33,34,2026-02-17 14:02:31.978616,2026-02-17 14:02:31.978617
velib,Vélib' Métropole,Paris,FR,8e1eba8392804914f6a89c10ccac98d2,Charenton - Prague,48.848175129981,2.3763584494312,10,16,26,2026-02-17 14:02:31.978618,2026-02-17 14:02:31.978619
velib,Vélib' Métropole,Paris,FR,8e4cb27ac7f8b5a92238cb509d3e9660,Raspail Barbès,48.8529945,2.4247387,7,21,28,2026-02-17 14:02:31.978620,2026-02-17 14:02:31.978621
velib,Vélib' Métropole,Paris,FR,8e9a06c5972efc20de0b1c9e42dd2483,Saint-François-Xavier,48.85154484769,2.3146149516106,33,9,42,2026-02-17 14:02:31.978623,2026-02-17 14:02:31.978624
velib,Vélib' Métropole,Paris,FR,8ec0d700d10be4303ec09d7f2dd20d18,Place de la Nation - Taillebourg,48.8488408,2.3973043,10,37,47,2026-02-17 14:02:31.978625,2026-02-17 14:02:31.978626
velib,Vélib' Métropole,Paris,FR,8ee60418eaeee4d4cce0eb1de973b034,Dantzig - Lefebvre,48.83013921586756,2.295934036374092,2,30,32,2026-02-17 14:02:31.978627,2026-02-17 14:02:31.978628
velib,Vélib' Métropole,Paris,FR,8efa43d5891ff1395473ee31d5e68893,Hôpital - Campo-Formio,48.835405,2.358218,5,6,11,2026-02-17 14:02:31.978629,2026-02-17 14:02:31.978630
velib,Vélib' Métropole,Paris,FR,8f275a7310d4ed997c235252009ade6f,Galilée - Kléber,48.867411865714,2.2907813801148,29,3,32,2026-02-17 14:02:31.978632,2026-02-17 14:02:31.978633
velib,Vélib' Métropole,Paris,FR,8f47c42da61baceafe1d4fcb4aa40b1e,Jonquoy - Didot,48.82890454823947,2.31648076325655,1,29,30,2026-02-17 14:02:31.978634,2026-02-17 14:02:31.978635
velib,Vélib' Métropole,Paris,FR,8f9e44fefbf0c2d9cc5dfd48d0a42561,Ventadour - Opéra,48.866810653323,2.3343884482519,25,0,25,2026-02-17 14:02:31.978636,2026-02-17 14:02:31.978637
velib,Vélib' Métropole,Paris,FR,8fb78a943a8de0988762c5ffa5ca9655,Place de la Fraternité,48.85716405838368,2.422847449779511,2,20,22,2026-02-17 14:02:31.978638,2026-02-17 14:02:31.978639
velib,Vélib' Métropole,Paris,FR,8fe272d23e3a1f83406b5c8dc8bbc87f,Général De Gaulle - Vivien,48.83607420090204,2.4189166724681854,6,15,21,2026-02-17 14:02:31.978641,2026-02-17 14:02:31.978642
velib,Vélib' Métropole,Paris,FR,8ff03d31fb24c2e8eacdd4b72c608215,Pierre-Simon Girard  - Paris,48.901342171637,2.4560186601176,0,35,35,2026-02-17 14:02:31.978643,2026-02-17 14:02:31.978644
velib,Vélib' Métropole,Paris,FR,902ffbb73c6e7a6e582450ce2c77f07a,Bercy.,48.839966914994,2.3788625746965,35,31,66,2026-02-17 14:02:31.978645,2026-02-17 14:02:31.978646
velib,Vélib' Métropole,Paris,FR,903e948db37663eeb8fe5c1f73f3fead,Madeleine Michelis - Roule,48.88260431301364,2.2773634269833565,14,10,24,2026-02-17 14:02:31.978647,2026-02-17 14:02:31.978648
velib,Vélib' Métropole,Paris,FR,9045305884a8b94dd89e67993cc8828d,Square Cambronne,48.84756654526,2.3025691509247,18,40,58,2026-02-17 14:02:31.978650,2026-02-17 14:02:31.978651
velib,Vélib' Métropole,Paris,FR,907ceab389cb2fcffe65c9df93f9fd50,Bichat - Grange aux Belles,48.873688,2.365015,5,24,29,2026-02-17 14:02:31.978652,2026-02-17 14:02:31.978653
velib,Vélib' Métropole,Paris,FR,908ea4992f0910f1a9f8c87a986495e8,Rouget de L'isle - Watteau,48.778192750803,2.3963020229163,1,19,20,2026-02-17 14:02:31.978658,2026-02-17 14:02:31.978659
velib,Vélib' Métropole,Paris,FR,90b0df158e64ee58661addd5a5091470,Calmette,48.88104925098552,2.424993216991425,0,31,31,2026-02-17 14:02:31.978661,2026-02-17 14:02:31.978662
velib,Vélib' Métropole,Paris,FR,90be40125cf9f55a5e9a54a41dea29b3,Sèvres - Maréchal Juin,48.8324305,2.2292812,14,4,18,2026-02-17 14:02:31.978663,2026-02-17 14:02:31.978664
velib,Vélib' Métropole,Paris,FR,90f695e0c1794b98ef78df609ee1af83,Lagny - Victor Basch,48.84884147189881,2.426325418925233,22,4,26,2026-02-17 14:02:31.978665,2026-02-17 14:02:31.978666
velib,Vélib' Métropole,Paris,FR,91466f101aa17d48fe8920d7a0bba01f,Jean Jaurès - Place du Dr Roux,48.927567032796,2.2947337017374,24,10,34,2026-02-17 14:02:31.978667,2026-02-17 14:02:31.978668
velib,Vélib' Métropole,Paris,FR,91611b3ad97f9508ed784d469a44ab23,Pierre Sarrazin - Saint-Michel,48.850908146398,2.342130728066,30,2,32,2026-02-17 14:02:31.978669,2026-02-17 14:02:31.978670
velib,Vélib' Métropole,Paris,FR,916abb00296671bf40a0857fbe6e9c09,Poissonniers - Championnet,48.89543299733937,2.3530178144574165,9,18,27,2026-02-17 14:02:31.978672,2026-02-17 14:02:31.978673
velib,Vélib' Métropole,Paris,FR,918a19e04457f5fb4653381f63547cd0,Monte Cristo - Bagnolet,48.85656581187,2.3972699046135,3,33,36,2026-02-17 14:02:31.978674,2026-02-17 14:02:31.978675
velib,Vélib' Métropole,Paris,FR,91a0a608950ea7a60e53041838545353,Gergovie - Alésia,48.83088717455243,2.318882101207347,1,53,54,2026-02-17 14:02:31.978676,2026-02-17 14:02:31.978677
velib,Vélib' Métropole,Paris,FR,920f0c77d40de37933fbbd3bd90b3fb0,Créteil Pointe du Lac,48.769807356177,2.4623027310281,4,22,26,2026-02-17 14:02:31.978678,2026-02-17 14:02:31.978679
velib,Vélib' Métropole,Paris,FR,924b72bdc53d12e790b00428cbb0c6a0,Euryale Dehaynin - Loire,48.886248917304805,2.3774591088294987,6,22,28,2026-02-17 14:02:31.978681,2026-02-17 14:02:31.978682
velib,Vélib' Métropole,Paris,FR,92a76a55ecccb996217e600e7fcc71a4,Chemin Vert - Fraternité,48.877141208359035,2.4461565166711807,2,18,20,2026-02-17 14:02:31.978683,2026-02-17 14:02:31.978684
velib,Vélib' Métropole,Paris,FR,92afdd348c1cb23f0ddf66efc9838172,Gare du Nord - Saint-Vincent de Paul,48.880955741648,2.3524305148385,1,23,24,2026-02-17 14:02:31.978685,2026-02-17 14:02:31.978686
velib,Vélib' Métropole,Paris,FR,92d391e2afb5c9539d9db74ce21c73ea,Place de l'Europe - Quai de Bercy,48.82529858840266,2.3945679143071175,13,4,17,2026-02-17 14:02:31.978687,2026-02-17 14:02:31.978688
velib,Vélib' Métropole,Paris,FR,930acdb7fe5923f92bc9d8072f770171,Roger Salengro - Fontainebleau,48.814548697325,2.3611663654447,4,19,23,2026-02-17 14:02:31.978690,2026-02-17 14:02:31.978691
velib,Vélib' Métropole,Paris,FR,930b746bb09f1ed84bf66a47f262c746,Route de la Muette - Porte de Neuilly,48.8798926,2.2587671,44,4,48,2026-02-17 14:02:31.978692,2026-02-17 14:02:31.978693
velib,Vélib' Métropole,Paris,FR,937192a3f66b1fd89bb190880a5837ea,Aristide Briand - Gare de Bagneux,48.79387269664978,2.321148812770844,8,14,22,2026-02-17 14:02:31.978694,2026-02-17 14:02:31.978695
velib,Vélib' Métropole,Paris,FR,939d34b87085be9c28ac13a3d45174ba,Jean Monnet - Iles,48.823393984057304,2.2497073194874866,11,21,32,2026-02-17 14:02:31.978696,2026-02-17 14:02:31.978697
velib,Vélib' Métropole,Paris,FR,941cfe9f9b5713db63edbabc06b073f7,Place des Fêtes - Solitaires,48.876644633122,2.3920327806309,2,27,29,2026-02-17 14:02:31.978699,2026-02-17 14:02:31.978700
velib,Vélib' Métropole,Paris,FR,94426ad2d7f2d578154b9fc0741e50a6,Custine - Ramey,48.888735896947,2.3469526693225,0,41,41,2026-02-17 14:02:31.978701,2026-02-17 14:02:31.978702
velib,Vélib' Métropole,Paris,FR,94473027e5f9ccd9d252127506e1eaa9,Pierre Lefaucheux - Traversière,48.82435208303827,2.2417913004755974,15,19,34,2026-02-17 14:02:31.978703,2026-02-17 14:02:31.978704
velib,Vélib' Métropole,Paris,FR,9468274d3c6d8dd8c367c4b8650c869e,Jouffroy d'Abbans - Wagram,48.881973298352,2.301132157445,15,25,40,2026-02-17 14:02:31.978705,2026-02-17 14:02:31.978706
velib,Vélib' Métropole,Paris,FR,9518e77af08d1c9de97c239cf8b88392,Square Léon,48.88667396788626,2.353205569088459,1,32,33,2026-02-17 14:02:31.978708,2026-02-17 14:02:31.978709
velib,Vélib' Métropole,Paris,FR,9537ec3ced26253bae7fb7ee2b2a6747,Place Aristide Briand,48.82189236575831,2.413003742694855,4,31,35,2026-02-17 14:02:31.978710,2026-02-17 14:02:31.978711
velib,Vélib' Métropole,Paris,FR,956e68ff3c314e64d0ea4ed37b2fa658,Place De Fontenoy - Saxe,48.850270554523,2.3069813815839,18,0,18,2026-02-17 14:02:31.978712,2026-02-17 14:02:31.978713
velib,Vélib' Métropole,Paris,FR,95a2879c64daca7926cc31f06b5e4189,Michelet - Dr Bauer,48.906125424194,2.3440374449846,5,27,32,2026-02-17 14:02:31.978714,2026-02-17 14:02:31.978715
velib,Vélib' Métropole,Paris,FR,95c1435aa0f5215f55c0f05b26a54aa5,Hôtel de Ville d'Argenteuil,48.946504,2.2496396,6,24,30,2026-02-17 14:02:31.978717,2026-02-17 14:02:31.978718
velib,Vélib' Métropole,Paris,FR,9610e0f08bdd770e25a74784f60a54a2,Guynemer - Jardin du Luxembourg,48.8466127,2.3325478,32,4,36,2026-02-17 14:02:31.978719,2026-02-17 14:02:31.978720
velib,Vélib' Métropole,Paris,FR,9630a6b8b51146c17a242e365c5694e2,Sénat - Condé,48.84954227788459,2.337939441204071,25,5,30,2026-02-17 14:02:31.978721,2026-02-17 14:02:31.978722
velib,Vélib' Métropole,Paris,FR,963d751a8dc6d8e59c3407ef044c8e9c,Verdun - Carnot,48.808439376064946,2.373795211315155,1,27,28,2026-02-17 14:02:31.978723,2026-02-17 14:02:31.978724
velib,Vélib' Métropole,Paris,FR,966cdc534089421c74a9002dff3db96b,Berthier - Porte de Clichy,48.894222687781,2.3125872006816,16,7,23,2026-02-17 14:02:31.978726,2026-02-17 14:02:31.978727
velib,Vélib' Métropole,Paris,FR,967998940a3d3e11137932b5f469dafc,Mairie du 4ème,48.855949910497,2.3563823103905,38,5,43,2026-02-17 14:02:31.978728,2026-02-17 14:02:31.978729
velib,Vélib' Métropole,Paris,FR,96a76f04f00a6169b93feb87cca3493c,Félix Faure - Sadi Carnot,48.90812110228388,2.378623187541962,10,22,32,2026-02-17 14:02:31.978730,2026-02-17 14:02:31.978731
velib,Vélib' Métropole,Paris,FR,96b8a6032ec2f86759a21a73bc399c76,Jeanne Hornet - Girardot,48.873802681432146,2.427820265293122,1,28,29,2026-02-17 14:02:31.978732,2026-02-17 14:02:31.978733
velib,Vélib' Métropole,Paris,FR,96d117e55dc5c0e9e57b1b01fce3ad2f,Porte Dorée,48.8354337,2.4077132,8,28,36,2026-02-17 14:02:31.978734,2026-02-17 14:02:31.978735
velib,Vélib' Métropole,Paris,FR,96da5179f064ed57f1281b90b280534e,Place de la Gare,48.80253358011283,2.4275037646293645,12,34,46,2026-02-17 14:02:31.978737,2026-02-17 14:02:31.978738
velib,Vélib' Métropole,Paris,FR,975344ae3b1ec6ffc978f7e6ff7a228b,Gare de Bellevue,48.8192404685572,2.2295309230685234,2,18,20,2026-02-17 14:02:31.978739,2026-02-17 14:02:31.978740
velib,Vélib' Métropole,Paris,FR,976cea1d42a0f1f31dd9dcc9b1955471,Gare de Clichy-Levallois ,48.89679827481989,2.2984680533409123,17,9,26,2026-02-17 14:02:31.978741,2026-02-17 14:02:31.978742
velib,Vélib' Métropole,Paris,FR,978534770f3c4a0dedd3580b38ea9885,Bateliers - Quai de Seine,48.915817585516,2.3239533298594,11,14,25,2026-02-17 14:02:31.978743,2026-02-17 14:02:31.978744
velib,Vélib' Métropole,Paris,FR,97a41d7c2ab98f6cfd222f1d9c98db27,Dom-Pérignon - Gravelle,48.825481574435,2.409880310297,3,46,49,2026-02-17 14:02:31.978746,2026-02-17 14:02:31.978747
velib,Vélib' Métropole,Paris,FR,97a61a9cd77866e269df86547624c2b5,Palais des Sports,48.833468517426,2.2858720645308,6,16,22,2026-02-17 14:02:31.978752,2026-02-17 14:02:31.978753
velib,Vélib' Métropole,Paris,FR,97abd1f80091fc8dd2696ba4cddbd48a,Sadi Carnot - François Mitterrand ,48.87532687671517,2.4241617321968083,3,24,27,2026-02-17 14:02:31.978755,2026-02-17 14:02:31.978755
velib,Vélib' Métropole,Paris,FR,97b6708834de025b9e45127a27d85dbf,Duroc - Place de Breteuil,48.847460641142,2.3126140236855,41,1,42,2026-02-17 14:02:31.978757,2026-02-17 14:02:31.978758
velib,Vélib' Métropole,Paris,FR,97be823ff92c0cb7b610995740202bb7,Quai du Président Roosevelt - Pont Aval,48.834388367639,2.2656820714474,29,1,30,2026-02-17 14:02:31.978759,2026-02-17 14:02:31.978760
velib,Vélib' Métropole,Paris,FR,97fad83e776c59db7e19c6f582c9d353,Paul Doumer - Stalingrad,48.806518992199,2.3368880152702,6,16,22,2026-02-17 14:02:31.978761,2026-02-17 14:02:31.978762
velib,Vélib' Métropole,Paris,FR,986d3ca234713ae05835c847abea6a3b,Pyramide - Parc Floral,48.837442,2.440452,41,7,48,2026-02-17 14:02:31.978764,2026-02-17 14:02:31.978765
velib,Vélib' Métropole,Paris,FR,98cbc5337e1ebbce250cb8f3b0c5b58f,Ménilmontant - Père Lachaise,48.863287291502,2.3869940266013,5,35,40,2026-02-17 14:02:31.978766,2026-02-17 14:02:31.978767
velib,Vélib' Métropole,Paris,FR,98eb2f2eab4d456bda354b19f9f23418,Turbigo - Réaumur,48.865574047531,2.3564198613167,27,3,30,2026-02-17 14:02:31.978768,2026-02-17 14:02:31.978769
velib,Vélib' Métropole,Paris,FR,98ede5759354c8fdd447219a0915b394,Cité de la Musique,48.888796556487,2.3925811931922,31,29,60,2026-02-17 14:02:31.978770,2026-02-17 14:02:31.978771
velib,Vélib' Métropole,Paris,FR,98ffe0d7e614bf4797a00cf0b646412e,Place de Finlande,48.862408335967,2.3113624379039,25,0,25,2026-02-17 14:02:31.978772,2026-02-17 14:02:31.978773
velib,Vélib' Métropole,Paris,FR,991d3ac2108b86f2d8b44b832d2cca9e,Schoelcher - Raspail,48.83681733526843,2.3312794080411474,19,30,49,2026-02-17 14:02:31.978775,2026-02-17 14:02:31.978776
velib,Vélib' Métropole,Paris,FR,994efb0e266b1a1a3d07abc48c873fe4,Jean Rostand - Paul Vaillant Couturier,48.908168131015,2.4530601033354,27,12,39,2026-02-17 14:02:31.978777,2026-02-17 14:02:31.978778
velib,Vélib' Métropole,Paris,FR,99678a6a0780e479f54c08a1305d2a2a,Octave Feuillet - Albéric Magnard,48.86106902949534,2.2730283066630363,12,9,21,2026-02-17 14:02:31.978779,2026-02-17 14:02:31.978780
velib,Vélib' Métropole,Paris,FR,996e3dcc36093db3bc26e1a4c572ec2b,Cesaria Evora - Rosa Parks,48.89717672825043,2.3745173960924144,8,33,41,2026-02-17 14:02:31.978783,2026-02-17 14:02:31.978784
velib,Vélib' Métropole,Paris,FR,9978cde2d4e70ed19299b8602ac82bac,Thérèse - Opéra,48.866483514509,2.3344334212238,25,0,25,2026-02-17 14:02:31.978785,2026-02-17 14:02:31.978786
velib,Vélib' Métropole,Paris,FR,9a28fe91cb383c274df5a5aa8c112044,François 1er - Montaigne,48.866887649978,2.3066755757207,53,0,53,2026-02-17 14:02:31.978787,2026-02-17 14:02:31.978788
velib,Vélib' Métropole,Paris,FR,9a72fc27b0ac1f90fd77a2c8e59eb31e,Lavoisier - Missak Manouchian,48.86286468896063,2.495676465332508,11,7,18,2026-02-17 14:02:31.978790,2026-02-17 14:02:31.978791
velib,Vélib' Métropole,Paris,FR,9ad6b000a8ffc56ee486c94e432b06db,Georges Pompidou - Verdun,48.875481,2.232443,13,13,26,2026-02-17 14:02:31.978792,2026-02-17 14:02:31.978793
velib,Vélib' Métropole,Paris,FR,9af9913862210207cd74eaf408a28fc7,Place des Arts - Jean Mermoz,48.880391139734,2.1832160452221,0,19,19,2026-02-17 14:02:31.978794,2026-02-17 14:02:31.978795
velib,Vélib' Métropole,Paris,FR,9b22a6aab0bdce1dd54114e47fcdc00c,Charles Robin - Grange aux Belles,48.877376705016,2.3698456519833,3,18,21,2026-02-17 14:02:31.978796,2026-02-17 14:02:31.978797
velib,Vélib' Métropole,Paris,FR,9b2700f3b19beb1dd9df2fd6a013789f,Faubourg Du Temple - Republique,48.867872484749,2.3648982158072,31,5,36,2026-02-17 14:02:31.978799,2026-02-17 14:02:31.978800
velib,Vélib' Métropole,Paris,FR,9b372295bfdf1439b536be8a8379e24e,Saint-Didier - Raymond Poincaré,48.86642312020962,2.285863497192411,4,13,17,2026-02-17 14:02:31.978801,2026-02-17 14:02:31.978802
velib,Vélib' Métropole,Paris,FR,9b500b459bb4c0aba959a354251c0cf3,Quai Panhard et Levassor,48.828374828097,2.3842737458056,54,3,57,2026-02-17 14:02:31.978803,2026-02-17 14:02:31.978804
velib,Vélib' Métropole,Paris,FR,9b573ec174a6c3c24292ce8c7b522c4f,Victor Hugo - Ecoles,48.80476007936134,2.4180373930262093,13,11,24,2026-02-17 14:02:31.978805,2026-02-17 14:02:31.978806
velib,Vélib' Métropole,Paris,FR,9b91251c38bc1e4e1879ad831cfedad9,Liège - Moscou,48.8795431,2.3264628,6,9,15,2026-02-17 14:02:31.978808,2026-02-17 14:02:31.978809
velib,Vélib' Métropole,Paris,FR,9b9554ed0bb4e23a6f1aa20518ddac4d,Place Nationale - Château-des-Rentiers,48.829268,2.365212,5,13,18,2026-02-17 14:02:31.978810,2026-02-17 14:02:31.978811
velib,Vélib' Métropole,Paris,FR,9bcab172a445b5f9d656a09c53700ca9,Sèvres Rive Gauche,48.821443218278,2.2150785306885,1,32,33,2026-02-17 14:02:31.978812,2026-02-17 14:02:31.978813
velib,Vélib' Métropole,Paris,FR,9c085b9301af6eb9d127e14afbfdbfd1,Faustin Hélie - Desbordes-Valmore,48.859403,2.276522,2,29,31,2026-02-17 14:02:31.978814,2026-02-17 14:02:31.978815
velib,Vélib' Métropole,Paris,FR,9c3824733e3c2b8c8abdd07679ab5659,Sèvres - Lecourbe,48.8447677,2.3110086,32,29,61,2026-02-17 14:02:31.978817,2026-02-17 14:02:31.978818
velib,Vélib' Métropole,Paris,FR,9c642c3d69fb45ee86c3697787b2e459,Charles de Gaulle - Les Sablons,48.880987514929,2.2715748726513,28,7,35,2026-02-17 14:02:31.978819,2026-02-17 14:02:31.978820
velib,Vélib' Métropole,Paris,FR,9d18733666f1a40149f7471390185296,Ecoles - Carmes,48.848904447989,2.3473486304283,32,3,35,2026-02-17 14:02:31.978821,2026-02-17 14:02:31.978822
velib,Vélib' Métropole,Paris,FR,9d5e8812bab913b5ffae948cf4730781,Crevaux - Bugeaud,48.87080942867,2.2811490076919,5,26,31,2026-02-17 14:02:31.978823,2026-02-17 14:02:31.978824
velib,Vélib' Métropole,Paris,FR,9e2cd1fa8e5e100e113b6dc86f9e85c3,Manin - Crimée,48.8831217743719,2.3863670602440834,3,19,22,2026-02-17 14:02:31.978825,2026-02-17 14:02:31.978826
velib,Vélib' Métropole,Paris,FR,9e488e62a077b551e8dc9c5970674442,Alexandre Dumas - Place de la Réunion,48.85533710742046,2.3997703687646292,1,44,45,2026-02-17 14:02:31.978828,2026-02-17 14:02:31.978829
velib,Vélib' Métropole,Paris,FR,9e5c9428e2733a7cd912c6db891a0b89,Bercy - Villot,48.841795009027,2.3767850184816,33,0,33,2026-02-17 14:02:31.978830,2026-02-17 14:02:31.978831
velib,Vélib' Métropole,Paris,FR,9e88938078e837e55a03cf6193682de5,Place Georges Guillaumin,48.874750203957,2.301771435326,22,3,25,2026-02-17 14:02:31.978832,2026-02-17 14:02:31.978833
velib,Vélib' Métropole,Paris,FR,9eca9e39a4bd2df5f0a272db2c944f15,Liard - Amiral Mouchez,48.8214169,2.342167,5,23,28,2026-02-17 14:02:31.978834,2026-02-17 14:02:31.978835
velib,Vélib' Métropole,Paris,FR,9eefdcb912f6503b4f58ea46e7b15d45,Henri Barbusse,48.932092978246,2.3982878482409,10,20,30,2026-02-17 14:02:31.978837,2026-02-17 14:02:31.978838
velib,Vélib' Métropole,Paris,FR,9efb83e6e67306562f7132a15741192e,Faubourg Montmartre - La Fayette,48.875254549053,2.3408536612988,32,0,32,2026-02-17 14:02:31.978839,2026-02-17 14:02:31.978840
velib,Vélib' Métropole,Paris,FR,9efe1958b75c48b1bdfd9aa1591c49a7,Fief - République,48.83170888166024,2.255771979689598,23,2,25,2026-02-17 14:02:31.978841,2026-02-17 14:02:31.978842
velib,Vélib' Métropole,Paris,FR,9f3a09ad148ebe8863d60cb3a983c2cd,Jean Jaurès - Ouvrières Pivéreuses,48.910423437526,2.3995766043663,6,15,21,2026-02-17 14:02:31.978845,2026-02-17 14:02:31.978846
velib,Vélib' Métropole,Paris,FR,9f9584cd914c3f7c44e1d972a8403035,Boyer-Barret - Raymond Losserand,48.83329880233322,2.3173383995890617,1,22,23,2026-02-17 14:02:31.978847,2026-02-17 14:02:31.978848
velib,Vélib' Métropole,Paris,FR,9fb2c6e479a17058ca747ba526e4dfa6,Fragonard - Porte de Clichy,48.894155633419,2.3143893107772,25,30,55,2026-02-17 14:02:31.978849,2026-02-17 14:02:31.978850
velib,Vélib' Métropole,Paris,FR,9fc247da248648d7b775afef4e61c53d,Tristan Tzara -  Tchaïkovski,48.89490221746837,2.3648490384221077,4,29,33,2026-02-17 14:02:31.978852,2026-02-17 14:02:31.978853
velib,Vélib' Métropole,Paris,FR,a0269dc7b97959671ca0a90d98be4359,Parc André Citroën,48.840639944297,2.2780618071556,46,19,65,2026-02-17 14:02:31.978854,2026-02-17 14:02:31.978855
velib,Vélib' Métropole,Paris,FR,a0438ebf45ccced9dd13d06641b86e7a,Lally-Tollendal - Armand Carrel,48.88270066221072,2.374717555940151,1,26,27,2026-02-17 14:02:31.978856,2026-02-17 14:02:31.978857
velib,Vélib' Métropole,Paris,FR,a05e3efd8791e6f96231d866777ef91c,Jardin Marguerite Long,48.8816985773914,2.2836575657129288,13,8,21,2026-02-17 14:02:31.978858,2026-02-17 14:02:31.978859
velib,Vélib' Métropole,Paris,FR,a06d0b8d58b7312e6952148b677d9a0d,Place Jean-Baptiste Clément,48.81240466867336,2.3617091774940495,8,15,23,2026-02-17 14:02:31.978861,2026-02-17 14:02:31.978861
velib,Vélib' Métropole,Paris,FR,a1608bb58dff0b09b90fc7a0f4955d83,Génie - Mozart,48.794902381218904,2.3734183609485626,1,18,19,2026-02-17 14:02:31.978863,2026-02-17 14:02:31.978864
velib,Vélib' Métropole,Paris,FR,a173c6e0430da957bbaf8f66e14dd131,Gare RER - Canadiens,48.819659244971,2.4644082766769,17,23,40,2026-02-17 14:02:31.978865,2026-02-17 14:02:31.978866
velib,Vélib' Métropole,Paris,FR,a177a3a0b0f22a96ba58c27858a37a3c,Jeûneurs - Mulhouse,48.868997,2.346925,28,0,28,2026-02-17 14:02:31.978867,2026-02-17 14:02:31.978868
velib,Vélib' Métropole,Paris,FR,a18642b8ca59b29fe96d26aefa5711b0,Constantine - Université,48.860680473738,2.3148481955842,62,2,64,2026-02-17 14:02:31.978869,2026-02-17 14:02:31.978870
velib,Vélib' Métropole,Paris,FR,a18d40718f2f31f20dc307c07aac9fbd,Marne - Germain Dardan,48.81217465201,2.3035024699104,1,21,22,2026-02-17 14:02:31.978872,2026-02-17 14:02:31.978873
velib,Vélib' Métropole,Paris,FR,a2047790eab21c53adbba02ed0bfe5bc,Belfort - Voltaire,48.8563358,2.3829901,19,34,53,2026-02-17 14:02:31.978874,2026-02-17 14:02:31.978875
velib,Vélib' Métropole,Paris,FR,a2bb4627fa2a1d2cdc8f33150ea94635,Résistance - Romain Rolland,48.950873482371,2.2310190077797,9,18,27,2026-02-17 14:02:31.978876,2026-02-17 14:02:31.978877
velib,Vélib' Métropole,Paris,FR,a2e25ec469bbb119709223e0b057bc71,Melun - Jean Jaurès,48.8837796723475,2.376477420330048,3,24,27,2026-02-17 14:02:31.978878,2026-02-17 14:02:31.978879
velib,Vélib' Métropole,Paris,FR,a31926c8d82c4c77611d9b3204d56707,Place Ginette Hamelin,48.837853,2.382064,13,38,51,2026-02-17 14:02:31.978881,2026-02-17 14:02:31.978882
velib,Vélib' Métropole,Paris,FR,a31aed60ff2963c8bfe4ff747e3c8cca,Fabre d'Eglantine - Place de la Nation,48.8471116,2.3956204,21,47,68,2026-02-17 14:02:31.978883,2026-02-17 14:02:31.978884
velib,Vélib' Métropole,Paris,FR,a32e5be42a0b2334a48192545fa85d49,Mariotte - Batignolles,48.884571659595,2.321469503475,5,15,20,2026-02-17 14:02:31.978885,2026-02-17 14:02:31.978886
velib,Vélib' Métropole,Paris,FR,a3431c76c61452b655d065b5ce6f0865,Gare d'Argenteuil,48.947022436806705,2.256898172199726,8,31,39,2026-02-17 14:02:31.978887,2026-02-17 14:02:31.978888
velib,Vélib' Métropole,Paris,FR,a344eab980ce89367872f583e0eb68b7,Stalingrad - Rigollots,48.84997403844251,2.45557576417923,3,47,50,2026-02-17 14:02:31.978890,2026-02-17 14:02:31.978891
velib,Vélib' Métropole,Paris,FR,a34af781b8ad3c9891e9ffeb5bca312d,Mstislav Rostropovitch - Berthier,48.892120821173975,2.309234105050564,9,9,18,2026-02-17 14:02:31.978892,2026-02-17 14:02:31.978893
velib,Vélib' Métropole,Paris,FR,a362cf32ab42c2f92c5d73c81b7f8927,Tourlaque - Damrémont,48.887912943261,2.3328311485014,0,15,15,2026-02-17 14:02:31.978894,2026-02-17 14:02:31.978895
velib,Vélib' Métropole,Paris,FR,a38f27b218f46ee5a46557e0beb7d19d,Marché Secrétan,48.88125496379482,2.373463287949562,5,21,26,2026-02-17 14:02:31.978896,2026-02-17 14:02:31.978897
velib,Vélib' Métropole,Paris,FR,a39734a757cc3e8405c726a31447ff3f,Rocher - Laborde,48.87590240712654,2.322616316378116,62,1,63,2026-02-17 14:02:31.978898,2026-02-17 14:02:31.978899
velib,Vélib' Métropole,Paris,FR,a3b5891ee77f7b24c948c9901532cf5c,Le Goff - Gay-Lussac,48.846102400979,2.3412207886577,25,10,35,2026-02-17 14:02:31.978901,2026-02-17 14:02:31.978902
velib,Vélib' Métropole,Paris,FR,a3e47b0db0706d8980ad5ce16e4697b2,Grands Moulins de Pantin,48.89738369720229,2.3959985375404362,24,26,50,2026-02-17 14:02:31.978903,2026-02-17 14:02:31.978904
velib,Vélib' Métropole,Paris,FR,a3ed081725c7cb0dd19cd556164300db,Tanger - Place du Maroc,48.8862524447104,2.3689296841621403,3,15,18,2026-02-17 14:02:31.978905,2026-02-17 14:02:31.978906
velib,Vélib' Métropole,Paris,FR,a40751b578cd48f0edb1fd5274f29c74,Gare de Courbevoie,48.8993867,2.2506506,16,17,33,2026-02-17 14:02:31.978907,2026-02-17 14:02:31.978908
velib,Vélib' Métropole,Paris,FR,a41a3140688497dc5a4dc8c262a59e65,Bréguet - Sabin,48.856931678257,2.3706749462105,13,19,32,2026-02-17 14:02:31.978910,2026-02-17 14:02:31.978911
velib,Vélib' Métropole,Paris,FR,a41c910adee6a07881812ef4abcd1e5d,Ségur - d'Estrées,48.851419978983,2.3097044974566,18,0,18,2026-02-17 14:02:31.978912,2026-02-17 14:02:31.978913
velib,Vélib' Métropole,Paris,FR,a472c5c568e8bf512f007046421bde57,Lemercier - Cardinet,48.890097168851746,2.317377626895905,7,17,24,2026-02-17 14:02:31.978914,2026-02-17 14:02:31.978915
velib,Vélib' Métropole,Paris,FR,a497dc1ed4a61b01828f0f64ba00aec4,Grande Armée - Brunel,48.876116,2.288124,15,47,62,2026-02-17 14:02:31.978917,2026-02-17 14:02:31.978918
velib,Vélib' Métropole,Paris,FR,a4ea97a5b4ecaee85ddf51406dc59412,Victor Hugo - Magasins Généraux,48.903281401126755,2.368072383105755,29,4,33,2026-02-17 14:02:31.978919,2026-02-17 14:02:31.978920
velib,Vélib' Métropole,Paris,FR,a51409c37aa55e1555d7fc1dd1349981,Ivry - Baudricourt,48.824695995415006,2.363106073577468,3,17,20,2026-02-17 14:02:31.978921,2026-02-17 14:02:31.978922
velib,Vélib' Métropole,Paris,FR,a535a8a7e5afca51b036fc8257bf81cb,Edouard Vaillant - Paul-Adolphe Souriau,48.834845858829,2.2479459643364,17,11,28,2026-02-17 14:02:31.978923,2026-02-17 14:02:31.978924
velib,Vélib' Métropole,Paris,FR,a53d4eed1e846d93c5832df8fcb49be2,Quatre Vents - Carrefour de l'Odéon,48.851751374458864,2.338161695134053,34,0,34,2026-02-17 14:02:31.978926,2026-02-17 14:02:31.978927
velib,Vélib' Métropole,Paris,FR,a55ceb0aadc0216a6a3c4d80f880e413,Stalingrad - Général de Gaulle,48.823450589614,2.4965062363218,5,21,26,2026-02-17 14:02:31.978928,2026-02-17 14:02:31.978929
velib,Vélib' Métropole,Paris,FR,a57d7d92b609976b6bd739d2f9d27a66,Cherche-Midi - Hôpital Necker,48.84461063309956,2.317914068698883,3,34,37,2026-02-17 14:02:31.978930,2026-02-17 14:02:31.978931
velib,Vélib' Métropole,Paris,FR,a5816027f41b2799e91b665c95e1938d,Ney - Porte de Clignancourt,48.8978867,2.3458001,1,24,25,2026-02-17 14:02:31.978932,2026-02-17 14:02:31.978933
velib,Vélib' Métropole,Paris,FR,a58ef7c0c3d2e39a6e62c5853680910b,Place des Larris,48.8568363,2.4780236,2,30,32,2026-02-17 14:02:31.978936,2026-02-17 14:02:31.978937
velib,Vélib' Métropole,Paris,FR,a59f867a689ec8bab0b42e27b783d44f,Place de l'Hôtel de Ville,48.8573314,2.351458,14,0,14,2026-02-17 14:02:31.978938,2026-02-17 14:02:31.978939
velib,Vélib' Métropole,Paris,FR,a5f21cf7e9bb0b13f76170597fc26e0d,Place Saint-André des Arts,48.852886173881,2.3426544293761,35,2,37,2026-02-17 14:02:31.978940,2026-02-17 14:02:31.978941
velib,Vélib' Métropole,Paris,FR,a5fb3ba2ae84664e8ba0746dd6d9def2,Emile Blemont - Poteau,48.8943782,2.3415122,1,38,39,2026-02-17 14:02:31.978943,2026-02-17 14:02:31.978944
velib,Vélib' Métropole,Paris,FR,a62b710a59f6b8bef80feaf0d9efdd82,Provence - Chaussée d'Antin,48.87428447542072,2.332976511564311,23,2,25,2026-02-17 14:02:31.978945,2026-02-17 14:02:31.978946
velib,Vélib' Métropole,Paris,FR,a64573b5190cc358a71dc8214c79271e,Hôtel de Ville de Boulogne Billancourt,48.834958851668,2.2416803240776,16,10,26,2026-02-17 14:02:31.978947,2026-02-17 14:02:31.978948
velib,Vélib' Métropole,Paris,FR,a6533a9ecdee68f1a242f9684412591b,Charenton - Place du Col Bourgoin,48.844867319554,2.3825789350545,11,22,33,2026-02-17 14:02:31.978949,2026-02-17 14:02:31.978950
velib,Vélib' Métropole,Paris,FR,a6aa8bf23601e486728ce63af3d17273,Romain Rolland,48.820215229662765,2.3234144234418346,2,23,25,2026-02-17 14:02:31.978952,2026-02-17 14:02:31.978953
velib,Vélib' Métropole,Paris,FR,a6edfce8291e8a7aabf0fd8481b87ed6,Riquet - Marx Dormoy,48.89021003702,2.3601756244898,3,33,36,2026-02-17 14:02:31.978954,2026-02-17 14:02:31.978955
velib,Vélib' Métropole,Paris,FR,a6f1564569e1d62e4556ec82cbc9c46c,Saint-Gilles - Turenne,48.858158956779,2.3647149920992,12,4,16,2026-02-17 14:02:31.978956,2026-02-17 14:02:31.978957
velib,Vélib' Métropole,Paris,FR,a6f79ccace6709222f6568835e596aea,Dunois - Clisson,48.832294,2.3674523,23,28,51,2026-02-17 14:02:31.978958,2026-02-17 14:02:31.978959
velib,Vélib' Métropole,Paris,FR,a6fe29a0751fae126e59b510008b9a86,Neuilly - Petit,48.898965361341254,2.29627937078476,7,7,14,2026-02-17 14:02:31.978960,2026-02-17 14:02:31.978961
velib,Vélib' Métropole,Paris,FR,a707f0d55e72ed3ba40835bfded9e5a6,Place Nelson Mandela,48.897874318180556,2.2182820737361912,6,23,29,2026-02-17 14:02:31.978963,2026-02-17 14:02:31.978964
velib,Vélib' Métropole,Paris,FR,a70f5619affa1b57b55552979476a5e6,Richard Wallace - Place du 8 Mai 1945,48.87866794788021,2.2420343756675725,15,15,30,2026-02-17 14:02:31.978965,2026-02-17 14:02:31.978966
velib,Vélib' Métropole,Paris,FR,a70f7cfe5367e3815e4bb81149e1aeb3,Louis Rolland - République,48.81710889740748,2.3193106434955717,3,22,25,2026-02-17 14:02:31.978967,2026-02-17 14:02:31.978968
velib,Vélib' Métropole,Paris,FR,a728c3796d1b4797469bde32fed91fb2,Boissière - Etienne Dolet,48.876111,2.4677312,2,19,21,2026-02-17 14:02:31.978969,2026-02-17 14:02:31.978970
velib,Vélib' Métropole,Paris,FR,a733119c0fbf1873f239a36096229758,Enfants du Paradis - Peupliers,48.833122686454,2.2571459412575,48,2,50,2026-02-17 14:02:31.978972,2026-02-17 14:02:31.978973
velib,Vélib' Métropole,Paris,FR,a7478adb05e486927575b7cbd32a4d3c,Bréa - Raspail,48.842738478258,2.3297942217634,15,9,24,2026-02-17 14:02:31.978974,2026-02-17 14:02:31.978975
velib,Vélib' Métropole,Paris,FR,a789bcac867c5fc853fe60539ff272dd,Vincennes - Douy-Delcupe,48.85493692155721,2.436049282550812,4,34,38,2026-02-17 14:02:31.978976,2026-02-17 14:02:31.978977
velib,Vélib' Métropole,Paris,FR,a7e209752be4863c5aa1ea23fa3c4a3f,Charentonneau - Maison Alfort,48.809972406542,2.443241664773,12,16,28,2026-02-17 14:02:31.978979,2026-02-17 14:02:31.978980
velib,Vélib' Métropole,Paris,FR,a86f12e18348286736ab41da11eafb4b,Victor Hugo - Bineau,48.88758225888669,2.2783890366554265,5,18,23,2026-02-17 14:02:31.978981,2026-02-17 14:02:31.978982
velib,Vélib' Métropole,Paris,FR,a87ab4a2181ddd14a7ef18b8c51dd088,Hôpital Européen Georges Pompidou,48.837695319163,2.2753742337227,70,8,78,2026-02-17 14:02:31.978983,2026-02-17 14:02:31.978984
velib,Vélib' Métropole,Paris,FR,a8855a3a7125fda567b6a555ab9d7ba2,Leroy des Barres - Médiathèque,48.928253687082,2.3681719727966,20,6,26,2026-02-17 14:02:31.978985,2026-02-17 14:02:31.978986
velib,Vélib' Métropole,Paris,FR,a8ee95d6a5eef44801263d267e11b3b2,Général Leclerc - République,48.915885074177,2.2682306702811,9,19,28,2026-02-17 14:02:31.978987,2026-02-17 14:02:31.978988
velib,Vélib' Métropole,Paris,FR,a90a9bc82e780db844388c07ec5db33a,Mazagran - Pierre de Coubertin,48.816218640260445,2.344226874411106,2,13,15,2026-02-17 14:02:31.978990,2026-02-17 14:02:31.978991
velib,Vélib' Métropole,Paris,FR,a9327c94687936335b1d4778a2fc09b7,Commandant l'Herminier - Gallieni,48.847040552603,2.4160453677177,1,16,17,2026-02-17 14:02:31.978992,2026-02-17 14:02:31.978993
velib,Vélib' Métropole,Paris,FR,a940947cd186bb911fef79ebfac26a15,Magenta - Chabrol,48.876495350882,2.3560990020633,5,18,23,2026-02-17 14:02:31.978994,2026-02-17 14:02:31.978995
velib,Vélib' Métropole,Paris,FR,a94f709a498fb6af00283b70ac8273d4,Maxime Gorki - Louis Aragon,48.78909814728443,2.368387877941132,4,16,20,2026-02-17 14:02:31.978996,2026-02-17 14:02:31.978997
velib,Vélib' Métropole,Paris,FR,a98a057a26baa7eaa60ad906bee0f9fe,Le Vau - Maurice Bertaux,48.86803439043193,2.411030612453627,0,25,25,2026-02-17 14:02:31.978999,2026-02-17 14:02:31.979000
velib,Vélib' Métropole,Paris,FR,a9978c7ba53fcc826780d8d0b50a4777,Clichy - Douai,48.883687771522,2.328063700029,2,30,32,2026-02-17 14:02:31.979001,2026-02-17 14:02:31.979002
velib,Vélib' Métropole,Paris,FR,a9b725738c4d5e65b432322380ffc6f4,Alfred Roll - Berthier,48.887808570529,2.3000952981763,6,22,28,2026-02-17 14:02:31.979003,2026-02-17 14:02:31.979004
velib,Vélib' Métropole,Paris,FR,a9bc03f19bd965f2edd21e4292c15c67,Institut de France,48.857615678565,2.3358313530377,14,1,15,2026-02-17 14:02:31.979005,2026-02-17 14:02:31.979006
velib,Vélib' Métropole,Paris,FR,a9d88d3aff9e1688efab4890fae066f1,Porte Dauphine,48.871139344351,2.2749781616017,60,5,65,2026-02-17 14:02:31.979008,2026-02-17 14:02:31.979009
velib,Vélib' Métropole,Paris,FR,a9f9dcc669e059e9290eb597295d4c89,Place Saint-Ferdinand,48.87815529789739,2.288518047864942,10,28,38,2026-02-17 14:02:31.979010,2026-02-17 14:02:31.979011
velib,Vélib' Métropole,Paris,FR,aa0f3e58b6d9156384b00ff6d51a51ba,Louis Dain - Rosiers,48.904676215771,2.3379541963343,0,30,30,2026-02-17 14:02:31.979012,2026-02-17 14:02:31.979013
velib,Vélib' Métropole,Paris,FR,aa2d4856ad873fef207ba6cda1f71ed4,Vivaldi - Antoine-Julien Hénard,48.841923663276546,2.389728979467376,1,26,27,2026-02-17 14:02:31.979014,2026-02-17 14:02:31.979015
velib,Vélib' Métropole,Paris,FR,aa7ead9254a3eeddc94f3a0c1f5401f1,Gare Saint-Lazare - Isly,48.874777677621296,2.326515804784655,23,4,27,2026-02-17 14:02:31.979017,2026-02-17 14:02:31.979018
velib,Vélib' Métropole,Paris,FR,aab036aa25502038d890cf777bd76a29,Sérurier - Alphonse Aulard,48.880528901839,2.398028970957,0,16,16,2026-02-17 14:02:31.979019,2026-02-17 14:02:31.979020
velib,Vélib' Métropole,Paris,FR,aabf3d9583cf2b62ca800af45c693cdd,Camille Groult - Guy Môquet,48.787482746521306,2.3976725712418556,2,20,22,2026-02-17 14:02:31.979021,2026-02-17 14:02:31.979022
velib,Vélib' Métropole,Paris,FR,aac4f90d6cf075249aa7e822ac33ae9c,Lagny - Auguste Blanqui,48.84922568052601,2.4218603968620305,15,12,27,2026-02-17 14:02:31.979024,2026-02-17 14:02:31.979025
velib,Vélib' Métropole,Paris,FR,aacfd26d587b548d359e965dee4277c3,Danton - Serpente,48.852297362582,2.3414132371545,35,1,36,2026-02-17 14:02:31.979027,2026-02-17 14:02:31.979028
velib,Vélib' Métropole,Paris,FR,aaf094b8df78bcaccf4d909ea8996c4c,Châteaudun - Place de la Liberté,48.90970830301211,2.2454486480600626,3,21,24,2026-02-17 14:02:31.979029,2026-02-17 14:02:31.979030
velib,Vélib' Métropole,Paris,FR,abcd872dc070f17262126b1d885ba600,Geoffroy - Marie,48.873781940593325,2.344513876337893,18,1,19,2026-02-17 14:02:31.979031,2026-02-17 14:02:31.979032
velib,Vélib' Métropole,Paris,FR,abe2610c7f5148f6262beb10081cf147,Gouthière - Poterne des Peupliers,48.820507,2.351342,2,31,33,2026-02-17 14:02:31.979034,2026-02-17 14:02:31.979035
velib,Vélib' Métropole,Paris,FR,ac090301d156f8658f2421b14e637615,Gare du Nord - Place de Valenciennes,48.879089,2.354235,3,40,43,2026-02-17 14:02:31.979036,2026-02-17 14:02:31.979037
velib,Vélib' Métropole,Paris,FR,ac326e377ca88631993b205d6942832e,Basilique,48.93626891059109,2.3588666820200914,13,8,21,2026-02-17 14:02:31.979038,2026-02-17 14:02:31.979039
velib,Vélib' Métropole,Paris,FR,ac84962093d74f46b5fe4dd89561ca47,Sabot - Rennes,48.852575112948415,2.331552766263485,23,3,26,2026-02-17 14:02:31.979041,2026-02-17 14:02:31.979042
velib,Vélib' Métropole,Paris,FR,acccf709969dbe1a2fca57bf6716d086,Saint-Denis - Université,48.94563430946964,2.3638297989964485,20,2,22,2026-02-17 14:02:31.979043,2026-02-17 14:02:31.979044
velib,Vélib' Métropole,Paris,FR,acd91d023955ffa2985c8862fa796cdd,Récollets - Square Villemin,48.875034655883944,2.359801238597928,2,14,16,2026-02-17 14:02:31.979045,2026-02-17 14:02:31.979046
velib,Vélib' Métropole,Paris,FR,acdd3a2005f56b2d29fe9be35e2a7b17,Saint-Ambroise - Parmentier,48.862147844548,2.3772348091006,6,31,37,2026-02-17 14:02:31.979047,2026-02-17 14:02:31.979048
velib,Vélib' Métropole,Paris,FR,ad02173862ed52d509d3b582cba81519,Cambronne - Villa Croix Nivert,48.845847561366,2.3017574474216,8,54,62,2026-02-17 14:02:31.979049,2026-02-17 14:02:31.979050
velib,Vélib' Métropole,Paris,FR,ad3ee1118ade84c9d4a9042d60facb74,Diderot - Pierre Bourdan,48.847648620797,2.3902582749724,3,18,21,2026-02-17 14:02:31.979052,2026-02-17 14:02:31.979053
velib,Vélib' Métropole,Paris,FR,ad618131189d8275690885289432562c,Place de la République - Temple,48.867211201859,2.3635464370545,16,0,16,2026-02-17 14:02:31.979055,2026-02-17 14:02:31.979056
velib,Vélib' Métropole,Paris,FR,ad8bac0d11b077ff9134a1bca75ae09b,Belles Feuilles - Place de Mexico,48.865804746474,2.2829206287861,10,12,22,2026-02-17 14:02:31.979057,2026-02-17 14:02:31.979058
velib,Vélib' Métropole,Paris,FR,ad9a84361b63c948191ce2febd95b048,Square du Bataclan,48.8633762,2.3711327,18,2,20,2026-02-17 14:02:31.979059,2026-02-17 14:02:31.979060
velib,Vélib' Métropole,Paris,FR,ade3b4c149b48a2911da9b1764c7c9d5,Assas - Luxembourg,48.843734468779,2.3334283818759,31,2,33,2026-02-17 14:02:31.979061,2026-02-17 14:02:31.979062
velib,Vélib' Métropole,Paris,FR,ade4ab3d7418c90727d6ab6dff761511,Jean-Jacques Rousseau - Deux Ecus,48.86297805972131,2.3414635285735126,21,1,22,2026-02-17 14:02:31.979064,2026-02-17 14:02:31.979065
velib,Vélib' Métropole,Paris,FR,ae19b34618a3fe183c8987800afefb47,Colmar - Victor Hugo,48.88652251096166,2.173960916697979,13,18,31,2026-02-17 14:02:31.979066,2026-02-17 14:02:31.979067
velib,Vélib' Métropole,Paris,FR,ae9ccf3b2ff245f606f82aedaf578a9c,Gare de Robinson,48.7799259211605,2.281828634440899,9,21,30,2026-02-17 14:02:31.979068,2026-02-17 14:02:31.979069
velib,Vélib' Métropole,Paris,FR,ae9e895a1d4f37fe7e8119dbabe783e8,Val-Fleury,48.807671407991,2.2407217696309,5,18,23,2026-02-17 14:02:31.979070,2026-02-17 14:02:31.979071
velib,Vélib' Métropole,Paris,FR,aea62d71168ab6b7d0eaf8df1365aecf,Pré Saint-Gervais - Lilas,48.877870626988,2.3959073424339,0,28,28,2026-02-17 14:02:31.979072,2026-02-17 14:02:31.979073
velib,Vélib' Métropole,Paris,FR,afd259141843f240d250d217854b95e7,Lucie Aubrac - Fort,48.818144834008976,2.271184623241425,1,29,30,2026-02-17 14:02:31.979075,2026-02-17 14:02:31.979076
velib,Vélib' Métropole,Paris,FR,b018a6d3d16d8a651b5003c3b4c8bb86,Square de Choisy - Eastman,48.828543456283,2.3583075090494,2,22,24,2026-02-17 14:02:31.979077,2026-02-17 14:02:31.979078
velib,Vélib' Métropole,Paris,FR,b01f159c458671951ae8b423e518ce93,Voltaire - Anatole France,48.891999360256904,2.284262739121914,25,1,26,2026-02-17 14:02:31.979079,2026-02-17 14:02:31.979080
velib,Vélib' Métropole,Paris,FR,b0c0a9b0207679491ab4df65860392ad,Lucien Sampaix - Récollets,48.874330377560476,2.3621229082345963,5,40,45,2026-02-17 14:02:31.979082,2026-02-17 14:02:31.979082
velib,Vélib' Métropole,Paris,FR,b0f061cb7ac14c2234dee0e37bc82ba9,Saint-Blaise - Mouraud,48.85696177597818,2.40869477391243,1,25,26,2026-02-17 14:02:31.979089,2026-02-17 14:02:31.979090
velib,Vélib' Métropole,Paris,FR,b11592abb8ce4ddfe3e9739a7bc5cd4e,Berri - Haussmann,48.874746047357135,2.3082953318953514,48,1,49,2026-02-17 14:02:31.979092,2026-02-17 14:02:31.979093
velib,Vélib' Métropole,Paris,FR,b12be68f3b9115784f498398517c80a0,Gare de l'Est - Faubourg-Saint-Martin,48.875642647477,2.3594588041306,5,27,32,2026-02-17 14:02:31.979094,2026-02-17 14:02:31.979095
velib,Vélib' Métropole,Paris,FR,b12cdb41cb813c52ad3050b93f4b61f8,Tertres - Fontaine,48.787553654715644,2.306235730648041,1,27,28,2026-02-17 14:02:31.979096,2026-02-17 14:02:31.979097
velib,Vélib' Métropole,Paris,FR,b13e06697a148035ff70e59774a99363,Place de la Paix - Abbé Saint-Pierre,48.86462724459225,2.2047570338469806,4,20,24,2026-02-17 14:02:31.979099,2026-02-17 14:02:31.979100
velib,Vélib' Métropole,Paris,FR,b143c2202a98200b5593575c25a12aac,Gare Montparnasse - René Mouchotte,48.839203843292,2.3208839446306,3,38,41,2026-02-17 14:02:31.979101,2026-02-17 14:02:31.979102
velib,Vélib' Métropole,Paris,FR,b143e8c45739ad2928f3f19671c02429,Colonel Pierre Avia,48.8296843300915,2.275342586850291,20,9,29,2026-02-17 14:02:31.979103,2026-02-17 14:02:31.979104
velib,Vélib' Métropole,Paris,FR,b1561c50f08da68c0110740454cb31c3,Tolbiac - Boussingault,48.826177754027,2.3420378552202,14,27,41,2026-02-17 14:02:31.979105,2026-02-17 14:02:31.979106
velib,Vélib' Métropole,Paris,FR,b182b8f3c3bf89592cbad0e7118a6d3e,Ledru-Rollin - Place du Père Chaillet,48.856433706943704,2.379020587761426,33,4,37,2026-02-17 14:02:31.979108,2026-02-17 14:02:31.979109
velib,Vélib' Métropole,Paris,FR,b1d32243d25773bd7ae07e2e649e224d,Lebrun - Colonel Fabien ,48.78266870733145,2.381317801773548,0,27,27,2026-02-17 14:02:31.979110,2026-02-17 14:02:31.979111
velib,Vélib' Métropole,Paris,FR,b1daaef5e0f23f3e6b5988d0a01a787e,Henri Barbusse - Bourguignons,48.91301722799713,2.2734212270774417,11,22,33,2026-02-17 14:02:31.979112,2026-02-17 14:02:31.979113
velib,Vélib' Métropole,Paris,FR,b1f0604f8538fbb7d37e901bae4eff29,Metz - Faubourg Saint-Denis,48.870893,2.353521,38,9,47,2026-02-17 14:02:31.979114,2026-02-17 14:02:31.979115
velib,Vélib' Métropole,Paris,FR,b1f0b90f2fa3212b58f1d0021ac41a84,Carducci - Place Hannah Arendt,48.877436681515796,2.3860743641853337,2,25,27,2026-02-17 14:02:31.979117,2026-02-17 14:02:31.979118
velib,Vélib' Métropole,Paris,FR,b21d6575c55b259833ea59d85e30b3f5,Bézout - Général Leclerc,48.82884804502439,2.3285973072052,1,28,29,2026-02-17 14:02:31.979119,2026-02-17 14:02:31.979120
velib,Vélib' Métropole,Paris,FR,b23c99c5ae850d46b146ed36cbc71a8d,Richard Lenoir - Place de la Bastille,48.8538327,2.3697222,47,5,52,2026-02-17 14:02:31.979121,2026-02-17 14:02:31.979122
velib,Vélib' Métropole,Paris,FR,b265bb38050ed4bacc98c10ad3a7e671,Place du Cornillon - Stade de France,48.92540695835961,2.3644426837563515,26,8,34,2026-02-17 14:02:31.979127,2026-02-17 14:02:31.979128
velib,Vélib' Métropole,Paris,FR,b29f7d9e60033b34f440667923648dc4,Béranger - Félix Faure,48.80404828621485,2.2848263373723436,0,27,27,2026-02-17 14:02:31.979130,2026-02-17 14:02:31.979131
velib,Vélib' Métropole,Paris,FR,b2ecfbe37576fd2c3ad451558f000232,Victoria - Place du Chatelet,48.857992591527,2.3469167947769,17,4,21,2026-02-17 14:02:31.979132,2026-02-17 14:02:31.979133
velib,Vélib' Métropole,Paris,FR,b36411fb0a33a59d977438de7a3dbd3e,Notre-Dame-des-Champs - Stanislas,48.84479928858768,2.329337755887181,17,1,18,2026-02-17 14:02:31.979134,2026-02-17 14:02:31.979135
velib,Vélib' Métropole,Paris,FR,b3887c9a211793ce130130cfcd998b01,Porte de Versailles,48.832324016657,2.2875617349045,8,20,28,2026-02-17 14:02:31.979136,2026-02-17 14:02:31.979137
velib,Vélib' Métropole,Paris,FR,b3a7c57046c9323e40239d235b3b8c98,Traktir - Foch,48.872755334614,2.2915497802487,2,19,21,2026-02-17 14:02:31.979139,2026-02-17 14:02:31.979140
velib,Vélib' Métropole,Paris,FR,b3b1f9720a1fd1218135a9d4701ee1f9,Lieutenant Colonel Prudhon - Repos,48.946800700149,2.2380727982588,0,26,26,2026-02-17 14:02:31.979141,2026-02-17 14:02:31.979142
velib,Vélib' Métropole,Paris,FR,b3ce94d4f02923feba8c90864645ffdf,Saint-Antoine Sévigné,48.8550222,2.3612322,19,7,26,2026-02-17 14:02:31.979143,2026-02-17 14:02:31.979144
velib,Vélib' Métropole,Paris,FR,b3df50a62555a3efc752cfb0635072f3,Hôtel de ville de Fontenay-sous-Bois,48.84949749106274,2.4750164151191716,5,15,20,2026-02-17 14:02:31.979145,2026-02-17 14:02:31.979146
velib,Vélib' Métropole,Paris,FR,b3fa06f2170cf43988e15d5fd119e88f,Landy - Heurtault,48.915096534520316,2.375951372087002,7,21,28,2026-02-17 14:02:31.979148,2026-02-17 14:02:31.979148
velib,Vélib' Métropole,Paris,FR,b40e3312c23f09aaaa9f2c0215beb1fe,Hôtel de Ville de Saint-Ouen,48.911380185786,2.3340076807601,30,16,46,2026-02-17 14:02:31.979150,2026-02-17 14:02:31.979151
velib,Vélib' Métropole,Paris,FR,b418c57e161bae7f53bc416148ab4abd,Pelée - Alphonse Baudin,48.8600265,2.3710541,30,7,37,2026-02-17 14:02:31.979152,2026-02-17 14:02:31.979153
velib,Vélib' Métropole,Paris,FR,b41e27b4d98234d26fa1c1b5550fdb6b,Auguste Blanqui - Corvisart,48.8300989,2.3502726,2,24,26,2026-02-17 14:02:31.979154,2026-02-17 14:02:31.979155
velib,Vélib' Métropole,Paris,FR,b47dce00d89aa949eb78d11ac579d150,Temple - Haudriettes,48.861636880212,2.3566960206458,13,6,19,2026-02-17 14:02:31.979156,2026-02-17 14:02:31.979157
velib,Vélib' Métropole,Paris,FR,b4845c36f3202ce8846cd06f5d41a4ec,Arcole - Notre-Dame,48.853883541328,2.3493797332048,26,4,30,2026-02-17 14:02:31.979159,2026-02-17 14:02:31.979160
velib,Vélib' Métropole,Paris,FR,b4a54499cfbf4c019f263844568f31c1,Jean-Baptiste Charcot - Sainte-Geneviève,48.90310883721567,2.278892956674099,5,16,21,2026-02-17 14:02:31.979161,2026-02-17 14:02:31.979162
velib,Vélib' Métropole,Paris,FR,b4a9fd83cf40c8b7f6d32f1d688dc500,Ancienne Mairie - André Morizet,48.838311,2.234077,19,6,25,2026-02-17 14:02:31.979163,2026-02-17 14:02:31.979164
velib,Vélib' Métropole,Paris,FR,b4fcb3ec9634753d8ed0e2f3814b1110,Square Montholon,48.876620377545024,2.3457641154527664,4,17,21,2026-02-17 14:02:31.979165,2026-02-17 14:02:31.979166
velib,Vélib' Métropole,Paris,FR,b55dde7a1c4072a62e176b7d232f4ef1,Nungesser - Santé,48.852335,2.448967,2,19,21,2026-02-17 14:02:31.979167,2026-02-17 14:02:31.979168
velib,Vélib' Métropole,Paris,FR,b5ab69f1149431d5e2d88e6e48c13bfd,Jean Jaurès - Presles,48.907134414988,2.3960057280531,8,23,31,2026-02-17 14:02:31.979170,2026-02-17 14:02:31.979171
velib,Vélib' Métropole,Paris,FR,b5e0ce34d56d5a00d64947b6045b9fdc,Silly - Galliéni,48.835583838706,2.2325500845909,6,19,25,2026-02-17 14:02:31.979172,2026-02-17 14:02:31.979173
velib,Vélib' Métropole,Paris,FR,b5f68aea6f9159be790d003020dbbaa9,Benoît Frachon - République,48.85230729014318,2.415605485439301,6,23,29,2026-02-17 14:02:31.979174,2026-02-17 14:02:31.979175
velib,Vélib' Métropole,Paris,FR,b62e4465312c4da84a91a204b9f8fd8c,Lagny - Joffre,48.84930687084088,2.417949736118317,13,18,31,2026-02-17 14:02:31.979176,2026-02-17 14:02:31.979177
velib,Vélib' Métropole,Paris,FR,b66f4ff7513e8677ce750ba7304e33cc,Gare de Nanterre Ville,48.8950295,2.1957932,8,34,42,2026-02-17 14:02:31.979180,2026-02-17 14:02:31.979181
velib,Vélib' Métropole,Paris,FR,b683174dfca691228c11a19d794d1b71,Guillaume Tell - Parc Henri Barbusse,48.88958925894009,2.4198862910270695,4,15,19,2026-02-17 14:02:31.979182,2026-02-17 14:02:31.979183
velib,Vélib' Métropole,Paris,FR,b7178daae0d22253ae3831c6d4044eeb,Batignolles - Place de Clichy,48.883474535757,2.326493114233,4,42,46,2026-02-17 14:02:31.979184,2026-02-17 14:02:31.979185
velib,Vélib' Métropole,Paris,FR,b72bbb7eb5c7086e574f95846674e2f6,Liberté - Vert-de-Maisons,48.790147809608,2.4328628182411,3,16,19,2026-02-17 14:02:31.979187,2026-02-17 14:02:31.979187
velib,Vélib' Métropole,Paris,FR,b74512b9979ac7824c734c07bbd48fc4,Charonne - Avron,48.851602665222,2.3984030470379,1,24,25,2026-02-17 14:02:31.979189,2026-02-17 14:02:31.979190
velib,Vélib' Métropole,Paris,FR,b76faaff57a08ed421fd885afc6fe2a8,Square Gilbert Thomain,48.90717373809284,2.2695400938391685,13,5,18,2026-02-17 14:02:31.979191,2026-02-17 14:02:31.979192
velib,Vélib' Métropole,Paris,FR,b78d65c32354443bd0098fc31bbdaf88,Place Jacques Bonsergent,48.870948218595,2.3612049221992,16,14,30,2026-02-17 14:02:31.979193,2026-02-17 14:02:31.979194
velib,Vélib' Métropole,Paris,FR,b7b1c4fc2cac6a5289007a6624f1b90a,Léon Frot - Charonne,48.854963800335,2.387217085372,3,35,38,2026-02-17 14:02:31.979195,2026-02-17 14:02:31.979196
velib,Vélib' Métropole,Paris,FR,b80e4fd2aa46d3195a0270829ca81284,Hôtel de Ville - Pont-Marie,48.853899645527,2.3569472506642,31,4,35,2026-02-17 14:02:31.979198,2026-02-17 14:02:31.979199
velib,Vélib' Métropole,Paris,FR,b80eaf3c0a9b389c2730a50539982203,Château - Bineau,48.890404028589806,2.270106375217438,21,2,23,2026-02-17 14:02:31.979200,2026-02-17 14:02:31.979201
velib,Vélib' Métropole,Paris,FR,b86083ce4a62fc53e6bd20dd076e4ba6,Porte d'Aubervilliers,48.89859661942376,2.3689722642302513,23,29,52,2026-02-17 14:02:31.979202,2026-02-17 14:02:31.979203
velib,Vélib' Métropole,Paris,FR,b88622fa2683838b0565e7e0be139d6e,Octave Gréard - Tour Eiffel,48.856502977696,2.2931787543289,30,3,33,2026-02-17 14:02:31.979204,2026-02-17 14:02:31.979205
velib,Vélib' Métropole,Paris,FR,b91a0338e087aba86af02593847f0d0b,Pont de Levallois-bécon ,48.8984179,2.2791311,41,7,48,2026-02-17 14:02:31.979207,2026-02-17 14:02:31.979207
velib,Vélib' Métropole,Paris,FR,b91a0d27525e7009c69c7be6cf2eaea3,Richard Lenoir - Voltaire,48.86164273878,2.3727491497993,5,18,23,2026-02-17 14:02:31.979209,2026-02-17 14:02:31.979210
velib,Vélib' Métropole,Paris,FR,b932c4981db56713f5cdf8f0bd6812b6,Jussieu - Fossés Saint-Bernard,48.847185510023,2.3534858599305,38,1,39,2026-02-17 14:02:31.979211,2026-02-17 14:02:31.979212
velib,Vélib' Métropole,Paris,FR,b936837401937a91e4558fc438b348fb,Faubourg St-Antoine - Place de la Nation,48.8487726,2.393606,2,13,15,2026-02-17 14:02:31.979213,2026-02-17 14:02:31.979214
velib,Vélib' Métropole,Paris,FR,b97a04ef3e78f433d706ea0703f3ec7e,Quai des Célestins - Henri IV,48.851290697625,2.3624387532495,10,2,12,2026-02-17 14:02:31.979216,2026-02-17 14:02:31.979216
velib,Vélib' Métropole,Paris,FR,ba220c2f91c92b4ed1a31315fbf59d1d,Mairie du 7ème,48.8577967,2.3192664,47,1,48,2026-02-17 14:02:31.979219,2026-02-17 14:02:31.979220
velib,Vélib' Métropole,Paris,FR,ba2eb644d2305a1d1ae19220a5b4209f,Sorbonne - Ecoles,48.849686566191,2.3434996604919,66,3,69,2026-02-17 14:02:31.979221,2026-02-17 14:02:31.979222
velib,Vélib' Métropole,Paris,FR,ba37a6aea713b50c7b67705f1aff3040,Mairie du 20ème,48.865302324275,2.3990669846535,3,23,26,2026-02-17 14:02:31.979223,2026-02-17 14:02:31.979224
velib,Vélib' Métropole,Paris,FR,ba479f283b923edeb999197b70c4a78d,Saint-Amand - Labrouste,48.834097274832295,2.3087677359581,1,35,36,2026-02-17 14:02:31.979226,2026-02-17 14:02:31.979227
velib,Vélib' Métropole,Paris,FR,ba65681ee1a650bfef62a78064308564,Place Charles Digeon,48.84354203133597,2.418427169322968,6,25,31,2026-02-17 14:02:31.979228,2026-02-17 14:02:31.979229
velib,Vélib' Métropole,Paris,FR,bac8a7672d8084757dd5f21bfdc1cfc2,Henri Barbusse - Gabriel Péri,48.801773795836,2.2874166362216,3,25,28,2026-02-17 14:02:31.979230,2026-02-17 14:02:31.979231
velib,Vélib' Métropole,Paris,FR,bad8c427f2c0ec6e3521c3b4ee5a8e33,Carnot - Général Lanrezac,48.875443870736,2.2938242935036,9,20,29,2026-02-17 14:02:31.979232,2026-02-17 14:02:31.979233
velib,Vélib' Métropole,Paris,FR,bb02dbdca447a042d893b3ce443974ba,Bastille - Quai de la Rapée,48.84682410855,2.3669364675879,24,2,26,2026-02-17 14:02:31.979234,2026-02-17 14:02:31.979235
velib,Vélib' Métropole,Paris,FR,bb0a4ab4ded73f59ad666a95d0179447,Pont de Lodi - Dauphine,48.855296898603285,2.339947307565249,21,2,23,2026-02-17 14:02:31.979237,2026-02-17 14:02:31.979238
velib,Vélib' Métropole,Paris,FR,bb630fc83299a0aa6f2decdbcac98881,Suresnes - Place du Souvenir Français,48.847007898514,2.1941100043056,12,4,16,2026-02-17 14:02:31.979239,2026-02-17 14:02:31.979240
velib,Vélib' Métropole,Paris,FR,bbbe9c129e66e5d0ea2af6e5f6cffba0,Lavandieres Sainte Opportune - Rivoli,48.859279702476,2.3466217517853,15,11,26,2026-02-17 14:02:31.979241,2026-02-17 14:02:31.979242
velib,Vélib' Métropole,Paris,FR,bc1961bbf9740082e9514a933bd502b5,Garibaldi - Gabriel Péri,48.905741911394,2.3316044208059,16,12,28,2026-02-17 14:02:31.979243,2026-02-17 14:02:31.979244
velib,Vélib' Métropole,Paris,FR,bc3731be62f9914a887f9516b315c83d,Bayen - Pereire,48.881804409079656,2.2921088710427284,7,15,22,2026-02-17 14:02:31.979245,2026-02-17 14:02:31.979246
velib,Vélib' Métropole,Paris,FR,bc7b2844eb1c694d3d447907d79202a3,Fernand Braudel - Vincent Auriol ,48.83637852318147,2.3723404482007027,35,1,36,2026-02-17 14:02:31.979248,2026-02-17 14:02:31.979249
velib,Vélib' Métropole,Paris,FR,bc90f39857a6b9e2a4b09baf2562b6ab,Méchain - Faubourg Saint-Jacques,48.83586772099485,2.33798034198275,7,9,16,2026-02-17 14:02:31.979250,2026-02-17 14:02:31.979251
velib,Vélib' Métropole,Paris,FR,bcf9fb7fc6161096b6df2427d6a735dd,Pavé Grignon - Bretagne,48.757398255499,2.4012465523091,5,15,20,2026-02-17 14:02:31.979252,2026-02-17 14:02:31.979253
velib,Vélib' Métropole,Paris,FR,bd0cc37d59d1d25618aac76b0ff251ac,Yves Farges - Route d'Enghien,48.95756799268,2.2834496977978,8,27,35,2026-02-17 14:02:31.979254,2026-02-17 14:02:31.979255
velib,Vélib' Métropole,Paris,FR,bd0ea6b9f93e49030dca38ce0a3b5e21,Pyrénées - Cours de Vincennes,48.847796779935,2.4061721563339,7,13,20,2026-02-17 14:02:31.979257,2026-02-17 14:02:31.979257
velib,Vélib' Métropole,Paris,FR,bdb86d14e2bd6354e7aa1e7c7610acd4,Gare du Nord - Hôpital Lariboisière,48.881949,2.352339,4,45,49,2026-02-17 14:02:31.979259,2026-02-17 14:02:31.979260
velib,Vélib' Métropole,Paris,FR,bdf374b071779abc1a0c59e89c68f204,Arbalète - Claude Bernard,48.840008992,2.347522975107,13,21,34,2026-02-17 14:02:31.979261,2026-02-17 14:02:31.979262
velib,Vélib' Métropole,Paris,FR,be3b16bc01fd0d89024e701419c68abd,Joseph Dijon - Ornano,48.89374453351521,2.3476678133010864,1,36,37,2026-02-17 14:02:31.979263,2026-02-17 14:02:31.979264
velib,Vélib' Métropole,Paris,FR,be3f66ae060ea6b006e4e959ffa89a5e,Pitié-Salpêtrière,48.83748810318667,2.365213818848133,48,2,50,2026-02-17 14:02:31.979265,2026-02-17 14:02:31.979266
velib,Vélib' Métropole,Paris,FR,be5508c978ac002c6468e55accb555fd,Exelmans - Michel-Ange,48.84309486651855,2.2597770800669053,13,20,33,2026-02-17 14:02:31.979268,2026-02-17 14:02:31.979269
velib,Vélib' Métropole,Paris,FR,beb66ab17e2bd4a7cf8ee81fffe1fbb5,Tiron - Rivoli,48.855692253233,2.3579058051109,21,7,28,2026-02-17 14:02:31.979270,2026-02-17 14:02:31.979271
velib,Vélib' Métropole,Paris,FR,bf298b99f30ab0a824f23198687396c5,Mairie de quartier du Plateau - Mont-Valérien,48.8799933,2.2072437,6,12,18,2026-02-17 14:02:31.979272,2026-02-17 14:02:31.979273
velib,Vélib' Métropole,Paris,FR,bf673f18227a42a5dcc3da272b83a8e9,Chazelles - Courcelles ,48.879406604954,2.3034455627202988,5,29,34,2026-02-17 14:02:31.979274,2026-02-17 14:02:31.979275
velib,Vélib' Métropole,Paris,FR,bf6ea6342f642b589ad4156ef187e84c,Jean Jaurès - Jules Jacquemin,48.88433053604843,2.4082902455152104,2,20,22,2026-02-17 14:02:31.979277,2026-02-17 14:02:31.979278
velib,Vélib' Métropole,Paris,FR,bf7454ba878d169a278e984513d65bb6,Ordener - Poissonniers,48.891213890844654,2.351288666219873,0,35,35,2026-02-17 14:02:31.979279,2026-02-17 14:02:31.979280
velib,Vélib' Métropole,Paris,FR,bf825ec63b2762a3c2e10f61cbefe5c5,Gambetta - Saint Fargeau,48.871244610447015,2.4039056897163396,3,21,24,2026-02-17 14:02:31.979281,2026-02-17 14:02:31.979282
velib,Vélib' Métropole,Paris,FR,bfce94d5e50d4f329022a751879f0dc7,Petites Ecuries - Faubourg Saint-Denis,48.872871205898,2.3542150855064,28,0,28,2026-02-17 14:02:31.979283,2026-02-17 14:02:31.979284
velib,Vélib' Métropole,Paris,FR,bfd0da5c08ed6b5437782cec359cda56,Convention - Campus de Bobigny,48.914920058264,2.4172238067445,28,3,31,2026-02-17 14:02:31.979286,2026-02-17 14:02:31.979287
velib,Vélib' Métropole,Paris,FR,bfdf67edbee29fe9460c0d7eba541fa5,Gare RER de Saint-Denis,48.93554324248177,2.3471488058567047,7,32,39,2026-02-17 14:02:31.979288,2026-02-17 14:02:31.979289
velib,Vélib' Métropole,Paris,FR,bff05c081ad5a7597f093b0b4fbd8e5f,Saint-Germain - Verdun,48.882877330093,2.4331868384644,0,30,30,2026-02-17 14:02:31.979290,2026-02-17 14:02:31.979291
velib,Vélib' Métropole,Paris,FR,c044b087da23d9a9f6974c2f0b71c3f4,Charenton - Wattignies,48.836919119234,2.3916775206425,4,36,40,2026-02-17 14:02:31.979292,2026-02-17 14:02:31.979293
velib,Vélib' Métropole,Paris,FR,c04cc7c5734ec4065cbf765a5c99711f,Chernoviz - Raynouard,48.8569864146289,2.282173218142987,4,33,37,2026-02-17 14:02:31.979295,2026-02-17 14:02:31.979296
velib,Vélib' Métropole,Paris,FR,c07a274f282db2f80eedc179128a1588,Bas - Gabriel Péri,48.91585580539625,2.2948095202445984,3,26,29,2026-02-17 14:02:31.979297,2026-02-17 14:02:31.979298
velib,Vélib' Métropole,Paris,FR,c0c97440cf9f6487ff0762be5c5a2373,Gallieni - Lycée Charles Petitet,48.927640283627,2.3308986340524,40,5,45,2026-02-17 14:02:31.979299,2026-02-17 14:02:31.979300
velib,Vélib' Métropole,Paris,FR,c0ca414cc7641f067e9142aad86cc77c,François Ponsard - La Muette,48.8583666,2.2744515,3,20,23,2026-02-17 14:02:31.979301,2026-02-17 14:02:31.979302
velib,Vélib' Métropole,Paris,FR,c0e877315f46f40bc1ef9a82c9075771,Batignolles - Rome,48.881823370567,2.3202589899302,2,11,13,2026-02-17 14:02:31.979303,2026-02-17 14:02:31.979304
velib,Vélib' Métropole,Paris,FR,c0e94fd15609b457f7f504d2c8f43487,Lacépède - Linné,48.8437035476636,2.354651279747486,35,19,54,2026-02-17 14:02:31.979306,2026-02-17 14:02:31.979307
velib,Vélib' Métropole,Paris,FR,c0ff72472c8ce1be5e4ea3b474784061,Vistule - Choisy,48.82365543660611,2.3615723848342896,5,28,33,2026-02-17 14:02:31.979309,2026-02-17 14:02:31.979310
velib,Vélib' Métropole,Paris,FR,c1105acce4132674f6b57f793041cf3c,Centre Hospitalier Intercommunal de Créteil,48.797078298909,2.463801423807,9,7,16,2026-02-17 14:02:31.979311,2026-02-17 14:02:31.979312
velib,Vélib' Métropole,Paris,FR,c112a52278dd51eab5e8e5714fe9ec8e,Jemmapes - Ecluses Saint-Martin,48.87748519186726,2.3660067468881607,2,12,14,2026-02-17 14:02:31.979314,2026-02-17 14:02:31.979315
velib,Vélib' Métropole,Paris,FR,c15994c1414ada861151cf5578f7e11b,Dugommier,48.838811048815,2.3896577954292,7,45,52,2026-02-17 14:02:31.979316,2026-02-17 14:02:31.979317
velib,Vélib' Métropole,Paris,FR,c15af81b7bfe31a3e0c3ebe24448013d,Arsonval - Falguière,48.84040040365445,2.313117867297474,4,20,24,2026-02-17 14:02:31.979318,2026-02-17 14:02:31.979319
velib,Vélib' Métropole,Paris,FR,c16277b71cfb169bddbb29bb420f624b,Villersexel - Saint-Germain,48.858297001218,2.3237934708595,15,1,16,2026-02-17 14:02:31.979320,2026-02-17 14:02:31.979321
velib,Vélib' Métropole,Paris,FR,c1647dcd201b73b9913e842344a4c1f4,Marché Saint-Quentin,48.877356057652,2.3545114456374,3,12,15,2026-02-17 14:02:31.979323,2026-02-17 14:02:31.979324
velib,Vélib' Métropole,Paris,FR,c17a9911812cb8a668dbdce1104e240a,Balzac - Champs Elysées,48.872699639621,2.3001953959465,19,10,29,2026-02-17 14:02:31.979325,2026-02-17 14:02:31.979326
velib,Vélib' Métropole,Paris,FR,c1be70586e7d87c836721011257c2288,Marché aux fleurs,48.855258115391,2.3473754525185,17,4,21,2026-02-17 14:02:31.979327,2026-02-17 14:02:31.979328
velib,Vélib' Métropole,Paris,FR,c1c55be60272e11d93138766ff646764,Avenir,48.8103438,2.3003776,3,40,43,2026-02-17 14:02:31.979330,2026-02-17 14:02:31.979331
velib,Vélib' Métropole,Paris,FR,c1dd4b0dc398452f7aaff4e02ea232a0,Saint-Fiacre - Poissonière,48.870828911558,2.3459213599563,30,4,34,2026-02-17 14:02:31.979332,2026-02-17 14:02:31.979333
velib,Vélib' Métropole,Paris,FR,c1e69c64deeb554320e40ab9dd9e10f7,Bagnolet - Place Saint-Blaise,48.85973,2.40334,8,18,26,2026-02-17 14:02:31.979334,2026-02-17 14:02:31.979335
velib,Vélib' Métropole,Paris,FR,c1eab5a9bf54ad9eafe51635de04e07c,Censier - Jardin des Plantes,48.84107178161383,2.355475388467312,22,2,24,2026-02-17 14:02:31.979336,2026-02-17 14:02:31.979337
velib,Vélib' Métropole,Paris,FR,c2a595e428cf31fcfdf020d809a53888,Gare des Vallées,48.913179,2.257726,6,13,19,2026-02-17 14:02:31.979339,2026-02-17 14:02:31.979340
velib,Vélib' Métropole,Paris,FR,c2f220052da509ab53a6129ca538a42b,Clapeyron - Moscou,48.88078819514121,2.324815057218075,3,12,15,2026-02-17 14:02:31.979341,2026-02-17 14:02:31.979342
velib,Vélib' Métropole,Paris,FR,c3250e94d8848caf3f29646b63ca09a3,Place Marcel Cachin,48.81411442356866,2.39090770483017,28,4,32,2026-02-17 14:02:31.979343,2026-02-17 14:02:31.979344
velib,Vélib' Métropole,Paris,FR,c34975e722f4caf33273bd2b90765a70,Saint-Michel - Luxembourg,48.84501507626,2.3394941166043,5,24,29,2026-02-17 14:02:31.979346,2026-02-17 14:02:31.979347
velib,Vélib' Métropole,Paris,FR,c3a5c7dc8528197bcf74a69f8c3a9f85,Square Claude Bernard,48.89876016219984,2.375325746834278,23,7,30,2026-02-17 14:02:31.979348,2026-02-17 14:02:31.979349
velib,Vélib' Métropole,Paris,FR,c440d5f033c71b75a5390fdc670f7643,Route de Sèvres - Porte de Bagatelle,48.87525984132485,2.249415814876557,24,40,64,2026-02-17 14:02:31.979350,2026-02-17 14:02:31.979351
velib,Vélib' Métropole,Paris,FR,c4a409283c34f819bc5dc562f62365a4,Porte de la Chapelle - Boulevard Ney,48.900097357789,2.3586005020149,10,42,52,2026-02-17 14:02:31.979352,2026-02-17 14:02:31.979353
velib,Vélib' Métropole,Paris,FR,c4ac8b9a7a00cca4b98bdb350aefebd4,Brochant - Clichy,48.89032998912038,2.319730559929781,5,48,53,2026-02-17 14:02:31.979355,2026-02-17 14:02:31.979356
velib,Vélib' Métropole,Paris,FR,c4bb8e03ef466b8ed7b0b536daa2574d,Jourdan - Cité Universitaire,48.819897343156676,2.3397007964124366,8,31,39,2026-02-17 14:02:31.979357,2026-02-17 14:02:31.979358
velib,Vélib' Métropole,Paris,FR,c503eafcf1cc851ff3626fe92a7d0f9a,Quai de la Seine,48.884492238407525,2.3703941702842717,2,22,24,2026-02-17 14:02:31.979359,2026-02-17 14:02:31.979360
velib,Vélib' Métropole,Paris,FR,c51fb359bcf7171f3de38899d5a4711a,Place du Palais Royal,48.862382970647,2.3384822532535,56,11,67,2026-02-17 14:02:31.979361,2026-02-17 14:02:31.979362
velib,Vélib' Métropole,Paris,FR,c52fe310500338d05328a493f9e5a398,Place Edmond Michelet,48.860134890542,2.3500636965036,6,17,23,2026-02-17 14:02:31.979364,2026-02-17 14:02:31.979365
velib,Vélib' Métropole,Paris,FR,c60e64b99a2e67f10e36128ac8ba9735,Square des Saint-Simoniens,48.8701796,2.3967273,0,25,25,2026-02-17 14:02:31.979366,2026-02-17 14:02:31.979367
velib,Vélib' Métropole,Paris,FR,c61edfd963e8ecdd59129015e49c8e5e,Place du 17 Octobre,48.91962690034779,2.2978286134199792,10,9,19,2026-02-17 14:02:31.979368,2026-02-17 14:02:31.979369
velib,Vélib' Métropole,Paris,FR,c65b661fd7d7677b8b2884bfa93990db,Parc des Pierrettes,48.7973062,2.2909969,4,18,22,2026-02-17 14:02:31.979370,2026-02-17 14:02:31.979371
velib,Vélib' Métropole,Paris,FR,c6a39a31a86611c31fb3c34bae46e8f5,Boulangers - Cardinal Lemoine,48.8462904,2.3521495,18,1,19,2026-02-17 14:02:31.979373,2026-02-17 14:02:31.979374
velib,Vélib' Métropole,Paris,FR,c6a57109702ddeb17e98719cc1e59548,Saint-Marc - Feydeau,48.870326843044,2.3418715826353,33,3,36,2026-02-17 14:02:31.979375,2026-02-17 14:02:31.979376
velib,Vélib' Métropole,Paris,FR,c6a919ba33a2cb3118e772edce4219f5,Adolphe Lalyre - Armand Silvestre,48.90406266961591,2.273416221141815,7,32,39,2026-02-17 14:02:31.979377,2026-02-17 14:02:31.979378
velib,Vélib' Métropole,Paris,FR,c6cd3ee1a82b246c5cb86035faa68d1a,Château - République,48.862923800596,2.4155035614967,3,22,25,2026-02-17 14:02:31.979379,2026-02-17 14:02:31.979380
velib,Vélib' Métropole,Paris,FR,c6e687e00b92295c07001aaaba49d7ee,Place Jeanne d'Arc,48.829575,2.369126,1,35,36,2026-02-17 14:02:31.979381,2026-02-17 14:02:31.979382
velib,Vélib' Métropole,Paris,FR,c737a1a2a4df9cd05b776763a8bfcd47,Maréchal Leclerc de Hauteclocque - Marché Buzenval,48.858446,2.192077,4,26,30,2026-02-17 14:02:31.979384,2026-02-17 14:02:31.979385
velib,Vélib' Métropole,Paris,FR,c73cd994866ac7f654e63bd1869b05e9,Ferrus - Saint-Jacques,48.8313878,2.3408563,6,28,34,2026-02-17 14:02:31.979386,2026-02-17 14:02:31.979387
velib,Vélib' Métropole,Paris,FR,c7a119e30d8a26d68e61152c74a87343,Ranelagh - Mozart,48.8554439,2.2704418,9,13,22,2026-02-17 14:02:31.979388,2026-02-17 14:02:31.979389
velib,Vélib' Métropole,Paris,FR,c7a1d36b84ad38166ff710de7c2eab0c,François 1er - Lincoln,48.869517979344,2.3024262188416,28,3,31,2026-02-17 14:02:31.979390,2026-02-17 14:02:31.979391
velib,Vélib' Métropole,Paris,FR,c7a32dcef8ead4b5fed56b69f3248097,Hôtel de Ville d'Asnières sur Seine,48.90999330025577,2.288238108158112,0,30,30,2026-02-17 14:02:31.979393,2026-02-17 14:02:31.979394
velib,Vélib' Métropole,Paris,FR,c7b318ad1bb3add88e7d495083518d56,Charles de Gaulle - Sablonville,48.87991924860035,2.2763770446181297,23,3,26,2026-02-17 14:02:31.979395,2026-02-17 14:02:31.979396
velib,Vélib' Métropole,Paris,FR,c809de54c74118121dda515b88cc8cd7,Bourdon - Pont Morland,48.8478103,2.3659356,42,9,51,2026-02-17 14:02:31.979397,2026-02-17 14:02:31.979398
velib,Vélib' Métropole,Paris,FR,c81a55e172104b19b387bfd4a02bab9c,Place Jean Delay,48.823316,2.354336,0,35,35,2026-02-17 14:02:31.979401,2026-02-17 14:02:31.979402
velib,Vélib' Métropole,Paris,FR,c890de5a4ae713ea20587509c5883323,Chanzy - Sud-Est,48.888912037698766,2.195632159709931,1,23,24,2026-02-17 14:02:31.979403,2026-02-17 14:02:31.979404
velib,Vélib' Métropole,Paris,FR,c8b6d9b61456287d093e0c708796949d,Gare de l'Est - Chateau Landon,48.879305,2.362424,6,53,59,2026-02-17 14:02:31.979405,2026-02-17 14:02:31.979406
velib,Vélib' Métropole,Paris,FR,c8ca1d140dac90e5571c377761f51505,Joseph Liouville - Croix Nivert,48.844835471244416,2.297508493065834,4,60,64,2026-02-17 14:02:31.979408,2026-02-17 14:02:31.979409
velib,Vélib' Métropole,Paris,FR,c8dd78c42d1ed246a5d074e735dae8f3,Place d'Italie - Vincent Auriol,48.831481874467,2.3567550292319,3,34,37,2026-02-17 14:02:31.979410,2026-02-17 14:02:31.979411
velib,Vélib' Métropole,Paris,FR,c917abff645e65b56936689a897f91ac,Dôme - République,48.832681,2.250257,14,11,25,2026-02-17 14:02:31.979412,2026-02-17 14:02:31.979413
velib,Vélib' Métropole,Paris,FR,c923203a02ef3af397694f3c550a182c,Thionville - Ourcq,48.88917613743794,2.3833653330802917,3,21,24,2026-02-17 14:02:31.979414,2026-02-17 14:02:31.979415
velib,Vélib' Métropole,Paris,FR,c9326a3111d3c44e3ac8114db5b2a677,Jules Guesde - Pont du Port à l'Anglais,48.79628807093802,2.417212128639221,10,19,29,2026-02-17 14:02:31.979417,2026-02-17 14:02:31.979418
velib,Vélib' Métropole,Paris,FR,c9706431276f04db80843eb7662b7e07,Balzac - Olympes de Gouges,48.778503324868,2.4006786569953,17,10,27,2026-02-17 14:02:31.979419,2026-02-17 14:02:31.979420
velib,Vélib' Métropole,Paris,FR,c97c5cffb3759b0598a9d8ac07c3f8da,Bara - Henri Farman,48.833218027457846,2.2677567601203923,53,5,58,2026-02-17 14:02:31.979421,2026-02-17 14:02:31.979422
velib,Vélib' Métropole,Paris,FR,c9a014d11040b1861c6e85efbb832ed8,Jules Vallès - Charonne,48.854284379935,2.3847674578428,1,22,23,2026-02-17 14:02:31.979423,2026-02-17 14:02:31.979424
velib,Vélib' Métropole,Paris,FR,c9b60112195f64453fa0be5d38ec81f2,Saint-Cloud - Hippodrome,48.85772148887421,2.2549109905958176,5,25,30,2026-02-17 14:02:31.979426,2026-02-17 14:02:31.979427
velib,Vélib' Métropole,Paris,FR,c9e40faf6c216f19841c1615291d3f05,Montmartre - Etienne Marcel,48.86502194581,2.3450684401448,12,3,15,2026-02-17 14:02:31.979428,2026-02-17 14:02:31.979429
velib,Vélib' Métropole,Paris,FR,c9edcdf32809c955e2ab833381c149a2,Guersant - Gouvion-Saint-Cyr,48.88287775178599,2.287667370814871,15,17,32,2026-02-17 14:02:31.979430,2026-02-17 14:02:31.979431
velib,Vélib' Métropole,Paris,FR,c9f2af269df506f6f576bf0503409823,Mairie de Bagnolet,48.868421318555,2.4179587885737,6,22,28,2026-02-17 14:02:31.979432,2026-02-17 14:02:31.979433
velib,Vélib' Métropole,Paris,FR,c9ff70802c32d3cf02ee6e80394fc8eb,Leibniz - Jean Dollfus,48.896328348515986,2.333390423834684,1,30,31,2026-02-17 14:02:31.979435,2026-02-17 14:02:31.979436
velib,Vélib' Métropole,Paris,FR,ca20583d5caa1989886730816f97399d,Pascal - Claude Bernard,48.839061952159746,2.3499782010912895,29,20,49,2026-02-17 14:02:31.979437,2026-02-17 14:02:31.979438
velib,Vélib' Métropole,Paris,FR,ca466df69e35273fc64c3ba842d83fa8,Place François Mitterand,48.86492782016328,2.442958317697048,8,25,33,2026-02-17 14:02:31.979439,2026-02-17 14:02:31.979440
velib,Vélib' Métropole,Paris,FR,ca67ed1b26a3596c4e67f315de9be200,Porte d'Asnières,48.89035817610495,2.3036286234855656,8,28,36,2026-02-17 14:02:31.979441,2026-02-17 14:02:31.979442
velib,Vélib' Métropole,Paris,FR,cad3a08d56813eb6cc0f77d8c83dbdfd,Fessart - Château,48.84245,2.23989,15,5,20,2026-02-17 14:02:31.979444,2026-02-17 14:02:31.979445
velib,Vélib' Métropole,Paris,FR,cad53c364f42eb03e0ececd089cc081e,Matignon - Faubourg Saint-Honoré,48.871499100264,2.3138961727427,25,8,33,2026-02-17 14:02:31.979446,2026-02-17 14:02:31.979447
velib,Vélib' Métropole,Paris,FR,cada83d656ebe4fdb26027abbdd9b422,Gambetta - Père Lachaise,48.864295696165875,2.398228667282044,1,28,29,2026-02-17 14:02:31.979448,2026-02-17 14:02:31.979449
velib,Vélib' Métropole,Paris,FR,caf366ec5ee13e669bcc8c9a9b3fc0b7,Gaston Roussel - Commune de Paris,48.894440646006,2.4323074841326,0,1,1,2026-02-17 14:02:31.979450,2026-02-17 14:02:31.979451
velib,Vélib' Métropole,Paris,FR,cb13dedb8faacca75a1005939ccf9a9d,Boulets - Voltaire,48.85218705621,2.3890301585197,3,33,36,2026-02-17 14:02:31.979453,2026-02-17 14:02:31.979453
velib,Vélib' Métropole,Paris,FR,cb699740ae218b77b78f662442be89ae,Stade Gaston Bouillant,48.939958667023,2.3279571813836,18,12,30,2026-02-17 14:02:31.979455,2026-02-17 14:02:31.979456
velib,Vélib' Métropole,Paris,FR,cb86865b0a02da8981d54f3c56f7e274,Paris - Emile Zola,48.854898095789295,2.4186685681343083,11,18,29,2026-02-17 14:02:31.979457,2026-02-17 14:02:31.979458
velib,Vélib' Métropole,Paris,FR,cbf1513d99a12152bd7b0fd6ea0c0b93,Italie - Tolbiac,48.82557229464416,2.3576171323657036,3,17,20,2026-02-17 14:02:31.979459,2026-02-17 14:02:31.979460
velib,Vélib' Métropole,Paris,FR,cc045e8ede1dd88800eae4404ded7e00,Jessaint - Marx Dormoy,48.88484543106364,2.358930408954621,0,28,28,2026-02-17 14:02:31.979461,2026-02-17 14:02:31.979462
velib,Vélib' Métropole,Paris,FR,cc0c5f797d46f3d8ad78f1b7e870bd75,Diane Arbus,48.898800717199,2.3524022474885,4,34,38,2026-02-17 14:02:31.979464,2026-02-17 14:02:31.979465
velib,Vélib' Métropole,Paris,FR,cc49367df2e0b6587bf53bc30213a936,Convention - Saint-Charles,48.843156111116,2.2831090539694,16,7,23,2026-02-17 14:02:31.979466,2026-02-17 14:02:31.979467
velib,Vélib' Métropole,Paris,FR,cc79fca23c984c0764ce515f2064b665,Créteil Village,48.79122395576,2.4642198533952,10,15,25,2026-02-17 14:02:31.979468,2026-02-17 14:02:31.979469
velib,Vélib' Métropole,Paris,FR,cc88fcbf27935cc244125ef9ceae5e26,Strasbourg - Saint-Denis,48.869601642433,2.3542908579111,13,3,16,2026-02-17 14:02:31.979470,2026-02-17 14:02:31.979471
velib,Vélib' Métropole,Paris,FR,cc90abc8999efada17673a622bd63613,Saint-Marcel - Hôpital,48.839504424583,2.3609894170229,13,8,21,2026-02-17 14:02:31.979473,2026-02-17 14:02:31.979474
velib,Vélib' Métropole,Paris,FR,ccc358ad44a942c29a201a19d23025dc,Marché d'Auteuil,48.84842761367387,2.265253821160005,23,9,32,2026-02-17 14:02:31.979475,2026-02-17 14:02:31.979476
velib,Vélib' Métropole,Paris,FR,cccde3649133ed2952643b99fa3a69f4,Arthur Auger - Jean Jaurès,48.813736445585235,2.3069277405738835,2,23,25,2026-02-17 14:02:31.979477,2026-02-17 14:02:31.979478
velib,Vélib' Métropole,Paris,FR,ccd737a08df2677cef1e31a5c33a0385,Saint-Germain - Thenard,48.850571,2.3471015,24,6,30,2026-02-17 14:02:31.979479,2026-02-17 14:02:31.979480
velib,Vélib' Métropole,Paris,FR,ccddc3f74a52fc55e5dd7db77b86033a,Lieutenant Chauré - Etienne Marey,48.86746195408435,2.405970990657807,0,19,19,2026-02-17 14:02:31.979482,2026-02-17 14:02:31.979483
velib,Vélib' Métropole,Paris,FR,cd1a791b72f3f9fc5d853d19ed32f311,Hoche - Tilsitt,48.874836457837,2.2971323132515,15,18,33,2026-02-17 14:02:31.979484,2026-02-17 14:02:31.979485
velib,Vélib' Métropole,Paris,FR,cd22f944f9fdf51318a16292e5bbc8c3,Auguste Blanqui - Glacière,48.831151602964,2.343822196126,2,58,60,2026-02-17 14:02:31.979486,2026-02-17 14:02:31.979487
velib,Vélib' Métropole,Paris,FR,cd489a435681d84a885c7a188e9a1161,Place du Président Salvador Allende,48.897307310356055,2.40079153681279,17,43,60,2026-02-17 14:02:31.979488,2026-02-17 14:02:31.979489
velib,Vélib' Métropole,Paris,FR,cd5327b63663bffded353199712296fa,Ruisseau - Ordener,48.89299462568024,2.340144887566567,2,51,53,2026-02-17 14:02:31.979492,2026-02-17 14:02:31.979493
velib,Vélib' Métropole,Paris,FR,cd69b7db0fd7ebeee93947815fa06b25,Pyramide - Ecole du Breuil ,48.82237977153955,2.4586871266365056,8,25,33,2026-02-17 14:02:31.979494,2026-02-17 14:02:31.979495
velib,Vélib' Métropole,Paris,FR,cd7655a613600f921658453ab684a435,Gobelins - Port-Royal,48.837135900263,2.3515201359987,19,20,39,2026-02-17 14:02:31.979496,2026-02-17 14:02:31.979497
velib,Vélib' Métropole,Paris,FR,cd8520e3523db2cabae509e756e9c13c,Mézières - Rennes ,48.85023459321703,2.3303819820284843,48,7,55,2026-02-17 14:02:31.979499,2026-02-17 14:02:31.979500
velib,Vélib' Métropole,Paris,FR,cd91e4c9d707d0bebb4bd6677305110e,Vigée-Lebrun - Anselme Payen,48.838683941628375,2.3110422492027287,3,20,23,2026-02-17 14:02:31.979501,2026-02-17 14:02:31.979502
velib,Vélib' Métropole,Paris,FR,cd99f6fccb3b8308d3a209ed2d50f6b7,Guy Môquet - Etienne Dolet,48.81527009991819,2.298078276995073,3,19,22,2026-02-17 14:02:31.979503,2026-02-17 14:02:31.979504
velib,Vélib' Métropole,Paris,FR,cdb65200c4ceb9dce69274bc4d2dc268,Saint-Séverin - Saint-Michel,48.852731305488,2.3440927639604,29,1,30,2026-02-17 14:02:31.979505,2026-02-17 14:02:31.979506
velib,Vélib' Métropole,Paris,FR,cdbabae1fe3896bc48c5b008a5c7b2d8,Jean Jaurès - Reine,48.84009622558849,2.239872515201569,6,24,30,2026-02-17 14:02:31.979508,2026-02-17 14:02:31.979509
velib,Vélib' Métropole,Paris,FR,cdd59c8c602a90c3fed6dbf8d2f82103,Gustave Eiffel - Parc des Impressionnistes,48.90390619651018,2.2946908324956894,5,24,29,2026-02-17 14:02:31.979510,2026-02-17 14:02:31.979511
velib,Vélib' Métropole,Paris,FR,cdda626379b22db502e3212aa6902253,Place Aimé Césaire,48.783194713067815,2.2429127991199493,10,17,27,2026-02-17 14:02:31.979512,2026-02-17 14:02:31.979513
velib,Vélib' Métropole,Paris,FR,cdf5e0526888b551fc2fb951d345852e,Alger - Rivoli,48.864773553495,2.3294493936128,20,1,21,2026-02-17 14:02:31.979514,2026-02-17 14:02:31.979515
velib,Vélib' Métropole,Paris,FR,ce00d568338d0e7553448a88c3cb4a22,Maurice Payret-Dortail,48.87811957063342,2.2233625128865246,14,8,22,2026-02-17 14:02:31.979517,2026-02-17 14:02:31.979518
velib,Vélib' Métropole,Paris,FR,ce4e5a97532b51473d0bf57c118d4a4f,Pyrénées - Plaine,48.85026702458,2.4062821269035,0,12,12,2026-02-17 14:02:31.979519,2026-02-17 14:02:31.979520
velib,Vélib' Métropole,Paris,FR,cebc676249dd66560e19c0cf9e6aafea,Place Violet,48.844878938365,2.2905756533146,8,36,44,2026-02-17 14:02:31.979521,2026-02-17 14:02:31.979522
velib,Vélib' Métropole,Paris,FR,cef647062b0306bc184c430223a2155e,Camille Risch - Paul Armangot,48.774703,2.373685,6,19,25,2026-02-17 14:02:31.979523,2026-02-17 14:02:31.979524
velib,Vélib' Métropole,Paris,FR,cefc98dfd9c1b8f4a9538c6a61d57a6b,Lampes,48.81152481985875,2.4017931148409843,2,39,41,2026-02-17 14:02:31.979526,2026-02-17 14:02:31.979526
velib,Vélib' Métropole,Paris,FR,cf06f90e57e47828b6a78c15756d6efd,Place Madeleine Daniélou,48.883498,2.282015,39,1,40,2026-02-17 14:02:31.979528,2026-02-17 14:02:31.979529
velib,Vélib' Métropole,Paris,FR,cf0dcc3cdde692e1fca56a31ff549fff,Porte de Saint-Ouen - Bessières,48.89792240854517,2.32851451022192,8,31,39,2026-02-17 14:02:31.979530,2026-02-17 14:02:31.979531
velib,Vélib' Métropole,Paris,FR,cf2845fd7cdf82c5822101739d3598cf,Jean Colly - Tolbiac,48.827817291597846,2.3705490678548813,8,28,36,2026-02-17 14:02:31.979532,2026-02-17 14:02:31.979533
velib,Vélib' Métropole,Paris,FR,cf34dec54143408a9d731235ec0e538c,Fontaine du Tertre - Calvaire,48.8702539,2.2187778,10,14,24,2026-02-17 14:02:31.979535,2026-02-17 14:02:31.979535
velib,Vélib' Métropole,Paris,FR,cf4dfa3f6879b2834ad1cbc5d7bc6849,Galilée - Vernet,48.871715878697,2.2985444962978,28,17,45,2026-02-17 14:02:31.979537,2026-02-17 14:02:31.979538
velib,Vélib' Métropole,Paris,FR,cfb04039b2dd4859a627aaf88b07aaea,Demi-Lune - Aristide Briand,48.8762638192,2.4562818557024,1,19,20,2026-02-17 14:02:31.979539,2026-02-17 14:02:31.979540
velib,Vélib' Métropole,Paris,FR,cfd0fbc11c919802ae91c2eb8839bc29,Sainte-Elisabeth - Turbigo,48.86610337431,2.3596492409706,24,6,30,2026-02-17 14:02:31.979541,2026-02-17 14:02:31.979542
velib,Vélib' Métropole,Paris,FR,cfdecfc361ed07e08f45dcabb6b4389a,Place de la vache noire,48.81040517059777,2.327060401439667,6,19,25,2026-02-17 14:02:31.979543,2026-02-17 14:02:31.979544
velib,Vélib' Métropole,Paris,FR,cfe055e9487ef772ec9df134a425b62f,Quai de l'Oise - Aisne,48.8906231,2.3833701,1,29,30,2026-02-17 14:02:31.979546,2026-02-17 14:02:31.979547
velib,Vélib' Métropole,Paris,FR,cfe8facd91fe4fcbc173fe6b051e0524,Roquette - Thiéré,48.85507930579506,2.3733686318721463,11,12,23,2026-02-17 14:02:31.979548,2026-02-17 14:02:31.979549
velib,Vélib' Métropole,Paris,FR,d01c235cdb4b9097d28e455e2c74be01,Noisy le Sec - Jean-Baptiste Clément,48.874515389637,2.4152836203575,1,21,22,2026-02-17 14:02:31.979550,2026-02-17 14:02:31.979551
velib,Vélib' Métropole,Paris,FR,d0453cba0050a3750348d90b8d27f21b,Carnot - Pâquerettes,48.79592939432515,2.4261841177940373,8,18,26,2026-02-17 14:02:31.979552,2026-02-17 14:02:31.979553
velib,Vélib' Métropole,Paris,FR,d06b6074b26c67e4a503df2bec4220d9,Dutot - Place Alleray,48.836826091766,2.3071701095578,2,54,56,2026-02-17 14:02:31.979555,2026-02-17 14:02:31.979556
velib,Vélib' Métropole,Paris,FR,d0d3f7e68a27ed01037321db9119ba39,Charles de Gaulle,48.885368380902,2.2595618686871,13,4,17,2026-02-17 14:02:31.979557,2026-02-17 14:02:31.979558
velib,Vélib' Métropole,Paris,FR,d0dd4c71446d487e5e2bd12156a25230,Vignes - Boulainvilliers,48.856399483950504,2.275240458548069,6,13,19,2026-02-17 14:02:31.979559,2026-02-17 14:02:31.979560
velib,Vélib' Métropole,Paris,FR,d0ea021404c44b9d7c69aeffdfece603,Dupleix - du Guesclin,48.85147910413369,2.296709530055523,25,18,43,2026-02-17 14:02:31.979561,2026-02-17 14:02:31.979562
velib,Vélib' Métropole,Paris,FR,d16fc1f39f76274493aa77c45f2b36e5,Bois de Vincennes - Gare,48.836022242887,2.470833995083,29,21,50,2026-02-17 14:02:31.979564,2026-02-17 14:02:31.979565
velib,Vélib' Métropole,Paris,FR,d17c296a25c00ec40e0484bce176a7ac,Batignolles - Beudant,48.882164014664,2.3198529705405,2,42,44,2026-02-17 14:02:31.979567,2026-02-17 14:02:31.979568
velib,Vélib' Métropole,Paris,FR,d17cf595103b6e4e9f35de8341444b7f,Wurtz - Tolbiac,48.82631195621,2.344585955143,6,22,28,2026-02-17 14:02:31.979569,2026-02-17 14:02:31.979570
velib,Vélib' Métropole,Paris,FR,d187ec6f16648953827d9725582dda53,Quai de l'Aisne - Général Leclerc,48.895713,2.400571,12,13,25,2026-02-17 14:02:31.979572,2026-02-17 14:02:31.979573
velib,Vélib' Métropole,Paris,FR,d19e975e803c256106251152a112ba7a,Parmentier - République,48.8644954,2.3750124,5,45,50,2026-02-17 14:02:31.979574,2026-02-17 14:02:31.979575
velib,Vélib' Métropole,Paris,FR,d1a205319c0ce58cacbcf60dd8f54226,Place Fernand Forest,48.849269143836,2.281863167882,31,2,33,2026-02-17 14:02:31.979576,2026-02-17 14:02:31.979577
velib,Vélib' Métropole,Paris,FR,d1ba2fc1574bdec823864a3373312d04,Dunkerque - Maubeuge,48.880432768947,2.3528900992907,2,33,35,2026-02-17 14:02:31.979578,2026-02-17 14:02:31.979579
velib,Vélib' Métropole,Paris,FR,d1d05b02773239aaf28322d7b646f520,Jourdain - Place des Grandes Rigoles,48.874031137272,2.3895947635174,1,19,20,2026-02-17 14:02:31.979581,2026-02-17 14:02:31.979582
velib,Vélib' Métropole,Paris,FR,d1d88931b3ec2bdadebae98bce0a775d,Raspail - Varenne,48.853147816545,2.3263905197382,17,0,17,2026-02-17 14:02:31.979584,2026-02-17 14:02:31.979585
velib,Vélib' Métropole,Paris,FR,d1da3c0f31aac127904cd3b60055381a,Fontenay - Libération,48.847803063647,2.4451419711113,3,20,23,2026-02-17 14:02:31.979586,2026-02-17 14:02:31.979587
velib,Vélib' Métropole,Paris,FR,d227853e9d9fc8d6c3e75c3fbe9eaf66,Frères Flavien - Porte des Lilas,48.8780992764359,2.41104629853209,1,21,22,2026-02-17 14:02:31.979588,2026-02-17 14:02:31.979589
velib,Vélib' Métropole,Paris,FR,d22fc51c6dcbdbf5b32e4b059311a8cc,Henri Barbusse - Marcel Cachin,48.93742089281,2.3720374971659,2,35,37,2026-02-17 14:02:31.979591,2026-02-17 14:02:31.979592
velib,Vélib' Métropole,Paris,FR,d243689d6ca258a5f5c454d856bde33a,Quai aux Fleurs - Pont Saint-Louis,48.852915956209,2.3521957173944,20,0,20,2026-02-17 14:02:31.979593,2026-02-17 14:02:31.979594
velib,Vélib' Métropole,Paris,FR,d269daa39170597c1baba53d89d7e887,Barbès - Monique Maunoury,48.81552718820216,2.3687169334905405,3,37,40,2026-02-17 14:02:31.979595,2026-02-17 14:02:31.979596
velib,Vélib' Métropole,Paris,FR,d28ebc744496d2db628197a316543b43,Mairie du 19ème,48.88256264247959,2.3812624812126164,2,24,26,2026-02-17 14:02:31.979598,2026-02-17 14:02:31.979599
velib,Vélib' Métropole,Paris,FR,d2b097f9d404bc73221242a9845ec9c7,Hoche - Jean Lolive,48.891102392008,2.4028435349464,9,12,21,2026-02-17 14:02:31.979600,2026-02-17 14:02:31.979601
velib,Vélib' Métropole,Paris,FR,d2b68e9aee4f8d99eb34c854f3b85736,Edouard Tremblay - Julian Grimaux,48.781383825117,2.3723508417606,5,25,30,2026-02-17 14:02:31.979602,2026-02-17 14:02:31.979603
velib,Vélib' Métropole,Paris,FR,d2d36ce1cf34e890b801db83379db9b3,Jules Guesde - Alsace,48.890566275506,2.2950777411461,20,4,24,2026-02-17 14:02:31.979604,2026-02-17 14:02:31.979605
velib,Vélib' Métropole,Paris,FR,d2fdb44d24221a8ead5536479a0aea46,Butte aux Cailles - Esperance,48.82758774190948,2.3492151126265526,1,32,33,2026-02-17 14:02:31.979607,2026-02-17 14:02:31.979608
velib,Vélib' Métropole,Paris,FR,d2ff4e868f7aeb9639f2ae96c6e83512,Pirogues de Bercy - Libourne,48.832308,2.38637,21,28,49,2026-02-17 14:02:31.979609,2026-02-17 14:02:31.979610
velib,Vélib' Métropole,Paris,FR,d35b2b594f5e57d67ccab9e78051ab04,Parc Eli Lotar,48.91844993053703,2.3727085813879967,4,16,20,2026-02-17 14:02:31.979611,2026-02-17 14:02:31.979612
velib,Vélib' Métropole,Paris,FR,d39dc63368033011b19e414e04c713e2,Choisy - Pointe d'Ivry,48.822154170359,2.3633708034878,3,21,24,2026-02-17 14:02:31.979614,2026-02-17 14:02:31.979614
velib,Vélib' Métropole,Paris,FR,d3a2ff3c88a9849b2ee10579018a1364,Raspail - Manufacture des Oeillets,48.8094458,2.3903009,4,28,32,2026-02-17 14:02:31.979616,2026-02-17 14:02:31.979617
velib,Vélib' Métropole,Paris,FR,d3a8891720a33bf7a94dc21f43c9251b,Place Jules Ferry,48.812107928414775,2.325837314128876,2,25,27,2026-02-17 14:02:31.979618,2026-02-17 14:02:31.979619
velib,Vélib' Métropole,Paris,FR,d3b3781c33d6911a2b9500deaae8f33b,Charles Frérot - Albert Guilpin,48.8155839183714,2.3505029082298283,11,19,30,2026-02-17 14:02:31.979620,2026-02-17 14:02:31.979621
velib,Vélib' Métropole,Paris,FR,d3dc2fee037a699450ab092e9bee82c0,Ledru-Rollin - Charonne,48.85345855607243,2.3772463581947094,25,6,31,2026-02-17 14:02:31.979622,2026-02-17 14:02:31.979623
velib,Vélib' Métropole,Paris,FR,d3f6c21e324d23f9ac91ab4ce91375d9,Rivoli - Musée du Louvre,48.86364636851945,2.33409583568573,21,3,24,2026-02-17 14:02:31.979625,2026-02-17 14:02:31.979626
velib,Vélib' Métropole,Paris,FR,d40c98f308326f0b185cf41bb9a394ac,Diderot - Reuilly,48.847208456061,2.3861273378134,10,33,43,2026-02-17 14:02:31.979627,2026-02-17 14:02:31.979628
velib,Vélib' Métropole,Paris,FR,d41d50eb287ee527848755b3a31ee559,Dunkerque - Alsace,48.879355,2.358379,1,17,18,2026-02-17 14:02:31.979629,2026-02-17 14:02:31.979630
velib,Vélib' Métropole,Paris,FR,d451084505780610a099cc57eacf890c,Marceau - Président Wilson,48.8652359,2.3002513,27,3,30,2026-02-17 14:02:31.979631,2026-02-17 14:02:31.979632
velib,Vélib' Métropole,Paris,FR,d46509da3786c640cb7abb6847e3b8c7,Montgallet - Reuilly,48.844291,2.3896481,2,12,14,2026-02-17 14:02:31.979634,2026-02-17 14:02:31.979635
velib,Vélib' Métropole,Paris,FR,d46dd9af29cb2b67e8cfbf357111d627,Brochant - Square des Batignolles ,48.88818698581028,2.316861143151153,2,26,28,2026-02-17 14:02:31.979636,2026-02-17 14:02:31.979637
velib,Vélib' Métropole,Paris,FR,d485ac89b4bae6ce0f0085c8bc139116,Victoire - Laffitte,48.87514373494672,2.338118505144376,19,0,19,2026-02-17 14:02:31.979638,2026-02-17 14:02:31.979639
velib,Vélib' Métropole,Paris,FR,d4d5a406795dce514f9a773bf0b9088e,Léon - Doudeauville,48.888324218452,2.3535733726386,1,12,13,2026-02-17 14:02:31.979640,2026-02-17 14:02:31.979641
velib,Vélib' Métropole,Paris,FR,d535427d830d3d33b74a3cf93a58846f,Berthier - Place Stuart Merril,48.885927922355044,2.2933450341224675,6,30,36,2026-02-17 14:02:31.979643,2026-02-17 14:02:31.979644
velib,Vélib' Métropole,Paris,FR,d56a38df81c0e97aab0f6bb476f04c11,Siam - La Pompe,48.861720329027264,2.275346568555312,5,9,14,2026-02-17 14:02:31.979645,2026-02-17 14:02:31.979646
velib,Vélib' Métropole,Paris,FR,d57ebdccece8728e9eadba78c16c3602,Marcelin Berthelot,48.8415473058801,2.233161628246308,27,0,27,2026-02-17 14:02:31.979647,2026-02-17 14:02:31.979648
velib,Vélib' Métropole,Paris,FR,d585f0eeb4e482d9691e21e1e2d53095,Verdun - Place Henri IV,48.870797375639214,2.2277003154158592,21,5,26,2026-02-17 14:02:31.979650,2026-02-17 14:02:31.979651
velib,Vélib' Métropole,Paris,FR,d5f1b015488855947781d001a362194f,Bleue - Trévise,48.87578906564573,2.347289621829987,22,8,30,2026-02-17 14:02:31.979652,2026-02-17 14:02:31.979653
velib,Vélib' Métropole,Paris,FR,d5f5b73d5f0c3069a29370f1b343f0ac,Herschel - Observatoire,48.84342376221923,2.3376645147800446,38,18,56,2026-02-17 14:02:31.979654,2026-02-17 14:02:31.979655
velib,Vélib' Métropole,Paris,FR,d658ad28796a6b9db0237989b29cf0f3,Moulin de la Pointe,48.82092946051445,2.3563179373741145,1,21,22,2026-02-17 14:02:31.979657,2026-02-17 14:02:31.979658
velib,Vélib' Métropole,Paris,FR,d6748cbdc75688e92afc35ecbcb5fc8e,Marcadet - Ramey,48.890875,2.3449019,1,38,39,2026-02-17 14:02:31.979659,2026-02-17 14:02:31.979660
velib,Vélib' Métropole,Paris,FR,d69467838ced5f3d7d6af24fe371de30,Richard Lenoir - Republique,48.8667175,2.3692541,7,47,54,2026-02-17 14:02:31.979661,2026-02-17 14:02:31.979662
velib,Vélib' Métropole,Paris,FR,d69a9408f670d0ab0a5ad7db111b1eb4,Lamennais - Washington,48.873529900265,2.303444892168,39,1,40,2026-02-17 14:02:31.979663,2026-02-17 14:02:31.979664
velib,Vélib' Métropole,Paris,FR,d69e6c49d6c6695f57da105b15f25945,Porte Pouchet-Bessières,48.8978765,2.3230632,3,17,20,2026-02-17 14:02:31.979666,2026-02-17 14:02:31.979667
velib,Vélib' Métropole,Paris,FR,d6b992fa89757aa945638544c7efd161,Lucien Bossoutrot - Général Martial Vallin,48.836956046311,2.2741072252393,32,7,39,2026-02-17 14:02:31.979668,2026-02-17 14:02:31.979669
velib,Vélib' Métropole,Paris,FR,d73ad62f43031d5b823dbba7b15649a7,André Maurois - Joseph et Marie Hackin,48.8778983,2.2789591,11,17,28,2026-02-17 14:02:31.979670,2026-02-17 14:02:31.979671
velib,Vélib' Métropole,Paris,FR,d7738cfd81cd7a74ff9d0c831781dc55,Hôpital Pitié Salpêtrière,48.8377016,2.3604946,13,37,50,2026-02-17 14:02:31.979672,2026-02-17 14:02:31.979673
velib,Vélib' Métropole,Paris,FR,d77c30d480348d7f414d601b7198e75b,Maine - Liancourt,48.835064363954,2.323731449974,1,26,27,2026-02-17 14:02:31.979677,2026-02-17 14:02:31.979678
velib,Vélib' Métropole,Paris,FR,d7ab9293fc6942873793dcce80f3f95a,Blanqui - Docteur Bauer,48.907735489085,2.3407192814591,10,17,27,2026-02-17 14:02:31.979679,2026-02-17 14:02:31.979680
velib,Vélib' Métropole,Paris,FR,d7cd56dc000ee9223df903208083a724,Franquet - Labrouste,48.83287705011431,2.306762784719467,0,34,34,2026-02-17 14:02:31.979681,2026-02-17 14:02:31.979682
velib,Vélib' Métropole,Paris,FR,d83374f7eaf870abfc72cf207f2a3b8d,Grenelle - Violet,48.84993035512154,2.294612042605877,22,13,35,2026-02-17 14:02:31.979683,2026-02-17 14:02:31.979684
velib,Vélib' Métropole,Paris,FR,d8cdab7fb461460d64dbfb79b929ba85,Chemin Des Mèches - Marc Seguin,48.784426530213,2.4370886462938,0,27,27,2026-02-17 14:02:31.979686,2026-02-17 14:02:31.979687
velib,Vélib' Métropole,Paris,FR,d93e497643df8556cfd4ce5ca95b676f,Buzenval - Avron,48.851617204999,2.4015135973077,6,44,50,2026-02-17 14:02:31.979688,2026-02-17 14:02:31.979689
velib,Vélib' Métropole,Paris,FR,d96649370ea5261f31a17b3960d5936f,Suisses - Colonel de Rochebrune,48.85440659426,2.1975097137701,8,6,14,2026-02-17 14:02:31.979690,2026-02-17 14:02:31.979691
velib,Vélib' Métropole,Paris,FR,d98bd61b23c66085d4c05141739b43cf,Lassus - Delouvain,48.8755044846,2.3890327325519,1,18,19,2026-02-17 14:02:31.979692,2026-02-17 14:02:31.979693
velib,Vélib' Métropole,Paris,FR,d99ebba2c8baef12c6c148da1f221686,Clignancourt - Sofia,48.88511992309783,2.34719488842051,3,15,18,2026-02-17 14:02:31.979695,2026-02-17 14:02:31.979696
velib,Vélib' Métropole,Paris,FR,d9ab4e54af77924b8e6e4e0f8054af58,Cimetière de Fontenay-sous-Bois,48.84706173362218,2.4787822365760808,3,12,15,2026-02-17 14:02:31.979697,2026-02-17 14:02:31.979698
velib,Vélib' Métropole,Paris,FR,d9dfac366d625650947c3a8a869a7122,Charles Tillon - Cimetière Communal,48.91844023641836,2.3935630917549138,1,28,29,2026-02-17 14:02:31.979699,2026-02-17 14:02:31.979700
velib,Vélib' Métropole,Paris,FR,da06901ff9c1f080a4e8d1819ed38520,Pierre Grenier - Pont de Billancourt,48.8258020742942,2.2487989068031315,6,13,19,2026-02-17 14:02:31.979702,2026-02-17 14:02:31.979702
velib,Vélib' Métropole,Paris,FR,da16bdd7ea53e0bde9b8bf4c0c60dc81,Rochechouart - Martyrs,48.882193779572,2.3405495658517,5,14,19,2026-02-17 14:02:31.979704,2026-02-17 14:02:31.979705
velib,Vélib' Métropole,Paris,FR,da2b98917326d0d9abba63ffdab1683e,Marx Dormoy - Château Sainte-Barbe,48.791782341055324,2.297856844961643,0,20,20,2026-02-17 14:02:31.979706,2026-02-17 14:02:31.979707
velib,Vélib' Métropole,Paris,FR,da851a915c41eb46abc46b738d798530,Clignancourt - Ordener,48.891457726153774,2.348636478060487,1,34,35,2026-02-17 14:02:31.979708,2026-02-17 14:02:31.979709
velib,Vélib' Métropole,Paris,FR,daa140e1df4fd298c825b3071d34df26,Fille du Calvaire - Turenne,48.86210505412563,2.3649600148200993,17,12,29,2026-02-17 14:02:31.979711,2026-02-17 14:02:31.979712
velib,Vélib' Métropole,Paris,FR,dab5411bcd39a810e76307537333a88c,Pont de Suresnes,48.867415092322,2.2258946679617,5,11,16,2026-02-17 14:02:31.979713,2026-02-17 14:02:31.979714
velib,Vélib' Métropole,Paris,FR,dac92a394d655d0e3436fe8c7d424535,Repos - Cimetière du Père Lachaise,48.859358523593,2.3896131366845,4,29,33,2026-02-17 14:02:31.979715,2026-02-17 14:02:31.979716
velib,Vélib' Métropole,Paris,FR,dbb7e83a4d2d4319bffa00d41ab333c5,Desaix - Edgar Faure,48.852804604940296,2.293077029857222,11,0,11,2026-02-17 14:02:31.979718,2026-02-17 14:02:31.979719
velib,Vélib' Métropole,Paris,FR,dbc675399fae397f99c2ab250dcd9140,Madame de Sanzillon - Mozart,48.90379820774301,2.3187401890754704,17,4,21,2026-02-17 14:02:31.979720,2026-02-17 14:02:31.979721
velib,Vélib' Métropole,Paris,FR,dbc715f9e1165b498a11cc558337a587,Saint-Bon - Rivoli,48.857999643315,2.3502172809763,27,4,31,2026-02-17 14:02:31.979722,2026-02-17 14:02:31.979723
velib,Vélib' Métropole,Paris,FR,dbdbc52485a5bde4079d039faba5de72,Froidevaux - Boulard,48.835147319625,2.3294411972165,8,26,34,2026-02-17 14:02:31.979724,2026-02-17 14:02:31.979725
velib,Vélib' Métropole,Paris,FR,dbf093a8a73193e48da63e83518e7fa5,Lepic - Armée d'Orient,48.887536403814,2.3343077301979,0,24,24,2026-02-17 14:02:31.979727,2026-02-17 14:02:31.979728
velib,Vélib' Métropole,Paris,FR,dc489642258b1bb1cf662c1fd2ec09db,Paul Vaillant-Couturier - Gare RER,48.80108159069614,2.402097210288048,9,14,23,2026-02-17 14:02:31.979729,2026-02-17 14:02:31.979730
velib,Vélib' Métropole,Paris,FR,dcde9d0eedef52a437a0a6fbd1b4c19e,Théâtre des Amandiers - Palais des sports,48.892648526839,2.2136941552162,11,12,23,2026-02-17 14:02:31.979731,2026-02-17 14:02:31.979732
velib,Vélib' Métropole,Paris,FR,dd52e0cb096996ac0233416fa8f662ce,Victor Hugo - Jeanne Jugan,48.843949064031825,2.415081394834419,2,26,28,2026-02-17 14:02:31.979733,2026-02-17 14:02:31.979734
velib,Vélib' Métropole,Paris,FR,dd73a1ca213fd05e0214acae6195deb4,Ménil - Argenteuil,48.925901818305,2.2741496502338,8,12,20,2026-02-17 14:02:31.979736,2026-02-17 14:02:31.979737
velib,Vélib' Métropole,Paris,FR,ddb7f5ba2d60d5ae6796a7b4e44a3664,Saint-Benoît - Jacob,48.85545136013941,2.3334722220897675,22,1,23,2026-02-17 14:02:31.979738,2026-02-17 14:02:31.979739
velib,Vélib' Métropole,Paris,FR,ddc2bea56baf96f6596fa66d6f3477fc,Italie - Jardin Joan Miro,48.81990914045756,2.3592948541045193,3,23,26,2026-02-17 14:02:31.979740,2026-02-17 14:02:31.979741
velib,Vélib' Métropole,Paris,FR,de40d516ab36b574ee1990157165d4ef,Boudreau - Auber,48.87219,2.329423,25,3,28,2026-02-17 14:02:31.979742,2026-02-17 14:02:31.979743
velib,Vélib' Métropole,Paris,FR,de81055bd76c6693a0e6b299185ebd56,Verdun - Pierre et Marie Curie,48.812822398263286,2.3707106709480286,0,26,26,2026-02-17 14:02:31.979745,2026-02-17 14:02:31.979746
velib,Vélib' Métropole,Paris,FR,de841e182c1d3d82b627c0f0f54c35fd,Saint-Denis - Réaumur,48.8661116315789,2.3507790675507594,19,11,30,2026-02-17 14:02:31.979747,2026-02-17 14:02:31.979748
velib,Vélib' Métropole,Paris,FR,de88c5afccefc010c6c460a1a03d49aa,Reims - Raymond Pitet,48.8888,2.296319,31,6,37,2026-02-17 14:02:31.979749,2026-02-17 14:02:31.979750
velib,Vélib' Métropole,Paris,FR,df01dc24a762fa5b2ad6135745f3eb55,Place de l'Eglise - Vitry-sur-Seine,48.791922819921815,2.395057752728462,12,15,27,2026-02-17 14:02:31.979751,2026-02-17 14:02:31.979752
velib,Vélib' Métropole,Paris,FR,df1d893b8ebcfbebc0e28aa2decdcc89,Waldeck Rochet - Germaine Tillon,48.91105960199651,2.3676301538944244,28,3,31,2026-02-17 14:02:31.979754,2026-02-17 14:02:31.979755
velib,Vélib' Métropole,Paris,FR,df52ba3d89322de1fd2309244f895a9c,Ranelagh - Maison de la Radio,48.85293603169479,2.280449643731117,18,3,21,2026-02-17 14:02:31.979756,2026-02-17 14:02:31.979757
velib,Vélib' Métropole,Paris,FR,df5fdc3e0ecfabb06a3f33bea70924eb,Jacquard - Ternaux,48.8646605,2.373162,11,25,36,2026-02-17 14:02:31.979758,2026-02-17 14:02:31.979759
velib,Vélib' Métropole,Paris,FR,df9e51f77064303346c915ac34d985aa,Mairie de Sceaux,48.778916905132,2.2887361764861,18,15,33,2026-02-17 14:02:31.979760,2026-02-17 14:02:31.979761
velib,Vélib' Métropole,Paris,FR,dfa796ee5893889090d7e1ef0b19d78a,Square Emile - Chautemps,48.867433724231,2.3536357283592,24,1,25,2026-02-17 14:02:31.979763,2026-02-17 14:02:31.979764
velib,Vélib' Métropole,Paris,FR,e034f104bd355908f5b847223a026a69,Saint-Jacques - Tombe Issoire,48.833206330538864,2.3369108140468597,2,21,23,2026-02-17 14:02:31.979765,2026-02-17 14:02:31.979766
velib,Vélib' Métropole,Paris,FR,e04daf87373d4e5ffcdbd38079a256c7,Paradis - Hauteville,48.874999954666755,2.3522757401923404,14,17,31,2026-02-17 14:02:31.979772,2026-02-17 14:02:31.979773
velib,Vélib' Métropole,Paris,FR,e051a6d12eb480342ac32b74462d1518,Sambre et Meuse - Villette,48.874405666217,2.3738072379951,1,23,24,2026-02-17 14:02:31.979775,2026-02-17 14:02:31.979776
velib,Vélib' Métropole,Paris,FR,e06483264b514933e51a17f5e6afde4c,Athènes - Clichy,48.878113787876,2.32956021945824,17,2,19,2026-02-17 14:02:31.979777,2026-02-17 14:02:31.979778
velib,Vélib' Métropole,Paris,FR,e0685d46d00dd0a296655c67c1ef6b88,Legendre - Nollet,48.887742186754224,2.320293079881375,1,28,29,2026-02-17 14:02:31.979779,2026-02-17 14:02:31.979780
velib,Vélib' Métropole,Paris,FR,e07b13c399e83341eb53b4624f56231b,Verger - Colonel Guichard,48.816376985087,2.2670380088932,1,28,29,2026-02-17 14:02:31.979781,2026-02-17 14:02:31.979782
velib,Vélib' Métropole,Paris,FR,e0885c8fbacda3f822e6f110796f47eb,Place Jean Ferrat,48.8184945213025,2.3744174838066106,2,23,25,2026-02-17 14:02:31.979784,2026-02-17 14:02:31.979785
velib,Vélib' Métropole,Paris,FR,e0a40ad9762d08d8458b3e099bb8307a,Square René Viviani - Montebello,48.851904891406,2.3478421568871,31,14,45,2026-02-17 14:02:31.979786,2026-02-17 14:02:31.979787
velib,Vélib' Métropole,Paris,FR,e0b7c7102b57a7927f6399f053c1d248,Senard - Charles Blum,48.857315824799,2.221091687679291,8,16,24,2026-02-17 14:02:31.979788,2026-02-17 14:02:31.979789
velib,Vélib' Métropole,Paris,FR,e0be043162b7ee6772c48a75779abe76,Belleville -  Pré Saint-Gervais,48.875565910073,2.3930460959673,1,34,35,2026-02-17 14:02:31.979791,2026-02-17 14:02:31.979792
velib,Vélib' Métropole,Paris,FR,e0cabb100e5dfcb4bf71489d74366843,Brancion - Lefebvre,48.82900222785569,2.301431038163409,0,11,11,2026-02-17 14:02:31.979793,2026-02-17 14:02:31.979794
velib,Vélib' Métropole,Paris,FR,e10145c357a62732f32a67b88146c19e,Blancs-Manteaux - Archives,48.85941800703,2.3559471219778,14,15,29,2026-02-17 14:02:31.979795,2026-02-17 14:02:31.979796
velib,Vélib' Métropole,Paris,FR,e10334329979d79bc75ae65ed0689017,Porte de Saint-Ouen - Henri Huchard,48.898708366365064,2.3295360803604126,4,20,24,2026-02-17 14:02:31.979797,2026-02-17 14:02:31.979798
velib,Vélib' Métropole,Paris,FR,e16a89b03100c1a9a31fc0c2de714216,Gare RER de Vincennes,48.847563015126106,2.433383166790009,22,28,50,2026-02-17 14:02:31.979800,2026-02-17 14:02:31.979801
velib,Vélib' Métropole,Paris,FR,e186587b3123013458d1822d8232789d,Gare RER de Gentilly,48.814280450380224,2.3410347104072575,2,26,28,2026-02-17 14:02:31.979802,2026-02-17 14:02:31.979803
velib,Vélib' Métropole,Paris,FR,e197f2f4c1946e4ec4ab4834b612aec1,Place des Ternes.,48.878438631226516,2.297727763652802,14,31,45,2026-02-17 14:02:31.979804,2026-02-17 14:02:31.979805
velib,Vélib' Métropole,Paris,FR,e1adaf0c7e52abd13bb95ecc02ede819,Place de la Gare,48.838513582184,2.1866139007512,7,13,20,2026-02-17 14:02:31.979806,2026-02-17 14:02:31.979807
velib,Vélib' Métropole,Paris,FR,e1bbb8ef7582c112e1ae3a51da1673b9,Gare Montparnasse - Edgar Quinet,48.841487851079,2.3233232282801,1,29,30,2026-02-17 14:02:31.979809,2026-02-17 14:02:31.979810
velib,Vélib' Métropole,Paris,FR,e20b889c063c1bad353bc706ef645ab6,Porte de Bagnolet,48.864707139122984,2.408344637349607,2,31,33,2026-02-17 14:02:31.979811,2026-02-17 14:02:31.979812
velib,Vélib' Métropole,Paris,FR,e2111d9f681c2fda195565830e3d3e50,Place Robert Guillemard,48.836191728066666,2.2811267160086417,22,2,24,2026-02-17 14:02:31.979813,2026-02-17 14:02:31.979814
velib,Vélib' Métropole,Paris,FR,e2671fe4b8fcccbbeeaaab7ef7ec9ff0,Lisbonne - Monceau,48.877455676814,2.3096942214195,42,3,45,2026-02-17 14:02:31.979816,2026-02-17 14:02:31.979817
velib,Vélib' Métropole,Paris,FR,e2a44bdc05e0ffc5241e4ebb11c57969,Daunou - Louis le Grand,48.869113,2.332515,30,1,31,2026-02-17 14:02:31.979818,2026-02-17 14:02:31.979819
velib,Vélib' Métropole,Paris,FR,e2be9269ddf56bd585c39c93a5262c19,Cadet - La Fayette,48.875601632672,2.3435704037547,19,0,19,2026-02-17 14:02:31.979820,2026-02-17 14:02:31.979821
velib,Vélib' Métropole,Paris,FR,e2cbbc765a7b053c852fbd8ef0b97445,Mairie de Neuilly sur Seine,48.884947287658,2.2677031159401,23,8,31,2026-02-17 14:02:31.979822,2026-02-17 14:02:31.979823
velib,Vélib' Métropole,Paris,FR,e2cface03d9bff4209367541d7ca6cde,Lakanal - Commerce,48.84442462786544,2.294059172272682,19,30,49,2026-02-17 14:02:31.979825,2026-02-17 14:02:31.979826
velib,Vélib' Métropole,Paris,FR,e315274795da41ee4380055469984bb9,Kléber - National,48.906333898712234,2.2393910586833954,14,6,20,2026-02-17 14:02:31.979827,2026-02-17 14:02:31.979828
velib,Vélib' Métropole,Paris,FR,e317e1d55f54f9b73f1d64c212c60b75,Musée d'Orsay,48.859726157909,2.3258604481816,64,0,64,2026-02-17 14:02:31.979829,2026-02-17 14:02:31.979830
velib,Vélib' Métropole,Paris,FR,e36ca5391fd89e2ea7aff34224cbd5dd,Bleuets - Bordières,48.802117531472,2.4543687905029,4,15,19,2026-02-17 14:02:31.979831,2026-02-17 14:02:31.979832
velib,Vélib' Métropole,Paris,FR,e37ec2487a39ef09a854b434df76a82c,Pereire - Saussure,48.888229075478,2.3101296275854,1,31,32,2026-02-17 14:02:31.979834,2026-02-17 14:02:31.979835
velib,Vélib' Métropole,Paris,FR,e3d873abcbe4ec8a51356f040a68d74e,Jean-Baptiste Pigalle - La Bruyere,48.87939826447722,2.333709173337285,6,11,17,2026-02-17 14:02:31.979836,2026-02-17 14:02:31.979837
velib,Vélib' Métropole,Paris,FR,e3e57769eaead56b01516836322ed2a4,Charles de Gaulle - Plateau de Vanves,48.82233088973263,2.298571803412886,4,29,33,2026-02-17 14:02:31.979838,2026-02-17 14:02:31.979839
velib,Vélib' Métropole,Paris,FR,e43e538651aacb7e828a30017d503a79,Temple - Jean-Pierre Timbaud,48.86446597201,2.3660597205162,15,20,35,2026-02-17 14:02:31.979841,2026-02-17 14:02:31.979842
velib,Vélib' Métropole,Paris,FR,e47a8672eba3d872f3e61d5a330d2d46,Michelet - Assas,48.842741502832,2.3350211977959,18,0,18,2026-02-17 14:02:31.979843,2026-02-17 14:02:31.979844
velib,Vélib' Métropole,Paris,FR,e4a127d37dccdee756337c7e69893c1d,Flandre - Alphonse Karr,48.89465,2.381868,4,20,24,2026-02-17 14:02:31.979845,2026-02-17 14:02:31.979846
velib,Vélib' Métropole,Paris,FR,e4efdda9e8872bda5a303630977db50f,Lucien Lanternier - Le Luth,48.93159430558871,2.2889783978462224,18,9,27,2026-02-17 14:02:31.979847,2026-02-17 14:02:31.979848
velib,Vélib' Métropole,Paris,FR,e50a3bc7a4886a3385468bdd47d039c7,Candale - Mehul,48.8893935006175,2.414379715919495,2,23,25,2026-02-17 14:02:31.979850,2026-02-17 14:02:31.979851
velib,Vélib' Métropole,Paris,FR,e528e20a2832c24b4b3a3e360f1053a6,Courcelles - Pierre Demours,48.883769733273496,2.29858466343129,23,1,24,2026-02-17 14:02:31.979852,2026-02-17 14:02:31.979853
velib,Vélib' Métropole,Paris,FR,e5548706b1c0bbb54ae86a36146d1bb6,Charles de Gaulle - Beauté,48.83649602312711,2.479562651149885,11,38,49,2026-02-17 14:02:31.979854,2026-02-17 14:02:31.979855
velib,Vélib' Métropole,Paris,FR,e55d559f2b281c7300d7f940d0424333,Victor Massé - Jean-Baptiste Pigalle,48.8811043724,2.3366955667734,5,11,16,2026-02-17 14:02:31.979857,2026-02-17 14:02:31.979858
velib,Vélib' Métropole,Paris,FR,e5d6bd5f121aabfa686577b1ede1e7da,Pierre Brossolette - 12 Février 1934,48.8176962416867,2.3076123744249344,1,22,23,2026-02-17 14:02:31.979859,2026-02-17 14:02:31.979860
velib,Vélib' Métropole,Paris,FR,e5e23cb454dedcee14d5602b888794c5,Dominique Pado - Croix Nivert,48.83648798164934,2.2897250577807426,7,15,22,2026-02-17 14:02:31.979861,2026-02-17 14:02:31.979862
velib,Vélib' Métropole,Paris,FR,e6003dcc9678584e07ab90bd526e48af,Fort d'Aubervilliers,48.91502382370325,2.4035281687974925,10,10,20,2026-02-17 14:02:31.979868,2026-02-17 14:02:31.979869
velib,Vélib' Métropole,Paris,FR,e61199a82c0da4eec47ec06c33d86bdb,Porte de Vanves,48.828012849445,2.3056878894567,2,30,32,2026-02-17 14:02:31.979871,2026-02-17 14:02:31.979872
velib,Vélib' Métropole,Paris,FR,e6265fd975962b1a4d34be6f6f0d9c01,Bobillot - Moulin des Prés,48.828657346203,2.353020646317,2,25,27,2026-02-17 14:02:31.979873,2026-02-17 14:02:31.979874
velib,Vélib' Métropole,Paris,FR,e6651abeda0c6c55644e1fb2935abde4,Gare de Reuilly - Picpus,48.84267354116789,2.3972943797707558,11,16,27,2026-02-17 14:02:31.979896,2026-02-17 14:02:31.979898
velib,Vélib' Métropole,Paris,FR,e67534cb862a4797738a8b60d005dbaf,Rome - Provence,48.874230055580306,2.325570111724113,26,3,29,2026-02-17 14:02:31.979900,2026-02-17 14:02:31.979901
velib,Vélib' Métropole,Paris,FR,e6f6be09059575bf467b799b1595183f,Ceinture du Lac Inferieure - Saint-Cloud,48.86218070933143,2.2617871686816216,22,19,41,2026-02-17 14:02:31.979902,2026-02-17 14:02:31.979903
velib,Vélib' Métropole,Paris,FR,e7014080091445e46358f6b8c994fabd,Hector Malot - Daumesnil,48.84693552991762,2.3770876228809357,25,29,54,2026-02-17 14:02:31.979905,2026-02-17 14:02:31.979906
velib,Vélib' Métropole,Paris,FR,e7089a25caa59e0eec292035bca6a561,Etienne Dolet - Place Maurice Chevalier,48.86798303359366,2.3851405311143026,5,38,43,2026-02-17 14:02:31.979907,2026-02-17 14:02:31.979908
velib,Vélib' Métropole,Paris,FR,e745d74f36c9b60fc176f18a4ef7a2d6,Vanne - Général de Gaulle,48.815007,2.328318,3,22,25,2026-02-17 14:02:31.979909,2026-02-17 14:02:31.979910
velib,Vélib' Métropole,Paris,FR,e7bbec7a168d31e91a771bd0e2b55b03,Verdun - Carnot,48.883814948134,2.4402657783125,2,26,28,2026-02-17 14:02:31.979912,2026-02-17 14:02:31.979913
velib,Vélib' Métropole,Paris,FR,e7fd358ddec9846d87e6f2f4f6f80641,Boulard - Daguerre,48.83446472680611,2.3293386027216907,2,42,44,2026-02-17 14:02:31.979915,2026-02-17 14:02:31.979916
velib,Vélib' Métropole,Paris,FR,e84b391bb727f06c92427e08c8d70793,Eugène Reisz - Davout,48.85631874632638,2.410396970808506,0,20,20,2026-02-17 14:02:31.979917,2026-02-17 14:02:31.979918
velib,Vélib' Métropole,Paris,FR,e886722f2af501a2bc3141f4b198da12,République - Danton,48.85249172181667,2.462034523487091,1,19,20,2026-02-17 14:02:31.979919,2026-02-17 14:02:31.979920
velib,Vélib' Métropole,Paris,FR,e89a0e3524c67bcb9e57bc56ad2d3d35,Barrault - Place de Rungis,48.822658791556,2.3467585146383,1,47,48,2026-02-17 14:02:31.979922,2026-02-17 14:02:31.979923
velib,Vélib' Métropole,Paris,FR,e8c0f773f633d966151d5adf76666915,Jean Jaurès - Jean Baptiste Clément ,48.84576261454011,2.2369650006294255,33,6,39,2026-02-17 14:02:31.979924,2026-02-17 14:02:31.979925
velib,Vélib' Métropole,Paris,FR,e8da051a0e5bc7279c17af17edac7933,Carrefour Pleyel,48.92034156960326,2.3438543826341625,46,22,68,2026-02-17 14:02:31.979926,2026-02-17 14:02:31.979927
velib,Vélib' Métropole,Paris,FR,e911d07b60f6a50248e5db3bb3e23668,Rossini - Laffitte,48.87334627510507,2.337980867701675,30,2,32,2026-02-17 14:02:31.979928,2026-02-17 14:02:31.979929
velib,Vélib' Métropole,Paris,FR,e913cb0d86c2ad44b1c227214b67335f,Stephenson - Doudeauville,48.888537048944826,2.3561610281467438,2,34,36,2026-02-17 14:02:31.979932,2026-02-17 14:02:31.979933
velib,Vélib' Métropole,Paris,FR,e93278eac767441895ba871be8792d02,Sèvres - Général Leclerc,48.830121559055,2.2314262390137,25,5,30,2026-02-17 14:02:31.979935,2026-02-17 14:02:31.979936
velib,Vélib' Métropole,Paris,FR,e997f2781b9f7cd277b89a65880e0850,Vivienne - Petits Champs,48.867331390877,2.3391437530518,0,0,0,2026-02-17 14:02:31.979937,2026-02-17 14:02:31.979938
velib,Vélib' Métropole,Paris,FR,e999b60966fa05caf9c7b21611ab6360,Quai Marcel Boyer - Victor Hugo,48.822556366667,2.3920395970345,9,20,29,2026-02-17 14:02:31.979939,2026-02-17 14:02:31.979940
velib,Vélib' Métropole,Paris,FR,ea5c77a888235038181265e2d3a46c51,Eylau - Trocadéro,48.863354122371,2.2864209115505,7,15,22,2026-02-17 14:02:31.979942,2026-02-17 14:02:31.979943
velib,Vélib' Métropole,Paris,FR,eaa35ac247bece89efd3383bc2c7dad4,Bir Hakeim,48.853844054334,2.289705348222,29,2,31,2026-02-17 14:02:31.979944,2026-02-17 14:02:31.979945
velib,Vélib' Métropole,Paris,FR,eab7bcad3bb8f5d0e805545689abfbc6,Place du Maquis du Vercors,48.877321579493575,2.4083782732486725,2,29,31,2026-02-17 14:02:31.979950,2026-02-17 14:02:31.979951
velib,Vélib' Métropole,Paris,FR,ead41f96dcf8a50a46f2d8a384f56924,Place de l'Eglise - Pantin,48.892809461520265,2.4124351143836975,5,25,30,2026-02-17 14:02:31.979952,2026-02-17 14:02:31.979953
velib,Vélib' Métropole,Paris,FR,eb3335b8528855e4669ddd490118c97f,Assemblée Nationale,48.861411014652,2.3201214185208,75,1,76,2026-02-17 14:02:31.979955,2026-02-17 14:02:31.979956
velib,Vélib' Métropole,Paris,FR,eb6e2f3712c6df80738414d1086c340d,Pierre Charron - Champs-Elysées,48.870103359864,2.3043501377106,27,1,28,2026-02-17 14:02:31.979957,2026-02-17 14:02:31.979958
velib,Vélib' Métropole,Paris,FR,ebabd8404d640511569075611d49309d,Lecourbe - Convention,48.83923319241899,2.2915197908878326,5,41,46,2026-02-17 14:02:31.979959,2026-02-17 14:02:31.979960
velib,Vélib' Métropole,Paris,FR,ebd1b85441d7a4343944eb93cb1d9c77,Charles de Gaulle - Rue de l'Alma,48.896620592993,2.252313240191,22,5,27,2026-02-17 14:02:31.979961,2026-02-17 14:02:31.979962
velib,Vélib' Métropole,Paris,FR,ec6a52462affa5c258919739c149021e,Village Saint-Paul,48.852639866625,2.3607301712036,10,18,28,2026-02-17 14:02:31.979966,2026-02-17 14:02:31.979967
velib,Vélib' Métropole,Paris,FR,ec6fc091a1c743883d240671121054f9,Cossonnerie - Sébastopol,48.86132665908402,2.349419631063938,20,4,24,2026-02-17 14:02:31.979968,2026-02-17 14:02:31.979969
velib,Vélib' Métropole,Paris,FR,ed0463d727df1ad32249367a3f5636ec,Hôtel de Ville de Nanterre,48.892371898250424,2.205548956990242,16,22,38,2026-02-17 14:02:31.979971,2026-02-17 14:02:31.979972
velib,Vélib' Métropole,Paris,FR,ed1043901d708186614a63c1c110213b,Epi d'Or - Chevilly,48.781109786782,2.3549050362061,3,17,20,2026-02-17 14:02:31.979973,2026-02-17 14:02:31.979974
velib,Vélib' Métropole,Paris,FR,ed1703ac708c8c5ed24f71c4356dfc32,Pablo Picasso - Olympiades,48.855203,2.48724,7,29,36,2026-02-17 14:02:31.979975,2026-02-17 14:02:31.979976
velib,Vélib' Métropole,Paris,FR,ed2cb6b3ecf3e8fc2526518c903bf62a,Maine - Antoine Bourdelle,48.84308531746595,2.320263946784738,2,15,17,2026-02-17 14:02:31.979977,2026-02-17 14:02:31.979978
velib,Vélib' Métropole,Paris,FR,ed48e8a94a3b5e6f3cd48e0ecce358a5,Tour d'Auvergne - Rodier,48.879161,2.343698,4,13,17,2026-02-17 14:02:31.979980,2026-02-17 14:02:31.979981
velib,Vélib' Métropole,Paris,FR,ed4eeea3b6cf7a8c215d3178b15709b3,Gergovie - Vercingétorix,48.83453413883994,2.313154547426182,1,28,29,2026-02-17 14:02:31.979984,2026-02-17 14:02:31.979985
velib,Vélib' Métropole,Paris,FR,ed5f3cc959f86035215f4da93d21b93e,Belleville - Couronnes,48.868831082877,2.3809862136841,4,45,49,2026-02-17 14:02:31.979987,2026-02-17 14:02:31.979988
velib,Vélib' Métropole,Paris,FR,ed9b9d2b2078567bef694e1a718962e6,Gare de Sèvres - Ville d'Avray,48.826262366227,2.2001516849313,13,8,21,2026-02-17 14:02:31.979989,2026-02-17 14:02:31.979990
velib,Vélib' Métropole,Paris,FR,edc81da177fca64fef8321bb143a3cce,Quai de Béthune - Pont de la Tournelle,48.85097433194,2.3563072085381,16,9,25,2026-02-17 14:02:31.979991,2026-02-17 14:02:31.979992
velib,Vélib' Métropole,Paris,FR,ee2651f0a35203332b41f4e64a2358a6,Jacquier - Didot,48.82953336292279,2.318179272115231,1,29,30,2026-02-17 14:02:31.979996,2026-02-17 14:02:31.979997
velib,Vélib' Métropole,Paris,FR,ee4b86af0a46e93a26ba7575708ef0de,Docteurs Déjérine - Pte de Montreuil,48.85398448133697,2.41208288897222,2,18,20,2026-02-17 14:02:31.979998,2026-02-17 14:02:31.979999
velib,Vélib' Métropole,Paris,FR,ee559f80a35ff3a4dac9efd6b7cbe380,Pergolèse - Marbeau,48.873568706869,2.2815125225299,4,23,27,2026-02-17 14:02:31.980002,2026-02-17 14:02:31.980003
velib,Vélib' Métropole,Paris,FR,ee5f8237d94f94862fac6e27c8f1c348,Jonquière - Docteur Paul Brousse,48.894799816683985,2.318705212173216,5,49,54,2026-02-17 14:02:31.980006,2026-02-17 14:02:31.980007
velib,Vélib' Métropole,Paris,FR,ee7c21cf32d7e04fdf53a55f372b376f,Nationale - Marcel Duchamp,48.82463749337136,2.3678014799952507,2,20,22,2026-02-17 14:02:31.980008,2026-02-17 14:02:31.980009
velib,Vélib' Métropole,Paris,FR,eeae167c8e80e84399d098767f7d1f50,Rougemont - Poissonnière,48.871611569354755,2.345873080193996,42,1,43,2026-02-17 14:02:31.980010,2026-02-17 14:02:31.980011
velib,Vélib' Métropole,Paris,FR,eeb22543303375548997292b27e62bde,Place Carnot,48.85593932186797,2.441531717777252,5,20,25,2026-02-17 14:02:31.980012,2026-02-17 14:02:31.980013
velib,Vélib' Métropole,Paris,FR,eec90e5124bbe51a7eb1635f11ecae64,Square d'Anvers,48.882633484311,2.3448844062122,1,30,31,2026-02-17 14:02:31.980019,2026-02-17 14:02:31.980020
velib,Vélib' Métropole,Paris,FR,eee301bc5deb5538a7f394594adc3bd5,Conservatoire Marcel Dadi,48.790090379157,2.4535970427243,3,23,26,2026-02-17 14:02:31.980021,2026-02-17 14:02:31.980022
velib,Vélib' Métropole,Paris,FR,eef2e138616e2d6ebdd1c54ad98a460f,Nanterre - Université,48.901365,2.212693,11,9,20,2026-02-17 14:02:31.980024,2026-02-17 14:02:31.980025
velib,Vélib' Métropole,Paris,FR,ef32c2a9c1521bd55e3ec5300a63fa44,Jean Jaurès - Gare de Clamart,48.81321981219,2.2716768079163,1,19,20,2026-02-17 14:02:31.980026,2026-02-17 14:02:31.980027
velib,Vélib' Métropole,Paris,FR,efd65cfeb134934be16e5cf64e0c79e9,Commandant Charcot - Bretteville,48.87530570765423,2.2558460757136345,13,22,35,2026-02-17 14:02:31.980028,2026-02-17 14:02:31.980029
velib,Vélib' Métropole,Paris,FR,f011711ac6bb653a88e79befafbda642,Olivier de Serres - Leriche,48.83460221715206,2.2957482933998112,2,22,24,2026-02-17 14:02:31.980031,2026-02-17 14:02:31.980032
velib,Vélib' Métropole,Paris,FR,f057e7dfca8f27e6a1a9cca943b09afb,Guy Môquet - Saint-Ouen,48.892777719023975,2.3270335793495183,8,40,48,2026-02-17 14:02:31.980036,2026-02-17 14:02:31.980037
velib,Vélib' Métropole,Paris,FR,f05a9c4628b57ccce1ca6f85ea314da3,Duméril - Jeanne d'Arc,48.838151608087,2.3571084495564,9,30,39,2026-02-17 14:02:31.980039,2026-02-17 14:02:31.980040
velib,Vélib' Métropole,Paris,FR,f07adebc198039365b1aba19ad1a65e8,Pierre Ginier - Clichy,48.8867667,2.326228,6,10,16,2026-02-17 14:02:31.980041,2026-02-17 14:02:31.980042
velib,Vélib' Métropole,Paris,FR,f0abcdc6123b221199987eba21c12c12,Proudhon - Président Wilson,48.906442763495,2.3584905266762,28,1,29,2026-02-17 14:02:31.980043,2026-02-17 14:02:31.980044
velib,Vélib' Métropole,Paris,FR,f0af939d05e1c8c16c1d00741963a964,Batignolles - Abel Truchet,48.883103904582,2.3238347490884,1,27,28,2026-02-17 14:02:31.980046,2026-02-17 14:02:31.980047
velib,Vélib' Métropole,Paris,FR,f0ced785f9435ff9284445a1897856e1,Saint-Sulpice,48.85165383178419,2.3308077827095985,19,2,21,2026-02-17 14:02:31.980048,2026-02-17 14:02:31.980049
velib,Vélib' Métropole,Paris,FR,f0fcc428ab52b50ae15c5a736c60a91a,Saint-Mande - Picpus,48.845127728278,2.4015686296482,4,31,35,2026-02-17 14:02:31.980053,2026-02-17 14:02:31.980054
velib,Vélib' Métropole,Paris,FR,f152cef37bb3fa7cb92f964483097d05,Gare du Nord - Demarquay,48.881154,2.358411,0,30,30,2026-02-17 14:02:31.980056,2026-02-17 14:02:31.980056
velib,Vélib' Métropole,Paris,FR,f19225440cc4f3f72811ea8dd420afa6,Stade Pershing,48.829107826857,2.4583535268903,22,4,26,2026-02-17 14:02:31.980058,2026-02-17 14:02:31.980059
velib,Vélib' Métropole,Paris,FR,f1a74a12c54dc5526e2a5fa27cccbb4a,Bassano -  Iéna,48.868144510482075,2.296149600985935,8,6,14,2026-02-17 14:02:31.980060,2026-02-17 14:02:31.980061
velib,Vélib' Métropole,Paris,FR,f237efb2d42fcb847dafe28cd2a5b27d,Arsène Houssaye - Friedland,48.874510616163,2.2994716674148,19,9,28,2026-02-17 14:02:31.980063,2026-02-17 14:02:31.980063
velib,Vélib' Métropole,Paris,FR,f23e26739e42497a1c30269d2284b0e7,Colisée - Champs-Elysées,48.870475399387,2.3076190799475,13,3,16,2026-02-17 14:02:31.980065,2026-02-17 14:02:31.980066
velib,Vélib' Métropole,Paris,FR,f243408e44546f722ad1853f24aef8a4,Charles Gide - Fort de Bicêtre ,48.8071937956922,2.353984415531159,3,27,30,2026-02-17 14:02:31.980071,2026-02-17 14:02:31.980072
velib,Vélib' Métropole,Paris,FR,f25972094dc44cc899fe69d4534bad5a,Place du 14 Juillet,48.819266959525,2.3011998832226,3,18,21,2026-02-17 14:02:31.980073,2026-02-17 14:02:31.980074
velib,Vélib' Métropole,Paris,FR,f2877971a929ffff20cf1b945e144a59,Pierre et Marie Curie - Julien Grimau,48.870714014863225,2.424097023904324,1,17,18,2026-02-17 14:02:31.980076,2026-02-17 14:02:31.980077
velib,Vélib' Métropole,Paris,FR,f2a3fc5b9a4bf0adb95149670225c5b4,Constant Coquelin - Invalides,48.848283157236,2.315749520203,25,6,31,2026-02-17 14:02:31.980078,2026-02-17 14:02:31.980079
velib,Vélib' Métropole,Paris,FR,f2c38d4dc146bdbc7ce0b998d16f85b3,Picpus - Louis Braille,48.839988788912,2.4005256685521,2,56,58,2026-02-17 14:02:31.980080,2026-02-17 14:02:31.980081
velib,Vélib' Métropole,Paris,FR,f2cc5334a358b5c06fffbf621e8aeeae,Vitruve - Davout,48.86053161154489,2.4091592812626543,0,23,23,2026-02-17 14:02:31.980082,2026-02-17 14:02:31.980083
velib,Vélib' Métropole,Paris,FR,f3f461d791c6862c237097ad9330b975,Sebastopol - Rambuteau,48.86181809267,2.3501381278038,13,0,13,2026-02-17 14:02:31.980085,2026-02-17 14:02:31.980086
velib,Vélib' Métropole,Paris,FR,f40311b516d602839e13ca947c7a34e5,Sarrazins - Saussure,48.769626617432,2.4717841148376,4,17,21,2026-02-17 14:02:31.980087,2026-02-17 14:02:31.980088
velib,Vélib' Métropole,Paris,FR,f433a4e9e21c3002ad16356b3f6736e5,Cambon - Rivoli,48.866143390992,2.3251800647137,36,3,39,2026-02-17 14:02:31.980089,2026-02-17 14:02:31.980090
velib,Vélib' Métropole,Paris,FR,f464b6d36ffa9aa92b6e27ed74d1c9bb,Hauteville - Bonne Nouvelle,48.87077436024,2.3496496368327,9,6,15,2026-02-17 14:02:31.980091,2026-02-17 14:02:31.980092
velib,Vélib' Métropole,Paris,FR,f467fe438cbe1dce4294f2dadb442ffb,Place du Maréchal Juin - Péreire,48.885263,2.298286,40,6,46,2026-02-17 14:02:31.980094,2026-02-17 14:02:31.980095
velib,Vélib' Métropole,Paris,FR,f46cb679b494cb6b960dcf9a7b7487b7,Flandrin - Longchamp,48.86877849178477,2.274354539176829,31,11,42,2026-02-17 14:02:31.980096,2026-02-17 14:02:31.980097
velib,Vélib' Métropole,Paris,FR,f483d082583b18fe90277004c3ca2d83,Gare de Lyon - Chalon,48.845666194202,2.3741452395916,19,26,45,2026-02-17 14:02:31.980098,2026-02-17 14:02:31.980099
velib,Vélib' Métropole,Paris,FR,f4e9ed48851ec3d48d05780e2478330f,Gare de l'Est - Verdun,48.876156054271,2.3609149083206,4,10,14,2026-02-17 14:02:31.980101,2026-02-17 14:02:31.980102
velib,Vélib' Métropole,Paris,FR,f4ec0e1e3abe24a2f77ff0135eb9f389,Olympiades,48.826764665199,2.3650860786438,4,31,35,2026-02-17 14:02:31.980107,2026-02-17 14:02:31.980108
velib,Vélib' Métropole,Paris,FR,f4eef18fca1505fcf19873c2f29849bd,Chartres - La Charbonnière,48.8847601,2.3534657,2,31,33,2026-02-17 14:02:31.980112,2026-02-17 14:02:31.980113
velib,Vélib' Métropole,Paris,FR,f52bc886ba5932ac2ec622ab1ce3a0d0,Wilson - Landy,48.91516726221354,2.357633225619793,18,22,40,2026-02-17 14:02:31.980114,2026-02-17 14:02:31.980115
velib,Vélib' Métropole,Paris,FR,f5441fb978906cf4e4e16d3c9b9e52b0,Président Wilson - Baudin,48.89826887103676,2.2849336266517644,20,7,27,2026-02-17 14:02:31.980116,2026-02-17 14:02:31.980117
velib,Vélib' Métropole,Paris,FR,f54dbdf275d1232aec98e25ef36d9b2a,Parc Georges Brassens - Brancion,48.83227829269761,2.3022570088505745,2,27,29,2026-02-17 14:02:31.980119,2026-02-17 14:02:31.980120
velib,Vélib' Métropole,Paris,FR,f558440a70c6290837a375ba3cf064d4,Place du Moulin de Javel,48.84021670922,2.2716060653329,49,11,60,2026-02-17 14:02:31.980121,2026-02-17 14:02:31.980122
velib,Vélib' Métropole,Paris,FR,f574fd726a1dbc9e4e0c7646544823b5,La Jarry - Place Diderot,48.849726940367,2.4520137906075,2,23,25,2026-02-17 14:02:31.980124,2026-02-17 14:02:31.980125
velib,Vélib' Métropole,Paris,FR,f58053884704d8d07239df165354fc96,David Weill - Parc Montsouris,48.821092374256104,2.333725690841675,7,15,22,2026-02-17 14:02:31.980126,2026-02-17 14:02:31.980127
velib,Vélib' Métropole,Paris,FR,f5a5400dea698cd099e91777ad0e887d,Epée de Bois - Mouffetard,48.841508690388835,2.350066713988781,6,55,61,2026-02-17 14:02:31.980129,2026-02-17 14:02:31.980130
velib,Vélib' Métropole,Paris,FR,f5a9a382bcb4bbd9c7b11ca337726670,Edith Cavell - Volta,48.901616564286975,2.269354350864887,5,27,32,2026-02-17 14:02:31.980131,2026-02-17 14:02:31.980132
velib,Vélib' Métropole,Paris,FR,f621ac13ababcd13d314e8416fa2a0f7,Square des Epinettes,48.89383909781389,2.325953990221024,2,18,20,2026-02-17 14:02:31.980133,2026-02-17 14:02:31.980134
velib,Vélib' Métropole,Paris,FR,f63f97c31243d857e446e313b83ed464,Delizy - Louis Nadot,48.896212845581346,2.4094578623771667,8,14,22,2026-02-17 14:02:31.980135,2026-02-17 14:02:31.980136
velib,Vélib' Métropole,Paris,FR,f641ab4948677d011865b1e4c858dba5,Marcel Monge - Marcel Dassault,48.86096384533371,2.2246733296048142,35,9,44,2026-02-17 14:02:31.980141,2026-02-17 14:02:31.980142
velib,Vélib' Métropole,Paris,FR,f67aa105e8682241b178d9970ec89cdc,Place Paul Eluard,48.7672039733195,2.4144977331161503,5,14,19,2026-02-17 14:02:31.980143,2026-02-17 14:02:31.980144
velib,Vélib' Métropole,Paris,FR,f696f217a77bc8b7e96864fee9ba937d,11 Novembre 1918 - 8 Mai 1945,48.80889533774377,2.5382421165704727,11,25,36,2026-02-17 14:02:31.980145,2026-02-17 14:02:31.980146
velib,Vélib' Métropole,Paris,FR,f69b6961ea8e4632e8c8049b2fde6e9b,Mairie du 16ème,48.863936848471994,2.2765953093767166,4,30,34,2026-02-17 14:02:31.980148,2026-02-17 14:02:31.980149
velib,Vélib' Métropole,Paris,FR,f6f2086e5cd5a502faa6b5428626721c,Caire - Dussoubs,48.86785342111862,2.349364310503006,38,2,40,2026-02-17 14:02:31.980150,2026-02-17 14:02:31.980151
velib,Vélib' Métropole,Paris,FR,f6f373737d04380102eda6107e7bfe63,Faubourg Poissonniere - Delta,48.882555807626765,2.3497482016682625,3,32,35,2026-02-17 14:02:31.980152,2026-02-17 14:02:31.980153
velib,Vélib' Métropole,Paris,FR,f704983117b4fbd3fb9e319007a37fbe,Jardin Modèle - Pierre Boudou,48.914866710946,2.3057010525935,5,13,18,2026-02-17 14:02:31.980159,2026-02-17 14:02:31.980160
velib,Vélib' Métropole,Paris,FR,f7165ffb973de120199337524b135897,Place Joffre - Frédéric le Play,48.853754486938,2.3044242337346,33,5,38,2026-02-17 14:02:31.980161,2026-02-17 14:02:31.980162
velib,Vélib' Métropole,Paris,FR,f734bc9d26c1dad71fdf5d392ba8bb0d,Bellefond - Maubeuge,48.878255397645,2.3452642187476,3,27,30,2026-02-17 14:02:31.980164,2026-02-17 14:02:31.980165
velib,Vélib' Métropole,Paris,FR,f77c0307a27fab0d3d48420f4127a917,Square Saint-Ambroise,48.860934,2.375841,7,35,42,2026-02-17 14:02:31.980166,2026-02-17 14:02:31.980167
velib,Vélib' Métropole,Paris,FR,f7ac01cb43e86fa9cbf325881621371a,Dupont de l'Eure - Gambetta,48.8679385,2.4003649,4,27,31,2026-02-17 14:02:31.980168,2026-02-17 14:02:31.980169
velib,Vélib' Métropole,Paris,FR,f7c514b98f0157c1a99efbab7cafbc2f,Verdier - Jean Jaurès,48.81614048711214,2.3123561963438988,5,27,32,2026-02-17 14:02:31.980170,2026-02-17 14:02:31.980171
velib,Vélib' Métropole,Paris,FR,f7fbba029f890b7c1689129b370b9e53,Ménilmontant - Pelleport,48.870682633845,2.3989596023316,1,29,30,2026-02-17 14:02:31.980176,2026-02-17 14:02:31.980177
velib,Vélib' Métropole,Paris,FR,f80015cdbf6d09818298a032a3f8b7e6,Jouffroy d'Abbans - Villiers,48.884215547037,2.3056533560157,5,29,34,2026-02-17 14:02:31.980179,2026-02-17 14:02:31.980180
velib,Vélib' Métropole,Paris,FR,f81aed99a01ef9fd91361ddeceac3073,Saint-Lazare - Place d'Estienne d'Orves,48.8768345,2.3329067,33,4,37,2026-02-17 14:02:31.980181,2026-02-17 14:02:31.980182
velib,Vélib' Métropole,Paris,FR,f85bec809ee15b6924fc06a376434ea5,Parme - Clichy,48.881266424227,2.3281970934506,11,13,24,2026-02-17 14:02:31.980183,2026-02-17 14:02:31.980184
velib,Vélib' Métropole,Paris,FR,f8ad16296b6697169a10b52de059a0f5,Général Michel Bizot - Claude Decaen,48.834812629825,2.4009277881277,6,44,50,2026-02-17 14:02:31.980186,2026-02-17 14:02:31.980186
velib,Vélib' Métropole,Paris,FR,f8ad2339d3f72cb4e70540b138560782,Poissy - Saint-Germain,48.84969649427,2.3529685288668,20,3,23,2026-02-17 14:02:31.980188,2026-02-17 14:02:31.980189
velib,Vélib' Métropole,Paris,FR,f8f9ec30d28856f9b7fad103be9e4674,Toudouze - Clauzel,48.87929591733507,2.3373600840568547,6,14,20,2026-02-17 14:02:31.980190,2026-02-17 14:02:31.980191
velib,Vélib' Métropole,Paris,FR,f9269c9b9d93d68b6bb7de479a0250ae,Buisson Saint-Louis - Saint-Maur,48.872274029222,2.3733284860819,0,30,30,2026-02-17 14:02:31.980194,2026-02-17 14:02:31.980194
velib,Vélib' Métropole,Paris,FR,f92c2092ad97c514670795992a513687,18 juin 1940 - Buzenval,48.868807,2.185428,8,15,23,2026-02-17 14:02:31.980196,2026-02-17 14:02:31.980197
velib,Vélib' Métropole,Paris,FR,f94d87ab888be3975dbf561bb3c4b7f3,Square Desnouettes,48.83476837934194,2.284142297394666,11,11,22,2026-02-17 14:02:31.980198,2026-02-17 14:02:31.980199
velib,Vélib' Métropole,Paris,FR,f9539f4625a0dc2d32762a8cbfae1f3f,Pyrénées - Maraîchers,48.85714001395299,2.4043509364128113,2,31,33,2026-02-17 14:02:31.980201,2026-02-17 14:02:31.980202
velib,Vélib' Métropole,Paris,FR,f95640562d114688c1d7ec36136d2cad,Guy Môquet - Parvis Georges Marchais,48.79518840095975,2.35943466424942,5,24,29,2026-02-17 14:02:31.980203,2026-02-17 14:02:31.980204
velib,Vélib' Métropole,Paris,FR,f95e25028557f007a30c969f14d83619,Concorde - Stalingrad,48.7985844,2.3821302,2,32,34,2026-02-17 14:02:31.980205,2026-02-17 14:02:31.980206
velib,Vélib' Métropole,Paris,FR,f98b98a999c735ea43a15b32c22e1eda,Marcadet - Barbès,48.890451120965,2.3490573929687,5,33,38,2026-02-17 14:02:31.980207,2026-02-17 14:02:31.980208
velib,Vélib' Métropole,Paris,FR,f9a2990400288884bff5981100353804,Champs-Elysees - Bassano,48.871811807816,2.300238981843,0,25,25,2026-02-17 14:02:31.980213,2026-02-17 14:02:31.980214
velib,Vélib' Métropole,Paris,FR,f9ee1ec48f2884724409533079df826d,Professeur René Leriche - Général Leclerc ,48.90782845483013,2.307887971401215,9,39,48,2026-02-17 14:02:31.980215,2026-02-17 14:02:31.980216
velib,Vélib' Métropole,Paris,FR,fa0a7accc90cac2586922224f5f1c589,Place Nelson Mandela,48.862453313908,2.1961666225454,4,18,22,2026-02-17 14:02:31.980218,2026-02-17 14:02:31.980219
velib,Vélib' Métropole,Paris,FR,fa2b28a7180af7d6659c5972ba573a85,Manin - Simon Bolivar,48.876499654127,2.3794073625991,2,24,26,2026-02-17 14:02:31.980221,2026-02-17 14:02:31.980222
velib,Vélib' Métropole,Paris,FR,fa4f05e4db4a26862574e62b0f424b05,Anatole France - Louise Michel,48.88873214926474,2.2881576418876652,18,32,50,2026-02-17 14:02:31.980224,2026-02-17 14:02:31.980225
velib,Vélib' Métropole,Paris,FR,fa9971f63fd14b7f9877e366a2ffbea4,Paul Klee - Place Augusta Holmes,48.838946417408025,2.3704235663952966,30,13,43,2026-02-17 14:02:31.980230,2026-02-17 14:02:31.980231
velib,Vélib' Métropole,Paris,FR,fafdfa6e543d204b591a8301d5f361bf,Place Monge,48.842761803051,2.3524079471827,10,11,21,2026-02-17 14:02:31.980233,2026-02-17 14:02:31.980233
velib,Vélib' Métropole,Paris,FR,fb0945279a78b2e1052d155b950c9d31,Danielle Casanova - Ledru-Rollin,48.815783497876815,2.383259721100331,7,21,28,2026-02-17 14:02:31.980235,2026-02-17 14:02:31.980236
velib,Vélib' Métropole,Paris,FR,fb312eb426443a0fefa4f36dfd068b60,Montgallet - Charenton,48.842647778701,2.3861649278137,2,14,16,2026-02-17 14:02:31.980237,2026-02-17 14:02:31.980238
velib,Vélib' Métropole,Paris,FR,fb6143e08f09ec21268014e1fead6fbc,Bertie Albrecht - Hoche,48.87614039826388,2.301303138307601,15,16,31,2026-02-17 14:02:31.980240,2026-02-17 14:02:31.980241
velib,Vélib' Métropole,Paris,FR,fb6fea0b96cb4fb7b100912ddc1e86d6,Hôtel de Ville de Champigny sur Marne,48.813810628405,2.5096759200096,12,9,21,2026-02-17 14:02:31.980242,2026-02-17 14:02:31.980243
velib,Vélib' Métropole,Paris,FR,fbaf6d3fa0223f131397ed46900ea8b1,Victoire - Chaussée d'Antin,48.875065791004396,2.3316738009452824,19,5,24,2026-02-17 14:02:31.980245,2026-02-17 14:02:31.980246
velib,Vélib' Métropole,Paris,FR,fbe61ad04d6c46abb0dffccb4c8c7970,Chancé Milly - Cimetière Communal Sud,48.89687189382465,2.303922325372696,5,25,30,2026-02-17 14:02:31.980247,2026-02-17 14:02:31.980248
velib,Vélib' Métropole,Paris,FR,fbe7f88efafcd73d40aca9b6e82c619e,Pyrénées - Emmery,48.87202880542,2.3918598091484,2,37,39,2026-02-17 14:02:31.980249,2026-02-17 14:02:31.980250
velib,Vélib' Métropole,Paris,FR,fc0c19cb01acd6b45387220e9e0f6a1f,Grand Prieuré - Crussol,48.864660627935,2.3692265531829,25,24,49,2026-02-17 14:02:31.980251,2026-02-17 14:02:31.980252
velib,Vélib' Métropole,Paris,FR,fc3e8a61f8dde32eb23e8bdeefc015fe,Mont Valérien - Michel Salles,48.8561915,2.2152966,2,22,24,2026-02-17 14:02:31.980254,2026-02-17 14:02:31.980255
velib,Vélib' Métropole,Paris,FR,fc93c6ee4f2c083448ae5eba3e4d47c3,Chemin Vert - Saint-Maur,48.86112461407359,2.381299026310444,6,38,44,2026-02-17 14:02:31.980259,2026-02-17 14:02:31.980260
velib,Vélib' Métropole,Paris,FR,fca4d729491468ed90cdd7a8d8a600b4,Toqueville - Cardinet,48.88490187110713,2.3109393194317818,6,25,31,2026-02-17 14:02:31.980262,2026-02-17 14:02:31.980263
velib,Vélib' Métropole,Paris,FR,fceca1139eb3598f85221418a2eed143,Croulebarde - Corvisart,48.830981659316855,2.3481646925210953,4,29,33,2026-02-17 14:02:31.980265,2026-02-17 14:02:31.980266
velib,Vélib' Métropole,Paris,FR,fcf9179f09d7ca7526036d1b7490ade9,Charonne - Alexandre Dumas,48.856077415056,2.3948693275452,1,34,35,2026-02-17 14:02:31.980267,2026-02-17 14:02:31.980268
velib,Vélib' Métropole,Paris,FR,fd3ca06e005a7ac79505c7d7e9be9b19,Jourdan - Monticelli,48.822032,2.329095,0,29,29,2026-02-17 14:02:31.980269,2026-02-17 14:02:31.980270
velib,Vélib' Métropole,Paris,FR,fd8468cc02da7b7af7e2595ecb6732c7,Institut du Monde Arabe - Saint-Germain,48.849063299501,2.3558086529374,37,2,39,2026-02-17 14:02:31.980272,2026-02-17 14:02:31.980273
velib,Vélib' Métropole,Paris,FR,fd998b7e54a70dc4887c748fc2cdb1d5,Mac-Mahon - Brey,48.87753208413,2.2945125360529,8,17,25,2026-02-17 14:02:31.980278,2026-02-17 14:02:31.980279
velib,Vélib' Métropole,Paris,FR,fdb8945bd7922a97cc52ea4afac6c9a2,Henri Ste-Claire Déville - Paul Héroult,48.892663,2.172411,20,4,24,2026-02-17 14:02:31.980280,2026-02-17 14:02:31.980281
velib,Vélib' Métropole,Paris,FR,fdcbba11caa5aac14c82170c4f7ed791,Capitaine Glarner - Gabriel Péri,48.902449900418745,2.3304807533425724,21,4,25,2026-02-17 14:02:31.980283,2026-02-17 14:02:31.980283
velib,Vélib' Métropole,Paris,FR,fe1ad291f87856f4eee5cc101a44bffb,Joseph Sansboeuf - Saint Lazare,48.875315630653,2.3229019716382,28,4,32,2026-02-17 14:02:31.980285,2026-02-17 14:02:31.980286
velib,Vélib' Métropole,Paris,FR,fe296c930942ae6a13e8ad2e6ea013de,Chevaleret - Tolbiac,48.82941,2.375934,27,7,34,2026-02-17 14:02:31.980287,2026-02-17 14:02:31.980288
velib,Vélib' Métropole,Paris,FR,fe32e0ad9c89ce7fc006c1d73ece4baf,Les Juilliottes,48.8043072,2.4437362,10,11,21,2026-02-17 14:02:31.980289,2026-02-17 14:02:31.980290
velib,Vélib' Métropole,Paris,FR,fe416377651bc1716038b396302b77e0,Ambroise Rendu - Porte Brunet,48.883667,2.395733,2,15,17,2026-02-17 14:02:31.980295,2026-02-17 14:02:31.980296
velib,Vélib' Métropole,Paris,FR,fe5431d0976be760a51e34e21383f0f9,Félix Ziem - Armand Gauthier,48.88949630486821,2.333393658804396,4,21,25,2026-02-17 14:02:31.980297,2026-02-17 14:02:31.980298
velib,Vélib' Métropole,Paris,FR,fe560dae7ea818b32be511400844fcf1,Gravelle - Route du Bac,48.824407,2.418455,6,45,51,2026-02-17 14:02:31.980300,2026-02-17 14:02:31.980301
velib,Vélib' Métropole,Paris,FR,fe6481666c6964991af2fec0b5573fd3,Quai de l'Horloge - Pont Neuf,48.857058739111,2.3417982839439,12,5,17,2026-02-17 14:02:31.980302,2026-02-17 14:02:31.980303
velib,Vélib' Métropole,Paris,FR,feb8cedad39b2b7c9d8c28a811794553,Poissonniers - Nord,48.892511213520656,2.3522228747606277,2,25,27,2026-02-17 14:02:31.980304,2026-02-17 14:02:31.980305
velib,Vélib' Métropole,Paris,FR,fedd773a8de62773ded3ddc852efcd54,Choiseul - Quatre Septembre,48.869935533187,2.3359975218773,11,0,11,2026-02-17 14:02:31.980307,2026-02-17 14:02:31.980308
velib,Vélib' Métropole,Paris,FR,feddaa6b527125b9f2d1411daeef4c7c,Charles de Gaulle - Louis Philippe,48.881742142181,2.2710045335353,23,4,27,2026-02-17 14:02:31.980312,2026-02-17 14:02:31.980313
velib,Vélib' Métropole,Paris,FR,ff22697fcb655df134aa23e633587ca6,Ramponeau - Belleville,48.871031137596,2.379056852114,2,42,44,2026-02-17 14:02:31.980315,2026-02-17 14:02:31.980316
velib,Vélib' Métropole,Paris,FR,ff46201f44af4d230ddea5fc7b398081,Victor Hugo - Gare,48.923133952658,2.2600970417261,7,15,22,2026-02-17 14:02:31.980317,2026-02-17 14:02:31.980318
velib,Vélib' Métropole,Paris,FR,ff5784945b45f63f521652b45c800c34,Vincennes - François Debergue,48.857497590947,2.4375258284792,3,20,23,2026-02-17 14:02:31.980319,2026-02-17 14:02:31.980320
velib,Vélib' Métropole,Paris,FR,ff670cd94cced5c75e82e9e0c397c894,Belleville - Porte des Lilas,48.87660391892763,2.404769691129476,2,26,28,2026-02-17 14:02:31.980322,2026-02-17 14:02:31.980323
velib,Vélib' Métropole,Paris,FR,ff7997b9155b49ebda0f3e7ea20e4d89,Cassini - Denfert-Rochereau,48.837525839067,2.3360354080796,14,11,25,2026-02-17 14:02:31.980324,2026-02-17 14:02:31.980325
velib,Vélib' Métropole,Paris,FR,ff8b291ae855c29a6579af208df17b14,Place de la Division Leclerc,48.793824988636516,2.2731140430551027,0,34,34,2026-02-17 14:02:31.980330,2026-02-17 14:02:31.980331
velib,Vélib' Métropole,Paris,FR,ff940ba42c8bf5574398df20f01d14ae,Arche - Léonard de Vinci,48.89790972494496,2.2383723043644914,24,4,28,2026-02-17 14:02:31.980333,2026-02-17 14:02:31.980334
velib,Vélib' Métropole,Paris,FR,ffc8eb6339e82967b31553e07d65e1f1,Gabriel Péri - Place de la Libération,48.819828421929,2.3117361743705,3,15,18,2026-02-17 14:02:31.980335,2026-02-17 14:02:31.980336
velib,Vélib' Métropole,Paris,FR,ffebae556fb025e5425befa8f1a43308,Alexandre Parodi - Quai de Valmy,48.879359419425,2.3665961623192,1,23,24,2026-02-17 14:02:31.980338,2026-02-17 14:02:31.980339
